B2,strategy,interest,strategy_turn,interest_turn
20180527-123001_539_live,Call to Action,Neutral,0,0
20180527-123001_539_live,Non-persuasive Other,Neutral,1,1
20180527-123001_539_live,Fear Appeal,Neutral,2,2
20180527-123001_539_live,Appeal to Values,Neutral,3,3
20180527-123001_539_live,Credibility Appeal,Neutral,4,4
20180527-123001_539_live,Call to Action,Interested,6,6
20180527-123001_539_live,Self-feeling Appeal,Interested,7,7
20180527-123001_539_live,Framing,Neutral,8,8
20180527-123001_539_live,Rewarding Activity,Interested,9,9
20180527-210026_713_live,Charity Awareness Probe,Neutral,0,0
20180527-210026_713_live,Non-persuasive Other,Interested,1,1
20180527-210026_713_live,Rational Appeal,Neutral,2,2
20180527-210026_713_live,Rational Appeal,Neutral,3,3
20180527-210026_713_live,Empathy Appeal,Interested,4,4
20180527-210026_713_live,Logistics / Coordination,Neutral,6,6
20180527-210026_713_live,Non-persuasive Other,Neutral,7,7
20180527-210026_713_live,Framing,Neutral,8,8
20180527-210026_713_live,Framing,Interested,9,9
20180528-051652_449_live,Greeting / Rapport,Neutral,0,0
20180528-051652_449_live,Donation Baseline / Habit Probe,Interested,1,1
20180528-051652_449_live,Appeal to Values,Neutral,2,2
20180528-051652_449_live,Moral Appeal,Neutral,3,3
20180528-051652_449_live,Donation Baseline / Habit Probe,Interested,5,5
20180528-051652_449_live,Non-persuasive Other,Neutral,6,6
20180528-051652_449_live,Sympathy Appeal,Neutral,7,7
20180528-051652_449_live,Qualification / Segmentation,Interested,8,8
20180528-051652_449_live,Self-feeling Appeal,Neutral,9,9
20180717-200206_41_live,Charity Awareness Probe,Neutral,0,0
20180717-200206_41_live,Appeal to Values,Not Interested,1,1
20180717-200206_41_live,Empathy Appeal,Neutral,2,2
20180717-200206_41_live,Appeal to Values,Neutral,3,3
20180717-200206_41_live,Framing,Not Interested,5,5
20180717-200206_41_live,Appeal to Values,Neutral,6,6
20180717-200206_41_live,Empathy Appeal,Not Interested,7,7
20180717-200206_41_live,Rational Appeal,Not Interested,8,8
20180717-200206_41_live,Acknowledgement,Neutral,9,9
20180719-120436_413_live,Greeting / Rapport,Neutral,0,0
20180719-120436_413_live,Charity Awareness Probe,Neutral,1,1
20180719-120436_413_live,Rational Appeal,Neutral,2,2
20180719-120436_413_live,Moral Appeal,Neutral,3,3
20180719-120436_413_live,Moral Appeal,Neutral,5,5
20180719-120436_413_live,Rational Appeal,Interested,6,6
20180719-120436_413_live,Commitment and Consistency,Interested,7,7
20180719-120436_413_live,Foot-in-the-door,Not Interested,8,8
20180719-120436_413_live,Acknowledgement,Neutral,9,9
20180719-122534_38_live,Call to Action,Neutral,0,0
20180719-122534_38_live,Moral Appeal,Neutral,1,1
20180719-122534_38_live,Rational Appeal,Neutral,2,2
20180719-122534_38_live,Rational Appeal,Neutral,3,3
20180719-122534_38_live,Rational Appeal,Neutral,4,4
20180719-122534_38_live,Framing,Neutral,6,6
20180719-122534_38_live,Rewarding Activity,Neutral,7,7
20180719-122534_38_live,Non-persuasive Other,Interested,8,8
20180719-122534_38_live,Acknowledgement,Neutral,9,9
20180719-122534_38_live,Acknowledgement,Neutral,10,10
20180719-165941_192_live,Greeting / Rapport,Neutral,0,0
20180719-165941_192_live,Qualification / Segmentation,Neutral,1,1
20180719-165941_192_live,Non-persuasive Other,Neutral,2,2
20180719-165941_192_live,Rational Appeal,Neutral,3,3
20180719-165941_192_live,Commitment and Consistency,Interested,5,5
20180719-165941_192_live,Call to Action,Interested,6,6
20180719-165941_192_live,Acknowledgement,Neutral,7,7
20180719-165941_192_live,Appeal to Values,Neutral,8,8
20180719-165941_192_live,Moral Appeal,Neutral,9,9
20180719-175233_833_live,Greeting / Rapport,Neutral,0,0
20180719-175233_833_live,Qualification / Segmentation,Neutral,1,1
20180719-175233_833_live,Qualification / Segmentation,Neutral,2,2
20180719-175233_833_live,Qualification / Segmentation,Neutral,3,3
20180719-175233_833_live,Self-feeling Appeal,Neutral,5,5
20180719-175233_833_live,Activation of Personal Commitment,Neutral,6,6
20180719-175233_833_live,Call to Action,Interested,8,8
20180719-175233_833_live,Framing,Interested,9,9
20180719-181845_211_live,Greeting / Rapport,Neutral,0,0
20180719-181845_211_live,Greeting / Rapport,Neutral,1,1
20180719-181845_211_live,Donation Baseline / Habit Probe,Not Interested,2,2
20180719-181845_211_live,Storytelling,Neutral,3,3
20180719-181845_211_live,Storytelling,Neutral,4,4
20180719-181845_211_live,Call to Action,Interested,6,6
20180719-181845_211_live,Framing,Interested,7,7
20180719-181845_211_live,Social Proof,Neutral,8,8
20180719-181845_211_live,Framing,Interested,9,9
20180719-182453_233_live,Greeting / Rapport,Neutral,0,0
20180719-182453_233_live,Charity Awareness Probe,Neutral,1,1
20180719-182453_233_live,Framing,Neutral,2,2
20180719-182453_233_live,Rational Appeal,Neutral,3,3
20180719-182453_233_live,Logistics / Coordination,Neutral,6,6
20180719-182453_233_live,Logistics / Coordination,Neutral,7,7
20180719-182453_233_live,Non-persuasive Other,Neutral,8,8
20180719-182453_233_live,Conversation Closing,Neutral,9,9
20180719-200311_664_live,Greeting / Rapport,Neutral,0,0
20180719-200311_664_live,Greeting / Rapport,Neutral,1,1
20180719-200311_664_live,Non-persuasive Other,Neutral,2,2
20180719-200311_664_live,Greeting / Rapport,Neutral,3,3
20180719-200311_664_live,Charity Awareness Probe,Neutral,4,4
20180719-200311_664_live,Credibility Appeal,Neutral,6,6
20180719-200311_664_live,Framing,Neutral,7,7
20180719-200311_664_live,Logistics / Coordination,Neutral,8,8
20180719-200311_664_live,Framing,Interested,9,9
20180719-202443_897_live,Greeting / Rapport,Not Interested,0,0
20180719-202443_897_live,Permission / Time Check,Neutral,1,1
20180719-202443_897_live,Self-feeling Appeal,Interested,2,2
20180719-202443_897_live,Greeting / Rapport,Interested,3,3
20180719-202443_897_live,Charity Awareness Probe,Neutral,5,5
20180719-202443_897_live,Credibility Appeal,Neutral,6,6
20180719-202443_897_live,Empathy Appeal,Neutral,7,7
20180719-202443_897_live,Appeal to Values,Interested,8,8
20180719-202443_897_live,Social Proof,Interested,9,9
20180719-204358_391_live,Greeting / Rapport,Neutral,0,0
20180719-204358_391_live,Permission / Time Check,Neutral,1,1
20180719-204358_391_live,Qualification / Segmentation,Neutral,2,2
20180719-204358_391_live,Acknowledgement,Neutral,3,3
20180719-204358_391_live,Charity Awareness Probe,Neutral,5,5
20180719-204358_391_live,Credibility Appeal,Neutral,6,6
20180719-204358_391_live,Storytelling,Neutral,7,7
20180719-204358_391_live,Charity Awareness Probe,Interested,8,8
20180719-204358_391_live,Framing,Interested,9,9
20180719-210146_172_live,Greeting / Rapport,Not Interested,0,0
20180719-210146_172_live,Charity Awareness Probe,Neutral,1,1
20180719-210146_172_live,Acknowledgement,Neutral,2,2
20180719-210146_172_live,Non-persuasive Other,Neutral,3,3
20180719-210146_172_live,Call to Action,Interested,5,5
20180719-210146_172_live,Foot-in-the-door,Interested,6,6
20180719-210146_172_live,Moral Appeal,Interested,7,7
20180719-210146_172_live,Conversation Closing,Neutral,9,9
20180719-210149_80_live,Call to Action,Neutral,0,0
20180719-210149_80_live,Commitment and Consistency,Neutral,1,1
20180719-210149_80_live,Acknowledgement,Neutral,2,2
20180719-210149_80_live,Non-persuasive Other,Neutral,3,3
20180719-210149_80_live,Appeal to Values,Neutral,4,4
20180719-210149_80_live,Empathy Appeal,Interested,6,6
20180719-210149_80_live,Appeal to Values,Neutral,7,7
20180719-210149_80_live,Appeal to Values,Neutral,8,8
20180719-210149_80_live,Call to Action,Interested,9,9
20180719-211253_768_live,Greeting / Rapport,Neutral,0,0
20180719-211253_768_live,Permission / Time Check,Neutral,1,1
20180719-211253_768_live,Charity Awareness Probe,Neutral,2,2
20180719-211253_768_live,Empathy Appeal,Neutral,3,3
20180719-211253_768_live,Storytelling,Neutral,4,4
20180719-211253_768_live,Social Proof,Neutral,6,6
20180719-211253_768_live,Social Proof,Neutral,7,7
20180719-211253_768_live,Framing,Neutral,8,8
20180719-211253_768_live,Framing,Neutral,9,9
20180719-211301_463_live,Charity Awareness Probe,Neutral,0,0
20180719-211301_463_live,Appeal to Values,Neutral,1,1
20180719-211301_463_live,Storytelling,Interested,2,2
20180719-211301_463_live,Donation Baseline / Habit Probe,Neutral,3,3
20180719-211301_463_live,Call to Action,Interested,4,4
20180719-211301_463_live,Acknowledgement,Neutral,6,6
20180719-211301_463_live,Credibility Appeal,Interested,7,7
20180719-211301_463_live,Framing,Interested,8,8
20180719-211301_463_live,Acknowledgement,Neutral,9,9
20180719-211846_176_live,Greeting / Rapport,Neutral,0,0
20180719-211846_176_live,Moral Appeal,Neutral,1,1
20180719-211846_176_live,Credibility Appeal,Interested,2,2
20180719-211846_176_live,Moral Appeal,Neutral,3,3
20180719-211846_176_live,Social Proof,Interested,5,5
20180719-211846_176_live,Logistics / Coordination,Interested,6,6
20180719-211846_176_live,Call to Action,Neutral,7,7
20180719-211846_176_live,Conversation Closing,Interested,8,8
20180719-211846_176_live,Unity,Neutral,9,9
20180719-212219_934_live,Greeting / Rapport,Neutral,0,0
20180719-212219_934_live,Charity Awareness Probe,Neutral,1,1
20180719-212219_934_live,Donation Baseline / Habit Probe,Neutral,2,2
20180719-212219_934_live,Commitment and Consistency,Interested,3,3
20180719-212219_934_live,Call to Action,Interested,4,4
20180719-212219_934_live,Non-persuasive Other,Neutral,6,6
20180719-212219_934_live,Framing,Neutral,7,7
20180719-212219_934_live,Appeal to Values,Interested,8,8
20180719-212219_934_live,Acknowledgement,Neutral,10,10
20180719-213345_510_live,Credibility Appeal,Neutral,0,0
20180719-213345_510_live,Credibility Appeal,Interested,1,1
20180719-213345_510_live,Call to Action,Neutral,2,2
20180719-213345_510_live,Framing,Interested,3,3
20180719-213345_510_live,Credibility Appeal,Neutral,6,6
20180719-213345_510_live,Self-feeling Appeal,Neutral,7,7
20180719-213345_510_live,Call to Action,Neutral,8,8
20180719-213345_510_live,Call to Action,Interested,9,9
20180723-025150_733_live,Greeting / Rapport,Not Interested,0,0
20180723-025150_733_live,Donation Baseline / Habit Probe,Neutral,1,1
20180723-025150_733_live,Donation Baseline / Habit Probe,Neutral,2,2
20180723-025150_733_live,Charity Awareness Probe,Neutral,3,3
20180723-025150_733_live,Credibility Appeal,Neutral,5,5
20180723-025150_733_live,Qualification / Segmentation,Neutral,6,6
20180723-025150_733_live,Call to Action,Interested,7,7
20180723-025150_733_live,Logistics / Coordination,Neutral,8,8
20180723-025150_733_live,Framing,Interested,9,9
20180723-031022_254_live,Greeting / Rapport,Neutral,0,0
20180723-031022_254_live,Call to Action,Neutral,1,1
20180723-031022_254_live,Rational Appeal,Neutral,2,2
20180723-031022_254_live,Acknowledgement,Neutral,3,3
20180723-031022_254_live,Credibility Appeal,Neutral,5,5
20180723-031022_254_live,Framing,Interested,6,6
20180723-031022_254_live,Logistics / Coordination,Neutral,7,7
20180723-031022_254_live,Donation Baseline / Habit Probe,Interested,8,8
20180723-031022_254_live,Acknowledgement,Neutral,9,9
20180723-034109_263_live,Greeting / Rapport,Neutral,0,0
20180723-034109_263_live,Charity Awareness Probe,Neutral,1,1
20180723-034109_263_live,Empathy Appeal,Neutral,2,2
20180723-034109_263_live,Moral Appeal,Interested,3,3
20180723-034109_263_live,Framing,Interested,4,4
20180723-034109_263_live,Empathy Appeal,Neutral,6,6
20180723-034109_263_live,Fear Appeal,Interested,7,7
20180723-034109_263_live,Rational Appeal,Interested,8,8
20180723-034109_263_live,Donation Baseline / Habit Probe,Neutral,9,9
20180723-034109_263_live,Commitment and Consistency,Interested,10,10
20180723-034654_121_live,Greeting / Rapport,Not Interested,0,0
20180723-034654_121_live,Appeal to Values,Neutral,1,1
20180723-034654_121_live,Charity Awareness Probe,Neutral,2,2
20180723-034654_121_live,Credibility Appeal,Neutral,3,3
20180723-034654_121_live,Non-persuasive Other,Neutral,4,4
20180723-034654_121_live,Empathy Appeal,Neutral,6,6
20180723-034654_121_live,Moral Appeal,Interested,7,7
20180723-034654_121_live,Foot-in-the-door,Interested,8,8
20180723-034654_121_live,Acknowledgement,Interested,9,9
20180723-040634_575_live,Greeting / Rapport,Neutral,0,0
20180723-040634_575_live,Donation Baseline / Habit Probe,Neutral,1,1
20180723-040634_575_live,Empathy Appeal,Neutral,2,2
20180723-040634_575_live,Moral Appeal,Interested,3,3
20180723-040634_575_live,Framing,Interested,5,5
20180723-040634_575_live,Logistics / Coordination,Interested,6,6
20180723-040634_575_live,Framing,Interested,9,9
20180723-041117_988_live,Greeting / Rapport,Not Interested,0,0
20180723-041117_988_live,Greeting / Rapport,Not Interested,1,1
20180723-041117_988_live,Non-persuasive Other,Not Interested,2,2
20180723-041117_988_live,Social Proof,Interested,3,3
20180723-041117_988_live,Authority,Not Interested,4,4
20180723-041117_988_live,Credibility Appeal,Not Interested,6,6
20180723-041117_988_live,Acknowledgement,Not Interested,7,7
20180723-041117_988_live,Non-persuasive Other,Not Interested,8,8
20180723-041117_988_live,Logical Appeal,Interested,9,9
20180723-042226_724_live,Greeting / Rapport,Neutral,0,0
20180723-042226_724_live,Donation Baseline / Habit Probe,Interested,1,1
20180723-042226_724_live,Charity Awareness Probe,Interested,2,2
20180723-042226_724_live,Charity Awareness Probe,Interested,3,3
20180723-042226_724_live,Logical Appeal,Interested,4,4
20180723-042226_724_live,Storytelling,Interested,6,6
20180723-042226_724_live,Non-persuasive Other,Interested,7,7
20180723-042226_724_live,Call to Action,Interested,8,8
20180723-042226_724_live,Credibility Appeal,Interested,9,9
20180723-042226_724_live,Conversation Closing,Interested,10,10
20180723-042342_809_live,Charity Awareness Probe,Not Interested,0,0
20180723-042342_809_live,Credibility Appeal,Not Interested,1,1
20180723-042342_809_live,Credibility Appeal,Not Interested,2,2
20180723-042342_809_live,Credibility Appeal,Not Interested,3,3
20180723-042342_809_live,Credibility Appeal,Not Interested,4,4
20180723-042342_809_live,Guilt Induction,Not Interested,6,6
20180723-042342_809_live,Credibility Appeal,Not Interested,7,7
20180723-042342_809_live,Rational Appeal,Not Interested,8,8
20180723-042342_809_live,Credibility Appeal,Not Interested,9,9
20180723-042344_940_live,Donation Baseline / Habit Probe,Not Interested,0,0
20180723-042344_940_live,Framing,Neutral,1,1
20180723-042344_940_live,Charity Awareness Probe,Neutral,2,2
20180723-042344_940_live,Charity Awareness Probe,Interested,3,3
20180723-042344_940_live,Framing,Interested,5,5
20180723-042344_940_live,Moral Appeal,Neutral,6,6
20180723-042344_940_live,Acknowledgement,Interested,7,7
20180723-042344_940_live,Foot-in-the-door,Neutral,8,8
20180723-042344_940_live,Activation of Personal Commitment,Neutral,9,9
20180723-042421_113_live,Rational Appeal,Neutral,0,0
20180723-042421_113_live,Appeal to Values,Neutral,1,1
20180723-042421_113_live,Non-persuasive Other,Neutral,2,2
20180723-042421_113_live,Rational Appeal,Neutral,3,3
20180723-042421_113_live,Framing,Interested,5,5
20180723-042421_113_live,Appeal to Values,Interested,6,6
20180723-042421_113_live,Credibility Appeal,Interested,7,7
20180723-042421_113_live,Framing,Interested,8,8
20180723-042421_113_live,Commitment and Consistency,Interested,9,9
20180723-044617_32_live,Charity Awareness Probe,Neutral,0,0
20180723-044617_32_live,Rational Appeal,Neutral,1,1
20180723-044617_32_live,Rational Appeal,Neutral,2,2
20180723-044617_32_live,Empathy Appeal,Interested,3,3
20180723-044617_32_live,Self-feeling Appeal,Neutral,4,4
20180723-044617_32_live,Call to Action,Interested,6,6
20180723-044617_32_live,Logistics / Coordination,Neutral,7,7
20180723-044617_32_live,Logistics / Coordination,Neutral,9,9
20180723-052203_936_live,Greeting / Rapport,Not Interested,0,0
20180723-052203_936_live,Charity Awareness Probe,Neutral,1,1
20180723-052203_936_live,Emotional Appeal,Interested,2,2
20180723-052203_936_live,Rational Appeal,Interested,3,3
20180723-052203_936_live,Appeal to Values,Neutral,5,5
20180723-052203_936_live,Foot-in-the-door,Interested,6,6
20180723-052203_936_live,Empathy Appeal,Interested,7,7
20180723-052203_936_live,Framing,Neutral,8,8
20180723-052203_936_live,Social Positioning,Neutral,9,9
20180723-055038_776_live,Greeting / Rapport,Not Interested,0,0
20180723-055038_776_live,Call to Action,Interested,1,1
20180723-055038_776_live,Commitment and Consistency,Neutral,2,2
20180723-055038_776_live,Rational Appeal,Neutral,3,3
20180723-055038_776_live,Logistics / Coordination,Neutral,4,4
20180723-055038_776_live,Acknowledgement,Interested,6,6
20180723-055038_776_live,Conversation Closing,Neutral,7,7
20180723-055038_776_live,Conversation Closing,Interested,8,8
20180723-055038_776_live,Acknowledgement,Neutral,9,9
20180723-055038_776_live,Conversation Closing,Neutral,10,10
20180723-060959_447_live,Greeting / Rapport,Not Interested,0,0
20180723-060959_447_live,Permission / Time Check,Neutral,2,2
20180723-060959_447_live,Moral Appeal,Interested,3,3
20180723-060959_447_live,Rational Appeal,Interested,5,5
20180723-060959_447_live,Logistics / Coordination,Interested,6,6
20180723-060959_447_live,Framing,Interested,7,7
20180723-060959_447_live,Emotional Appeal,Interested,8,8
20180723-060959_447_live,Acknowledgement,Neutral,9,9
20180723-061928_535_live,Greeting / Rapport,Neutral,0,0
20180723-061928_535_live,Empathy Appeal,Interested,1,1
20180723-061928_535_live,Commitment and Consistency,Neutral,2,2
20180723-061928_535_live,Non-persuasive Other,Interested,3,3
20180723-061928_535_live,Storytelling,Interested,4,4
20180723-061928_535_live,Non-persuasive Other,Interested,6,6
20180723-061928_535_live,Appeal to Values,Neutral,7,7
20180723-061928_535_live,Non-persuasive Other,Neutral,8,8
20180723-062856_180_live,Donation Baseline / Habit Probe,Interested,0,0
20180723-062856_180_live,Donation Baseline / Habit Probe,Interested,1,1
20180723-062856_180_live,Charity Awareness Probe,Neutral,2,2
20180723-062856_180_live,Rational Appeal,Interested,3,3
20180723-062856_180_live,Appeal to Values,Neutral,4,4
20180723-062856_180_live,Rational Appeal,Neutral,6,6
20180723-062856_180_live,Empathy Appeal,Neutral,7,7
20180723-062856_180_live,Fear Appeal,Interested,8,8
20180723-062856_180_live,Commitment and Consistency,Interested,9,9
20180723-064603_378_live,Credibility Appeal,Neutral,0,0
20180723-064603_378_live,Rational Appeal,Neutral,1,1
20180723-064603_378_live,Credibility Appeal,Neutral,2,2
20180723-064603_378_live,Credibility Appeal,Neutral,3,3
20180723-064603_378_live,Rational Appeal,Neutral,5,5
20180723-064603_378_live,Rational Appeal,Neutral,6,6
20180723-064603_378_live,Moral Appeal,Not Interested,8,8
20180723-064603_378_live,Acknowledgement,Neutral,9,9
20180723-064816_188_live,Call to Action,Neutral,0,0
20180723-064816_188_live,Moral Appeal,Neutral,1,1
20180723-064816_188_live,Emotional Appeal,Neutral,2,2
20180723-064816_188_live,Call to Action,Neutral,3,3
20180723-064816_188_live,Credibility Appeal,Neutral,4,4
20180723-064816_188_live,Donation Baseline / Habit Probe,Neutral,6,6
20180723-064816_188_live,Credibility Appeal,Neutral,7,7
20180723-064816_188_live,Framing,Neutral,8,8
20180723-064816_188_live,Donation Baseline / Habit Probe,Not Interested,9,9
20180723-070336_48_live,Greeting / Rapport,Neutral,0,0
20180723-070336_48_live,Permission / Time Check,Neutral,1,1
20180723-070336_48_live,Empathy Appeal,Neutral,2,2
20180723-070336_48_live,Empathy Appeal,Neutral,3,3
20180723-070336_48_live,Non-persuasive Other,Neutral,5,5
20180723-070336_48_live,Rational Appeal,Neutral,6,6
20180723-070336_48_live,Framing,Not Interested,7,7
20180723-070336_48_live,Acknowledgement,Not Interested,8,8
20180723-070336_48_live,Credibility Appeal,Neutral,9,9
20180723-072435_196_live,Greeting / Rapport,Not Interested,0,0
20180723-072435_196_live,Permission / Time Check,Interested,1,1
20180723-072435_196_live,Charity Awareness Probe,Interested,2,2
20180723-072435_196_live,Non-persuasive Other,Interested,3,3
20180723-072435_196_live,Empathy Appeal,Neutral,5,5
20180723-072435_196_live,Moral Appeal,Neutral,6,6
20180723-072435_196_live,Rational Appeal,Interested,7,7
20180723-072435_196_live,Commitment and Consistency,Neutral,8,8
20180723-072435_196_live,Commitment and Consistency,Interested,9,9
20180723-073352_280_live,Charity Awareness Probe,Neutral,0,0
20180723-073352_280_live,Commitment and Consistency,Neutral,1,1
20180723-073352_280_live,Appeal to Values,Neutral,2,2
20180723-073352_280_live,Social Proof,Not Interested,3,3
20180723-073352_280_live,Guilt Induction,Neutral,4,4
20180723-073352_280_live,Social Proof,Interested,7,7
20180723-073352_280_live,Conversation Closing,Neutral,8,8
20180723-073352_280_live,Call to Action,Interested,9,9
20180723-073908_711_live,Greeting / Rapport,Neutral,0,0
20180723-073908_711_live,Charity Awareness Probe,Neutral,1,1
20180723-073908_711_live,Moral Appeal,Neutral,2,2
20180723-073908_711_live,Storytelling,Neutral,3,3
20180723-073908_711_live,Credibility Appeal,Neutral,5,5
20180723-073908_711_live,Call to Action,Interested,6,6
20180723-073908_711_live,Social Proof,Neutral,7,7
20180723-073908_711_live,Commitment and Consistency,Interested,8,8
20180723-073908_711_live,Acknowledgement,Neutral,9,9
20180723-074147_879_live,Greeting / Rapport,Neutral,0,0
20180723-074147_879_live,Acknowledgement,Neutral,1,1
20180723-074147_879_live,Permission / Time Check,Neutral,2,2
20180723-074147_879_live,Appeal to Values,Neutral,3,3
20180723-074147_879_live,Charity Awareness Probe,Neutral,5,5
20180723-074147_879_live,Non-persuasive Other,Neutral,6,6
20180723-074147_879_live,Non-persuasive Other,Neutral,8,8
20180723-074147_879_live,Charity Awareness Probe,Neutral,9,9
20180723-075339_567_live,Greeting / Rapport,Not Interested,0,0
20180723-075339_567_live,Charity Awareness Probe,Interested,1,1
20180723-075339_567_live,Moral Appeal,Neutral,2,2
20180723-075339_567_live,Appeal to Values,Interested,3,3
20180723-075339_567_live,Emotional Appeal,Interested,5,5
20180723-075339_567_live,Framing,Interested,6,6
20180723-075339_567_live,Credibility Appeal,Neutral,7,7
20180723-075339_567_live,Acknowledgement,Neutral,8,8
20180723-075339_567_live,Self-feeling Appeal,Neutral,9,9
20180723-080158_200_live,Greeting / Rapport,Neutral,0,0
20180723-080158_200_live,Permission / Time Check,Neutral,1,1
20180723-080158_200_live,Empathy Appeal,Neutral,2,2
20180723-080158_200_live,Empathy Appeal,Neutral,3,3
20180723-080158_200_live,Unity,Neutral,5,5
20180723-080158_200_live,Appeal to Values,Neutral,6,6
20180723-080158_200_live,Non-persuasive Other,Neutral,7,7
20180723-080158_200_live,Framing,Not Interested,8,8
20180723-080158_200_live,Acknowledgement,Neutral,9,9
20180723-080248_452_live,Greeting / Rapport,Neutral,0,0
20180723-080248_452_live,Permission / Time Check,Interested,1,1
20180723-080248_452_live,Charity Awareness Probe,Neutral,2,2
20180723-080248_452_live,Moral Appeal,Interested,3,3
20180723-080248_452_live,Storytelling,Neutral,5,5
20180723-080248_452_live,Credibility Appeal,Neutral,6,6
20180723-080248_452_live,Permission / Time Check,Interested,7,7
20180723-080248_452_live,Credibility Appeal,Interested,8,8
20180723-080248_452_live,Framing,Neutral,9,9
20180723-082451_335_live,Greeting / Rapport,Neutral,0,0
20180723-082451_335_live,Permission / Time Check,Neutral,1,1
20180723-082451_335_live,Rational Appeal,Neutral,2,2
20180723-082451_335_live,Framing,Neutral,3,3
20180723-082451_335_live,Rational Appeal,Neutral,5,5
20180723-082451_335_live,Credibility Appeal,Neutral,6,6
20180723-082451_335_live,Guilt Induction,Interested,7,7
20180723-082451_335_live,Foot-in-the-door,Interested,8,8
20180723-082451_335_live,Acknowledgement,Neutral,9,9
20180723-085449_363_live,Greeting / Rapport,Neutral,0,0
20180723-085449_363_live,Charity Awareness Probe,Neutral,1,1
20180723-085449_363_live,Moral Appeal,Interested,2,2
20180723-085449_363_live,Sympathy Appeal,Neutral,3,3
20180723-085449_363_live,Moral Appeal,Interested,4,4
20180723-085449_363_live,Commitment and Consistency,Neutral,7,7
20180723-085449_363_live,Non-persuasive Other,Neutral,8,8
20180723-085449_363_live,Call to Action,Interested,9,9
20180723-085449_363_live,Commitment and Consistency,Neutral,10,10
20180723-091102_738_live,Greeting / Rapport,Neutral,0,0
20180723-091102_738_live,Greeting / Rapport,Neutral,1,1
20180723-091102_738_live,Moral Appeal,Neutral,2,2
20180723-091102_738_live,Charity Awareness Probe,Neutral,3,3
20180723-091102_738_live,Credibility Appeal,Interested,4,4
20180723-091102_738_live,Framing,Interested,6,6
20180723-091102_738_live,Credibility Appeal,Neutral,7,7
20180723-091102_738_live,Call to Action,Neutral,8,8
20180723-091102_738_live,Logistics / Coordination,Neutral,9,9
20180723-091419_371_live,Charity Awareness Probe,Not Interested,0,0
20180723-091419_371_live,Non-persuasive Other,Neutral,1,1
20180723-091419_371_live,Moral Appeal,Interested,2,2
20180723-091419_371_live,Framing,Interested,3,3
20180723-091419_371_live,Appeal to Values,Neutral,5,5
20180723-091419_371_live,Social Proof,Not Interested,6,6
20180723-091419_371_live,Credibility Appeal,Neutral,7,7
20180723-091419_371_live,Acknowledgement,Interested,8,8
20180723-091419_371_live,Acknowledgement,Interested,9,9
20180723-091508_49_live,Call to Action,Interested,0,0
20180723-091508_49_live,Foot-in-the-door,Interested,1,1
20180723-091508_49_live,Logistics / Coordination,Neutral,2,2
20180723-091508_49_live,Rational Appeal,Neutral,3,3
20180723-091508_49_live,Acknowledgement,Neutral,5,5
20180723-091508_49_live,Conversation Closing,Neutral,6,6
20180723-091508_49_live,Greeting / Rapport,Neutral,7,7
20180723-091508_49_live,Acknowledgement,Neutral,8,8
20180723-091508_49_live,Acknowledgement,Neutral,9,9
20180723-093434_153_live,Greeting / Rapport,Neutral,0,0
20180723-093434_153_live,Greeting / Rapport,Neutral,1,1
20180723-093434_153_live,Greeting / Rapport,Interested,2,2
20180723-093434_153_live,Call to Action,Interested,3,3
20180723-093434_153_live,Credibility Appeal,Interested,4,4
20180723-093434_153_live,Framing,Neutral,6,6
20180723-093434_153_live,Moral Appeal,Neutral,7,7
20180723-093434_153_live,Empathy Appeal,Interested,8,8
20180723-093434_153_live,Activation of Personal Commitment,Not Interested,9,9
20180723-093509_578_live,Charity Awareness Probe,Not Interested,0,0
20180723-093509_578_live,Qualification / Segmentation,Not Interested,1,1
20180723-093509_578_live,Credibility Appeal,Not Interested,2,2
20180723-093509_578_live,Donation Baseline / Habit Probe,Interested,3,3
20180723-093509_578_live,Rewarding Activity,Not Interested,4,4
20180723-093509_578_live,Charity Awareness Probe,Interested,6,6
20180723-093509_578_live,Credibility Appeal,Not Interested,7,7
20180723-093509_578_live,Empathy Appeal,Interested,8,8
20180723-094026_937_live,Greeting / Rapport,Not Interested,0,0
20180723-094026_937_live,Greeting / Rapport,Not Interested,1,1
20180723-094026_937_live,Greeting / Rapport,Not Interested,2,2
20180723-094026_937_live,Donation Baseline / Habit Probe,Interested,3,3
20180723-094026_937_live,Donation Baseline / Habit Probe,Neutral,5,5
20180723-094026_937_live,Non-persuasive Other,Interested,6,6
20180723-094026_937_live,Donation Baseline / Habit Probe,Interested,7,7
20180723-094026_937_live,Acknowledgement,Neutral,8,8
20180723-094026_937_live,Appeal to Values,Interested,9,9
20180723-094242_630_live,Greeting / Rapport,Neutral,0,0
20180723-094242_630_live,Charity Awareness Probe,Neutral,1,1
20180723-094242_630_live,Non-persuasive Other,Neutral,2,2
20180723-094242_630_live,Appeal to Values,Neutral,3,3
20180723-094242_630_live,Empathy Appeal,Neutral,5,5
20180723-094242_630_live,Credibility Appeal,Neutral,6,6
20180723-094242_630_live,Rational Appeal,Neutral,7,7
20180723-094242_630_live,Empathy Appeal,Neutral,8,8
20180723-094242_630_live,Appeal to Values,Neutral,9,9
20180723-100140_767_live,Empathy Appeal,Neutral,0,0
20180723-100140_767_live,Empathy Appeal,Neutral,1,1
20180723-100140_767_live,Storytelling,Neutral,2,2
20180723-100140_767_live,Empathy Appeal,Neutral,3,3
20180723-100140_767_live,Framing,Interested,5,5
20180723-100140_767_live,Activation of Personal Commitment,Interested,6,6
20180723-100140_767_live,Self-feeling Appeal,Interested,7,7
20180723-100140_767_live,Framing,Interested,8,8
20180723-100140_767_live,Conversation Closing,Neutral,9,9
20180723-100855_385_live,Charity Awareness Probe,Neutral,0,0
20180723-100855_385_live,Non-persuasive Other,Neutral,1,1
20180723-100855_385_live,Credibility Appeal,Interested,2,2
20180723-100855_385_live,Activation of Personal Commitment,Neutral,3,3
20180723-100855_385_live,Social Proof,Interested,5,5
20180723-100855_385_live,Framing,Neutral,6,6
20180723-100855_385_live,Call to Action,Not Interested,7,7
20180723-100855_385_live,Rational Appeal,Interested,8,8
20180723-100855_385_live,Commitment and Consistency,Neutral,9,9
20180723-101530_805_live,Greeting / Rapport,Not Interested,0,0
20180723-101530_805_live,Acknowledgement,Not Interested,1,1
20180723-101530_805_live,Greeting / Rapport,Not Interested,2,2
20180723-101530_805_live,Permission / Time Check,Not Interested,3,3
20180723-101530_805_live,Charity Awareness Probe,Not Interested,5,5
20180723-101530_805_live,Charity Awareness Probe,Not Interested,6,6
20180723-101530_805_live,Rational Appeal,Not Interested,7,7
20180723-101530_805_live,Non-persuasive Other,Not Interested,8,8
20180723-101530_805_live,Call to Action,Interested,9,9
20180723-103902_895_live,Charity Awareness Probe,Interested,0,0
20180723-103902_895_live,Non-persuasive Other,Neutral,1,1
20180723-103902_895_live,Logistics / Coordination,Neutral,2,2
20180723-103902_895_live,Logistics / Coordination,Neutral,3,3
20180723-103902_895_live,Moral Appeal,Neutral,4,4
20180723-103902_895_live,Rational Appeal,Neutral,6,6
20180723-103902_895_live,Donation Baseline / Habit Probe,Interested,7,7
20180723-103902_895_live,Acknowledgement,Neutral,8,8
20180723-103902_895_live,Call to Action,Interested,9,9
20180723-105210_403_live,Call to Action,Interested,0,0
20180723-105210_403_live,Framing,Interested,1,1
20180723-105210_403_live,Credibility Appeal,Neutral,2,2
20180723-105210_403_live,Empathy Appeal,Neutral,3,3
20180723-105210_403_live,Moral Appeal,Interested,5,5
20180723-105210_403_live,Reciprocity,Interested,6,6
20180723-105210_403_live,Rewarding Activity,Interested,7,7
20180723-105210_403_live,Non-persuasive Other,Neutral,8,8
20180723-105210_403_live,Acknowledgement,Interested,9,9
20180723-112016_503_live,Greeting / Rapport,Neutral,0,0
20180723-112016_503_live,Charity Awareness Probe,Neutral,1,1
20180723-112016_503_live,Credibility Appeal,Neutral,2,2
20180723-112016_503_live,Framing,Neutral,3,3
20180723-112016_503_live,Framing,Neutral,5,5
20180723-112016_503_live,Framing,Neutral,6,6
20180723-112016_503_live,Social Proof,Neutral,7,7
20180723-112016_503_live,Rational Appeal,Interested,8,8
20180723-112016_503_live,Logistics / Coordination,Neutral,9,9
20180723-113128_856_live,Charity Awareness Probe,Neutral,0,0
20180723-113128_856_live,Charity Awareness Probe,Neutral,1,1
20180723-113128_856_live,Credibility Appeal,Neutral,2,2
20180723-113128_856_live,Credibility Appeal,Neutral,3,3
20180723-113128_856_live,Rational Appeal,Neutral,4,4
20180723-113128_856_live,Logistics / Coordination,Interested,6,6
20180723-113128_856_live,Logistics / Coordination,Neutral,7,7
20180723-113128_856_live,Framing,Interested,8,8
20180723-113128_856_live,Framing,Interested,9,9
20180723-113700_19_live,Greeting / Rapport,Neutral,0,0
20180723-113700_19_live,Charity Awareness Probe,Neutral,1,1
20180723-113700_19_live,Appeal to Values,Interested,2,2
20180723-113700_19_live,Social Proof,Interested,3,3
20180723-113700_19_live,Logistics / Coordination,Interested,4,4
20180723-113700_19_live,Moral Appeal,Neutral,6,6
20180723-113700_19_live,Logistics / Coordination,Interested,7,7
20180723-113700_19_live,Logistics / Coordination,Neutral,8,8
20180723-113700_19_live,Permission / Time Check,Interested,9,9
20180723-114415_254_live,Donation Baseline / Habit Probe,Interested,0,0
20180723-114415_254_live,Charity Awareness Probe,Neutral,1,1
20180723-114415_254_live,Donation Baseline / Habit Probe,Interested,2,2
20180723-114415_254_live,Donation Baseline / Habit Probe,Interested,3,3
20180723-114415_254_live,Commitment and Consistency,Interested,5,5
20180723-114415_254_live,Donation Baseline / Habit Probe,Interested,6,6
20180723-114415_254_live,Commitment and Consistency,Interested,7,7
20180723-114415_254_live,Framing,Interested,8,8
20180723-114415_254_live,Urgency,Interested,9,9
20180723-120745_544_live,Greeting / Rapport,Neutral,0,0
20180723-120745_544_live,Call to Action,Not Interested,1,1
20180723-120745_544_live,Acknowledgement,Neutral,2,2
20180723-120745_544_live,Acknowledgement,Neutral,3,3
20180723-120745_544_live,Non-persuasive Other,Neutral,6,6
20180723-120745_544_live,Acknowledgement,Neutral,7,7
20180723-120745_544_live,Social Proof,Neutral,8,8
20180723-120746_371_live,Call to Action,Neutral,0,0
20180723-120746_371_live,Appeal to Values,Neutral,1,1
20180723-120746_371_live,Credibility Appeal,Neutral,2,2
20180723-120746_371_live,Social Proof,Interested,3,3
20180723-120746_371_live,Logistics / Coordination,Interested,5,5
20180723-120746_371_live,Logistics / Coordination,Neutral,6,6
20180723-120746_371_live,Acknowledgement,Neutral,7,7
20180723-120746_371_live,Credibility Appeal,Neutral,8,8
20180723-120746_371_live,Non-persuasive Other,Interested,9,9
20180723-121545_265_live,Greeting / Rapport,Neutral,0,0
20180723-121545_265_live,Rational Appeal,Neutral,1,1
20180723-121545_265_live,Sympathy Appeal,Neutral,2,2
20180723-121545_265_live,Credibility Appeal,Neutral,3,3
20180723-121545_265_live,Call to Action,Interested,4,4
20180723-121545_265_live,Commitment and Consistency,Neutral,6,6
20180723-121545_265_live,Appeal to Values,Neutral,7,7
20180723-121545_265_live,Logistics / Coordination,Neutral,8,8
20180723-121545_265_live,Acknowledgement,Neutral,9,9
20180723-122005_335_live,Charity Awareness Probe,Neutral,0,0
20180723-122005_335_live,Greeting / Rapport,Neutral,1,1
20180723-122005_335_live,Rational Appeal,Neutral,2,2
20180723-122005_335_live,Credibility Appeal,Not Interested,3,3
20180723-122005_335_live,Credibility Appeal,Neutral,5,5
20180723-122005_335_live,Non-persuasive Other,Neutral,6,6
20180723-122005_335_live,Framing,Neutral,7,7
20180723-122005_335_live,Rational Appeal,Neutral,8,8
20180723-122005_335_live,Permission / Time Check,Neutral,9,9
20180807-012950_732_live,Greeting / Rapport,Neutral,0,0
20180807-012950_732_live,Greeting / Rapport,Neutral,1,1
20180807-012950_732_live,Acknowledgement,Neutral,2,2
20180807-012950_732_live,Acknowledgement,Neutral,3,3
20180807-012950_732_live,Non-persuasive Other,Neutral,4,4
20180807-012950_732_live,Logistics / Coordination,Interested,6,6
20180807-012950_732_live,Self-feeling Appeal,Interested,7,7
20180807-012950_732_live,Rational Appeal,Not Interested,9,9
20180807-032253_379_live,Greeting / Rapport,Neutral,0,0
20180807-032253_379_live,Non-persuasive Other,Neutral,1,1
20180807-032253_379_live,Credibility Appeal,Neutral,2,2
20180807-032253_379_live,Logistics / Coordination,Interested,3,3
20180807-032253_379_live,Social Proof,Neutral,4,4
20180807-032253_379_live,Rational Appeal,Neutral,6,6
20180807-032253_379_live,Sympathy Appeal,Interested,7,7
20180807-032253_379_live,Rational Appeal,Interested,8,8
20180807-032253_379_live,Logistics / Coordination,Neutral,10,10
20180807-033103_193_live,Greeting / Rapport,Neutral,0,0
20180807-033103_193_live,Greeting / Rapport,Neutral,1,1
20180807-033103_193_live,Liking,Interested,2,2
20180807-033103_193_live,Commitment and Consistency,Interested,3,3
20180807-033103_193_live,Appeal to Values,Neutral,5,5
20180807-033103_193_live,Acknowledgement,Neutral,6,6
20180807-033103_193_live,Reciprocity,Interested,9,9
20180807-033356_731_live,Rational Appeal,Neutral,0,0
20180807-033356_731_live,Moral Appeal,Interested,1,1
20180807-033356_731_live,Commitment and Consistency,Interested,2,2
20180807-033356_731_live,Acknowledgement,Neutral,3,3
20180807-033356_731_live,Acknowledgement,Interested,5,5
20180807-033356_731_live,Acknowledgement,Neutral,6,6
20180807-033356_731_live,Logistics / Coordination,Neutral,7,7
20180807-033356_731_live,Acknowledgement,Neutral,8,8
20180807-033356_731_live,Logistics / Coordination,Neutral,9,9
20180807-034050_594_live,Greeting / Rapport,Not Interested,0,0
20180807-034050_594_live,Charity Awareness Probe,Interested,1,1
20180807-034050_594_live,Appeal to Values,Interested,2,2
20180807-034050_594_live,Framing,Neutral,3,3
20180807-034050_594_live,Logistics / Coordination,Neutral,5,5
20180807-034050_594_live,Donation Baseline / Habit Probe,Interested,6,6
20180807-034050_594_live,Acknowledgement,Neutral,7,7
20180807-034050_594_live,Conversation Closing,Neutral,8,8
20180807-034050_594_live,Conversation Closing,Neutral,9,9
20180807-034917_827_live,Greeting / Rapport,Neutral,0,0
20180807-034917_827_live,Non-persuasive Other,Neutral,1,1
20180807-034917_827_live,Non-persuasive Other,Neutral,2,2
20180807-034917_827_live,Moral Appeal,Neutral,3,3
20180807-034917_827_live,Credibility Appeal,Neutral,5,5
20180807-034917_827_live,Storytelling,Neutral,6,6
20180807-034917_827_live,Fear Appeal,Neutral,7,7
20180807-034917_827_live,Framing,Neutral,8,8
20180807-034917_827_live,Appeal to Values,Interested,9,9
20180807-035644_415_live,Greeting / Rapport,Not Interested,0,0
20180807-035644_415_live,Credibility Appeal,Neutral,1,1
20180807-035644_415_live,Appeal to Values,Neutral,2,2
20180807-035644_415_live,Non-persuasive Other,Neutral,3,3
20180807-035644_415_live,Acknowledgement,Neutral,5,5
20180807-035644_415_live,Framing,Interested,6,6
20180807-035644_415_live,Non-persuasive Other,Interested,7,7
20180807-035644_415_live,Non-persuasive Other,Neutral,8,8
20180807-035644_415_live,Acknowledgement,Neutral,9,9
20180807-045213_750_live,Greeting / Rapport,Neutral,0,0
20180807-045213_750_live,Appeal to Values,Neutral,1,1
20180807-045213_750_live,Framing,Neutral,2,2
20180807-045213_750_live,Moral Appeal,Neutral,3,3
20180807-045213_750_live,Donation Baseline / Habit Probe,Neutral,4,4
20180807-045213_750_live,Charity Awareness Probe,Not Interested,6,6
20180807-045213_750_live,Empathy Appeal,Not Interested,7,7
20180807-045213_750_live,Moral Appeal,Not Interested,8,8
20180807-045213_750_live,Guilt Induction,Not Interested,9,9
20180807-045213_750_live,Guilt Induction,Not Interested,10,10
20180807-045406_433_live,Moral Appeal,Neutral,0,0
20180807-045406_433_live,Commitment and Consistency,Interested,1,1
20180807-045406_433_live,Foot-in-the-door,Neutral,2,2
20180807-045406_433_live,Non-persuasive Other,Neutral,3,3
20180807-045406_433_live,Non-persuasive Other,Neutral,5,5
20180807-045406_433_live,Debt,Not Interested,6,6
20180807-045406_433_live,Debt,Interested,7,7
20180807-045406_433_live,Logistics / Coordination,Neutral,8,8
20180807-045406_433_live,Acknowledgement,Neutral,9,9
20180807-052301_924_live,Greeting / Rapport,Neutral,0,0
20180807-052301_924_live,Fear Appeal,Neutral,1,1
20180807-052301_924_live,Commitment and Consistency,Neutral,2,2
20180807-052301_924_live,Rational Appeal,Neutral,3,3
20180807-052301_924_live,Credibility Appeal,Neutral,5,5
20180807-052301_924_live,Appeal to Values,Neutral,6,6
20180807-052301_924_live,Rational Appeal,Interested,7,7
20180807-052301_924_live,Commitment and Consistency,Interested,8,8
20180807-052301_924_live,Acknowledgement,Neutral,9,9
20180807-052510_771_live,Greeting / Rapport,Neutral,0,0
20180807-052510_771_live,Greeting / Rapport,Neutral,1,1
20180807-052510_771_live,Empathy Appeal,Neutral,2,2
20180807-052510_771_live,Non-persuasive Other,Neutral,3,3
20180807-052510_771_live,Acknowledgement,Interested,5,5
20180807-052510_771_live,Acknowledgement,Neutral,6,6
20180807-052510_771_live,Acknowledgement,Neutral,7,7
20180807-052510_771_live,Acknowledgement,Neutral,8,8
20180807-052536_131_live,Greeting / Rapport,Neutral,0,0
20180807-052536_131_live,Moral Appeal,Not Interested,1,1
20180807-052536_131_live,Moral Appeal,Not Interested,2,2
20180807-052536_131_live,Appeal to Values,Not Interested,3,3
20180807-052536_131_live,Guilt Induction,Not Interested,4,4
20180807-052536_131_live,Logical Appeal,Not Interested,6,6
20180807-052536_131_live,Framing,Not Interested,7,7
20180807-052536_131_live,Empathy Appeal,Not Interested,8,8
20180807-052536_131_live,Moral Appeal,Not Interested,9,9
20180807-054926_223_live,Greeting / Rapport,Neutral,0,0
20180807-054926_223_live,Charity Awareness Probe,Neutral,1,1
20180807-054926_223_live,Non-persuasive Other,Neutral,2,2
20180807-054926_223_live,Storytelling,Neutral,3,3
20180807-054926_223_live,Credibility Appeal,Neutral,5,5
20180807-054926_223_live,Rational Appeal,Neutral,6,6
20180807-054926_223_live,Call to Action,Neutral,7,7
20180807-054926_223_live,Framing,Neutral,8,8
20180807-054926_223_live,Acknowledgement,Neutral,9,9
20180807-060826_638_live,Greeting / Rapport,Neutral,0,0
20180807-060826_638_live,Charity Awareness Probe,Interested,1,1
20180807-060826_638_live,Charity Awareness Probe,Interested,2,2
20180807-060826_638_live,Charity Awareness Probe,Neutral,3,3
20180807-060826_638_live,Appeal to Values,Interested,5,5
20180807-060826_638_live,Commitment and Consistency,Interested,6,6
20180807-060826_638_live,Storytelling,Neutral,7,7
20180807-060826_638_live,Framing,Interested,8,8
20180807-060826_638_live,Call to Action,Not Interested,9,9
20180807-070049_381_live,Greeting / Rapport,Interested,0,0
20180807-070049_381_live,Appeal to Values,Neutral,1,1
20180807-070049_381_live,Rational Appeal,Neutral,2,2
20180807-070049_381_live,Credibility Appeal,Not Interested,3,3
20180807-070049_381_live,Guilt Induction,Neutral,4,4
20180807-070049_381_live,Logical Appeal,Not Interested,6,6
20180807-070049_381_live,Rational Appeal,Interested,7,7
20180807-070049_381_live,Rational Appeal,Not Interested,8,8
20180807-070049_381_live,Door-in-the-face,Interested,9,9
20180807-070744_909_live,Greeting / Rapport,Not Interested,0,0
20180807-070744_909_live,Charity Awareness Probe,Neutral,1,1
20180807-070744_909_live,Framing,Neutral,2,2
20180807-070744_909_live,Rational Appeal,Neutral,3,3
20180807-070744_909_live,Non-persuasive Other,Neutral,4,4
20180807-070744_909_live,Commitment and Consistency,Neutral,6,6
20180807-070744_909_live,Commitment and Consistency,Interested,7,7
20180807-070744_909_live,Charity Awareness Probe,Neutral,8,8
20180807-070744_909_live,Non-persuasive Other,Neutral,9,9
20180807-081912_387_live,Greeting / Rapport,Not Interested,0,0
20180807-081912_387_live,Greeting / Rapport,Interested,1,1
20180807-081912_387_live,Acknowledgement,Interested,2,2
20180807-081912_387_live,Moral Appeal,Interested,3,3
20180807-081912_387_live,Moral Appeal,Interested,6,6
20180807-081912_387_live,Acknowledgement,Interested,7,7
20180807-081912_387_live,Framing,Interested,8,8
20180807-081912_387_live,Commitment and Consistency,Interested,9,9
20180807-094907_712_live,Charity Awareness Probe,Neutral,0,0
20180807-094907_712_live,Credibility Appeal,Neutral,1,1
20180807-094907_712_live,Empathy Appeal,Neutral,2,2
20180807-094907_712_live,Call to Action,Neutral,3,3
20180807-094907_712_live,Moral Appeal,Interested,5,5
20180807-094907_712_live,Urgency,Interested,6,6
20180807-094907_712_live,Acknowledgement,Neutral,7,7
20180807-094907_712_live,Rational Appeal,Neutral,8,8
20180807-094907_712_live,Self-feeling Appeal,Interested,9,9
20180807-101812_237_live,Greeting / Rapport,Not Interested,0,0
20180807-101812_237_live,Greeting / Rapport,Neutral,1,1
20180807-101812_237_live,Reciprocity,Interested,2,2
20180807-101812_237_live,Rational Appeal,Neutral,3,3
20180807-101812_237_live,Acknowledgement,Neutral,5,5
20180807-101812_237_live,Credibility Appeal,Neutral,6,6
20180807-101812_237_live,Moral Appeal,Neutral,7,7
20180807-101812_237_live,Call to Action,Interested,8,8
20180807-101812_237_live,Rational Appeal,Neutral,9,9
20180807-103432_350_live,Greeting / Rapport,Neutral,0,0
20180807-103432_350_live,Social Proof,Neutral,1,1
20180807-103432_350_live,Social Proof,Neutral,2,2
20180807-103432_350_live,Fear Appeal,Not Interested,3,3
20180807-103432_350_live,Social Proof,Not Interested,4,4
20180807-103432_350_live,Empathy Appeal,Not Interested,5,5
20180807-103432_350_live,Social Proof,Not Interested,7,7
20180807-103432_350_live,Credibility Appeal,Not Interested,8,8
20180807-103432_350_live,Moral Appeal,Not Interested,9,9
20180807-103432_350_live,Self-feeling Appeal,Not Interested,10,10
20180807-103432_350_live,Social Proof,Not Interested,11,11
20180807-110023_918_live,Call to Action,Neutral,0,0
20180807-110023_918_live,Moral Appeal,Neutral,1,1
20180807-110023_918_live,Appeal to Values,Neutral,2,2
20180807-110023_918_live,Acknowledgement,Neutral,3,3
20180807-110023_918_live,Non-persuasive Other,Neutral,4,4
20180807-110023_918_live,Framing,Not Interested,5,5
20180807-110023_918_live,Call to Action,Not Interested,7,7
20180807-110023_918_live,Rewarding Activity,Not Interested,8,8
20180807-110023_918_live,Fear Appeal,Neutral,9,9
20180807-110023_918_live,Threat,Neutral,10,10
20180807-110023_918_live,Reciprocity,Interested,11,11
20180807-114219_318_live,Greeting / Rapport,Not Interested,0,0
20180807-114219_318_live,Greeting / Rapport,Neutral,1,1
20180807-114219_318_live,Non-persuasive Other,Neutral,2,2
20180807-114219_318_live,Acknowledgement,Neutral,3,3
20180807-114219_318_live,Permission / Time Check,Neutral,4,4
20180807-114219_318_live,Moral Appeal,Interested,6,6
20180807-114219_318_live,Logistics / Coordination,Neutral,7,7
20180807-114219_318_live,Non-persuasive Other,Interested,8,8
20180807-114219_318_live,Social Proof,Interested,9,9
20180807-114219_318_live,Acknowledgement,Interested,10,10
20180807-114503_772_live,Greeting / Rapport,Neutral,0,0
20180807-114503_772_live,Permission / Time Check,Interested,1,1
20180807-114503_772_live,Appeal to Values,Neutral,2,2
20180807-114503_772_live,Call to Action,Not Interested,3,3
20180807-114503_772_live,Moral Appeal,Neutral,4,4
20180807-114503_772_live,Moral Appeal,Neutral,6,6
20180807-114503_772_live,Guilt Induction,Neutral,7,7
20180807-114503_772_live,Guilt Induction,Neutral,8,8
20180807-114503_772_live,Moral Appeal,Not Interested,9,9
20180807-114750_102_live,Call to Action,Neutral,0,0
20180807-114750_102_live,Rational Appeal,Neutral,1,1
20180807-114750_102_live,Rational Appeal,Neutral,2,2
20180807-114750_102_live,Acknowledgement,Neutral,3,3
20180807-114750_102_live,Credibility Appeal,Neutral,5,5
20180807-114750_102_live,Credibility Appeal,Interested,6,6
20180807-114750_102_live,Logistics / Coordination,Neutral,7,7
20180807-114750_102_live,Framing,Interested,8,8
20180807-114750_102_live,Framing,Not Interested,9,9
20180807-120710_327_live,Greeting / Rapport,Neutral,0,0
20180807-120710_327_live,Greeting / Rapport,Neutral,1,1
20180807-120710_327_live,Greeting / Rapport,Neutral,2,2
20180807-120710_327_live,Greeting / Rapport,Neutral,3,3
20180807-120710_327_live,Charity Awareness Probe,Neutral,4,4
20180807-120710_327_live,Qualification / Segmentation,Neutral,6,6
20180807-120710_327_live,Appeal to Values,Neutral,7,7
20180807-120710_327_live,Call to Action,Neutral,8,8
20180807-120710_327_live,Threat,Neutral,9,9
20180807-120710_327_live,Urgency,Neutral,10,10
20180807-120949_23_live,Greeting / Rapport,Neutral,0,0
20180807-120949_23_live,Charity Awareness Probe,Neutral,1,1
20180807-120949_23_live,Credibility Appeal,Neutral,2,2
20180807-120949_23_live,Qualification / Segmentation,Neutral,3,3
20180807-120949_23_live,Credibility Appeal,Neutral,4,4
20180807-120949_23_live,Framing,Interested,6,6
20180807-120949_23_live,Social Proof,Interested,7,7
20180807-120949_23_live,Framing,Interested,8,8
20180807-120949_23_live,Logistics / Coordination,Interested,9,9
20180807-193534_716_live,Greeting / Rapport,Not Interested,0,0
20180807-193534_716_live,Guilt Induction,Neutral,1,1
20180807-193534_716_live,Appeal to Values,Neutral,2,2
20180807-193534_716_live,Self-feeling Appeal,Neutral,3,3
20180807-193534_716_live,Framing,Interested,5,5
20180807-193534_716_live,Call to Action,Interested,6,6
20180807-193534_716_live,Rational Appeal,Interested,7,7
20180807-193534_716_live,Acknowledgement,Interested,8,8
20180807-193534_716_live,Conversation Closing,Neutral,9,9
20180807-200337_482_live,Greeting / Rapport,Neutral,0,0
20180807-200337_482_live,Greeting / Rapport,Neutral,1,1
20180807-200337_482_live,Charity Awareness Probe,Neutral,2,2
20180807-200337_482_live,Non-persuasive Other,Neutral,3,3
20180807-200337_482_live,Call to Action,Neutral,4,4
20180807-200337_482_live,Logistics / Coordination,Neutral,6,6
20180807-200337_482_live,Non-persuasive Other,Neutral,7,7
20180807-200337_482_live,Credibility Appeal,Neutral,8,8
20180807-200337_482_live,Moral Appeal,Neutral,9,9
20180807-203024_672_live,Greeting / Rapport,Neutral,0,0
20180807-203024_672_live,Call to Action,Neutral,1,1
20180807-203024_672_live,Credibility Appeal,Interested,2,2
20180807-203024_672_live,Call to Action,Neutral,3,3
20180807-203024_672_live,Credibility Appeal,Neutral,5,5
20180807-203024_672_live,Social Proof,Neutral,6,6
20180807-203024_672_live,Donation Baseline / Habit Probe,Neutral,7,7
20180807-203024_672_live,Framing,Neutral,8,8
20180807-203024_672_live,Acknowledgement,Neutral,9,9
20180807-204441_24_live,Greeting / Rapport,Not Interested,0,0
20180807-204441_24_live,Non-persuasive Other,Neutral,1,1
20180807-204441_24_live,Qualification / Segmentation,Neutral,2,2
20180807-204441_24_live,Non-persuasive Other,Neutral,3,3
20180807-204441_24_live,Acknowledgement,Neutral,5,5
20180807-204441_24_live,Framing,Interested,6,6
20180807-204441_24_live,Commitment and Consistency,Interested,7,7
20180807-204441_24_live,Non-persuasive Other,Interested,8,8
20180807-204441_24_live,Conversation Closing,Neutral,9,9
20180807-210436_738_live,Permission / Time Check,Neutral,0,0
20180807-210436_738_live,Moral Appeal,Neutral,1,1
20180807-210436_738_live,Non-persuasive Other,Neutral,2,2
20180807-210436_738_live,Rational Appeal,Neutral,3,3
20180807-210436_738_live,Rational Appeal,Interested,4,4
20180807-210436_738_live,Non-persuasive Other,Neutral,6,6
20180807-210436_738_live,Rational Appeal,Neutral,7,7
20180807-210436_738_live,Rewarding Activity,Neutral,8,8
20180807-210436_738_live,Acknowledgement,Interested,9,9
20180807-210743_128_live,Greeting / Rapport,Not Interested,0,0
20180807-210743_128_live,Charity Awareness Probe,Neutral,1,1
20180807-210743_128_live,Charity Awareness Probe,Neutral,2,2
20180807-210743_128_live,Empathy Appeal,Interested,3,3
20180807-210743_128_live,Framing,Interested,4,4
20180807-210743_128_live,Logistics / Coordination,Neutral,7,7
20180807-210743_128_live,Logistics / Coordination,Neutral,8,8
20180807-210743_128_live,Acknowledgement,Interested,9,9
20180807-212225_748_live,Greeting / Rapport,Neutral,0,0
20180807-212225_748_live,Greeting / Rapport,Neutral,1,1
20180807-212225_748_live,Appeal to Values,Neutral,2,2
20180807-212225_748_live,Credibility Appeal,Interested,3,3
20180807-212225_748_live,Moral Appeal,Interested,5,5
20180807-212225_748_live,Framing,Interested,6,6
20180807-212225_748_live,Logistics / Coordination,Neutral,7,7
20180807-212225_748_live,Logistics / Coordination,Neutral,8,8
20180807-212225_748_live,Acknowledgement,Interested,9,9
20180807-213738_534_live,Charity Awareness Probe,Neutral,0,0
20180807-213738_534_live,Charity Awareness Probe,Neutral,1,1
20180807-213738_534_live,Appeal to Values,Neutral,2,2
20180807-213738_534_live,Empathy Appeal,Neutral,3,3
20180807-213738_534_live,Credibility Appeal,Neutral,4,4
20180807-213738_534_live,Call to Action,Interested,6,6
20180807-213738_534_live,Call to Action,Interested,7,7
20180807-213738_534_live,Acknowledgement,Neutral,8,8
20180807-213738_534_live,Framing,Not Interested,9,9
20180807-224801_326_live,Moral Appeal,Neutral,0,0
20180807-224801_326_live,Moral Appeal,Neutral,1,1
20180807-224801_326_live,Framing,Interested,2,2
20180807-224801_326_live,Self-feeling Appeal,Interested,3,3
20180807-224801_326_live,Appeal to Values,Neutral,5,5
20180807-224801_326_live,Self-feeling Appeal,Neutral,6,6
20180807-224801_326_live,Donation Baseline / Habit Probe,Interested,7,7
20180807-224801_326_live,Call to Action,Interested,8,8
20180807-224801_326_live,Acknowledgement,Neutral,9,9
20180807-230112_344_live,Charity Awareness Probe,Neutral,0,0
20180807-230112_344_live,Non-persuasive Other,Neutral,1,1
20180807-230112_344_live,Charity Awareness Probe,Neutral,2,2
20180807-230112_344_live,Rational Appeal,Neutral,3,3
20180807-230112_344_live,Call to Action,Interested,4,4
20180807-230112_344_live,Logistics / Coordination,Interested,6,6
20180807-230112_344_live,Acknowledgement,Interested,7,7
20180807-230112_344_live,Logistics / Coordination,Interested,8,8
20180807-230112_344_live,Non-persuasive Other,Neutral,9,9
20180807-232845_932_live,Greeting / Rapport,Neutral,0,0
20180807-232845_932_live,Permission / Time Check,Neutral,1,1
20180807-232845_932_live,Rational Appeal,Interested,3,3
20180807-232845_932_live,Rewarding Activity,Interested,5,5
20180807-232845_932_live,Rational Appeal,Interested,6,6
20180807-232845_932_live,Logistics / Coordination,Neutral,7,7
20180807-232845_932_live,Rewarding Activity,Neutral,8,8
20180807-232845_932_live,Acknowledgement,Interested,9,9
20180808-001810_178_live,Greeting / Rapport,Neutral,0,0
20180808-001810_178_live,Charity Awareness Probe,Neutral,1,1
20180808-001810_178_live,Empathy Appeal,Neutral,2,2
20180808-001810_178_live,Social Proof,Interested,3,3
20180808-001810_178_live,Activation of Personal Commitment,Interested,5,5
20180808-001810_178_live,Framing,Interested,6,6
20180808-001810_178_live,Acknowledgement,Neutral,7,7
20180808-001810_178_live,Appeal to Values,Neutral,8,8
20180808-001810_178_live,Conversation Closing,Neutral,9,9
20180808-004203_194_live,Greeting / Rapport,Neutral,0,0
20180808-004203_194_live,Appeal to Values,Neutral,1,1
20180808-004203_194_live,Appeal to Values,Interested,2,2
20180808-004203_194_live,Moral Appeal,Neutral,3,3
20180808-004203_194_live,Rational Appeal,Interested,4,4
20180808-004203_194_live,Pre-giving,Neutral,6,6
20180808-004203_194_live,Credibility Appeal,Neutral,7,7
20180808-004203_194_live,Acknowledgement,Neutral,8,8
20180808-004203_194_live,Non-persuasive Other,Interested,9,9
20180808-005248_38_live,Greeting / Rapport,Neutral,0,0
20180808-005248_38_live,Qualification / Segmentation,Neutral,1,1
20180808-005248_38_live,Greeting / Rapport,Neutral,2,2
20180808-005248_38_live,Charity Awareness Probe,Neutral,3,3
20180808-005248_38_live,Charity Awareness Probe,Neutral,4,4
20180808-005248_38_live,Charity Awareness Probe,Not Interested,5,5
20180808-005248_38_live,Appeal to Values,Neutral,7,7
20180808-005248_38_live,Non-persuasive Other,Neutral,8,8
20180808-005248_38_live,Logistics / Coordination,Neutral,9,9
20180808-005248_38_live,Non-persuasive Other,Neutral,10,10
20180808-005248_38_live,Acknowledgement,Neutral,11,11
20180808-011341_389_live,Greeting / Rapport,Neutral,0,0
20180808-011341_389_live,Storytelling,Neutral,1,1
20180808-011341_389_live,Authority,Neutral,2,2
20180808-011341_389_live,Appeal to Values,Neutral,3,3
20180808-011341_389_live,Call to Action,Neutral,4,4
20180808-011341_389_live,Call to Action,Interested,5,5
20180808-011341_389_live,Reciprocity,Interested,6,6
20180808-011341_389_live,Storytelling,Interested,8,8
20180808-011341_389_live,Acknowledgement,Neutral,10,10
20180808-011341_389_live,Conversation Closing,Neutral,11,11
20180808-011341_389_live,Conversation Closing,Neutral,12,12
20180808-011341_389_live,Conversation Closing,Neutral,14,14
20180808-011921_673_live,Greeting / Rapport,Not Interested,0,0
20180808-011921_673_live,Charity Awareness Probe,Not Interested,1,1
20180808-011921_673_live,Rational Appeal,Interested,2,2
20180808-011921_673_live,Empathy Appeal,Neutral,3,3
20180808-011921_673_live,Emotional Appeal,Interested,5,5
20180808-011921_673_live,Social Proof,Interested,6,6
20180808-011921_673_live,Framing,Neutral,7,7
20180808-011921_673_live,Rational Appeal,Neutral,8,8
20180808-011921_673_live,Conversation Closing,Not Interested,9,9
20180808-013755_350_live,Greeting / Rapport,Neutral,0,0
20180808-013755_350_live,Donation Baseline / Habit Probe,Neutral,1,1
20180808-013755_350_live,Charity Awareness Probe,Not Interested,2,2
20180808-013755_350_live,Appeal to Values,Neutral,3,3
20180808-013755_350_live,Charity Awareness Probe,Neutral,4,4
20180808-013755_350_live,Logical Appeal,Neutral,6,6
20180808-013755_350_live,Logistics / Coordination,Neutral,7,7
20180808-013755_350_live,Rational Appeal,Neutral,8,8
20180808-013755_350_live,Framing,Interested,10,10
20180808-015530_429_live,Greeting / Rapport,Interested,0,0
20180808-015530_429_live,Appeal to Values,Neutral,1,1
20180808-015530_429_live,Framing,Interested,2,2
20180808-015530_429_live,Rational Appeal,Interested,3,3
20180808-015530_429_live,Framing,Neutral,5,5
20180808-015530_429_live,Empathy Appeal,Interested,6,6
20180808-015530_429_live,Credibility Appeal,Interested,7,7
20180808-015530_429_live,Moral Appeal,Neutral,8,8
20180808-015530_429_live,Conversation Closing,Neutral,9,9
20180808-015735_783_live,Greeting / Rapport,Neutral,0,0
20180808-015735_783_live,Greeting / Rapport,Neutral,1,1
20180808-015735_783_live,Charity Awareness Probe,Neutral,2,2
20180808-015735_783_live,Qualification / Segmentation,Interested,3,3
20180808-015735_783_live,Greeting / Rapport,Interested,4,4
20180808-015735_783_live,Sympathy Appeal,Neutral,6,6
20180808-015735_783_live,Appeal to Values,Interested,7,7
20180808-015735_783_live,Appeal to Values,Neutral,8,8
20180808-015735_783_live,Empathy Appeal,Interested,9,9
20180808-015735_783_live,Storytelling,Interested,10,10
20180808-015735_783_live,Conversation Closing,Neutral,11,11
20180808-020257_457_live,Greeting / Rapport,Neutral,0,0
20180808-020257_457_live,Charity Awareness Probe,Interested,1,1
20180808-020257_457_live,Charity Awareness Probe,Neutral,2,2
20180808-020257_457_live,Credibility Appeal,Neutral,3,3
20180808-020257_457_live,Empathy Appeal,Neutral,5,5
20180808-020257_457_live,Framing,Interested,6,6
20180808-020257_457_live,Appeal to Values,Neutral,7,7
20180808-020257_457_live,Moral Appeal,Neutral,8,8
20180808-020257_457_live,Conversation Closing,Neutral,9,9
20180808-021732_428_live,Greeting / Rapport,Neutral,0,0
20180808-021732_428_live,Emotional Appeal,Neutral,1,1
20180808-021732_428_live,Greeting / Rapport,Neutral,2,2
20180808-021732_428_live,Charity Awareness Probe,Neutral,3,3
20180808-021732_428_live,Storytelling,Interested,5,5
20180808-021732_428_live,Call to Action,Interested,6,6
20180808-021732_428_live,Commitment and Consistency,Interested,7,7
20180808-021732_428_live,Rational Appeal,Interested,8,8
20180808-021732_428_live,Rational Appeal,Neutral,9,9
20180808-022005_838_live,Greeting / Rapport,Not Interested,0,0
20180808-022005_838_live,Permission / Time Check,Neutral,1,1
20180808-022005_838_live,Appeal to Values,Interested,2,2
20180808-022005_838_live,Credibility Appeal,Neutral,3,3
20180808-022005_838_live,Moral Appeal,Interested,5,5
20180808-022005_838_live,Acknowledgement,Neutral,6,6
20180808-022005_838_live,Acknowledgement,Neutral,7,7
20180808-022005_838_live,Acknowledgement,Neutral,8,8
20180808-022005_838_live,Conversation Closing,Neutral,9,9
20180808-022730_384_live,Greeting / Rapport,Not Interested,0,0
20180808-022730_384_live,Storytelling,Neutral,1,1
20180808-022730_384_live,Guilt Induction,Neutral,2,2
20180808-022730_384_live,Moral Appeal,Neutral,3,3
20180808-022730_384_live,Call to Action,Interested,4,4
20180808-022730_384_live,Rational Appeal,Neutral,6,6
20180808-022730_384_live,Social Proof,Interested,8,8
20180808-022730_384_live,Framing,Neutral,9,9
20180808-024552_152_live,Greeting / Rapport,Neutral,0,0
20180808-024552_152_live,Charity Awareness Probe,Neutral,1,1
20180808-024552_152_live,Credibility Appeal,Neutral,2,2
20180808-024552_152_live,Fear Appeal,Neutral,3,3
20180808-024552_152_live,Rational Appeal,Neutral,4,4
20180808-024552_152_live,Framing,Neutral,6,6
20180808-024552_152_live,Rational Appeal,Neutral,7,7
20180808-024552_152_live,Credibility Appeal,Neutral,8,8
20180808-024552_152_live,Credibility Appeal,Not Interested,9,9
20180808-030338_328_live,Charity Awareness Probe,Not Interested,0,0
20180808-030338_328_live,Credibility Appeal,Neutral,1,1
20180808-030338_328_live,Rational Appeal,Neutral,2,2
20180808-030338_328_live,Rational Appeal,Neutral,3,3
20180808-030338_328_live,Rational Appeal,Neutral,4,4
20180808-030338_328_live,Rational Appeal,Neutral,6,6
20180808-030338_328_live,Social Proof,Neutral,7,7
20180808-030338_328_live,Rational Appeal,Neutral,8,8
20180808-030338_328_live,Social Proof,Interested,9,9
20180808-030454_242_live,Greeting / Rapport,Neutral,0,0
20180808-030454_242_live,Charity Awareness Probe,Interested,1,1
20180808-030454_242_live,Empathy Appeal,Interested,2,2
20180808-030454_242_live,Rational Appeal,Interested,3,3
20180808-030454_242_live,Credibility Appeal,Interested,4,4
20180808-030454_242_live,Framing,Interested,6,6
20180808-030454_242_live,Call to Action,Interested,7,7
20180808-030454_242_live,Framing,Interested,8,8
20180808-030454_242_live,Credibility Appeal,Interested,9,9
20180808-032041_562_live,Charity Awareness Probe,Neutral,0,0
20180808-032041_562_live,Moral Appeal,Neutral,1,1
20180808-032041_562_live,Donation Baseline / Habit Probe,Neutral,2,2
20180808-032041_562_live,Call to Action,Interested,3,3
20180808-032041_562_live,Social Proof,Interested,6,6
20180808-032041_562_live,Non-persuasive Other,Neutral,7,7
20180808-032041_562_live,Appeal to Values,Neutral,8,8
20180808-032041_562_live,Acknowledgement,Neutral,9,9
20180808-032124_114_live,Framing,Not Interested,0,0
20180808-032124_114_live,Rational Appeal,Not Interested,1,1
20180808-032124_114_live,Rational Appeal,Not Interested,2,2
20180808-032124_114_live,Fear Appeal,Neutral,3,3
20180808-032124_114_live,Framing,Not Interested,5,5
20180808-032124_114_live,Guilt Induction,Not Interested,6,6
20180808-032124_114_live,Appeal to Values,Not Interested,7,7
20180808-032124_114_live,Credibility Appeal,Not Interested,8,8
20180808-032124_114_live,Donation Baseline / Habit Probe,Not Interested,9,9
20180808-032354_369_live,Empathy Appeal,Neutral,0,0
20180808-032354_369_live,Guilt Induction,Neutral,1,1
20180808-032354_369_live,Activation of Personal Commitment,Interested,2,2
20180808-032354_369_live,Social Proof,Neutral,3,3
20180808-032354_369_live,Rational Appeal,Neutral,4,4
20180808-032354_369_live,Rational Appeal,Not Interested,6,6
20180808-032354_369_live,Rational Appeal,Neutral,7,7
20180808-032354_369_live,Rational Appeal,Neutral,8,8
20180808-032354_369_live,Logistics / Coordination,Neutral,9,9
20180808-032545_201_live,Greeting / Rapport,Neutral,0,0
20180808-032545_201_live,Charity Awareness Probe,Neutral,1,1
20180808-032545_201_live,Credibility Appeal,Neutral,2,2
20180808-032545_201_live,Non-persuasive Other,Neutral,3,3
20180808-032545_201_live,Credibility Appeal,Neutral,5,5
20180808-032545_201_live,Credibility Appeal,Neutral,6,6
20180808-032545_201_live,Framing,Interested,7,7
20180808-032545_201_live,Call to Action,Interested,8,8
20180808-032545_201_live,Logistics / Coordination,Interested,9,9
20180808-033451_555_live,Charity Awareness Probe,Neutral,0,0
20180808-033451_555_live,Empathy Appeal,Neutral,1,1
20180808-033451_555_live,Charity Awareness Probe,Neutral,2,2
20180808-033451_555_live,Donation Baseline / Habit Probe,Interested,3,3
20180808-033451_555_live,Non-persuasive Other,Neutral,5,5
20180808-033451_555_live,Framing,Interested,6,6
20180808-033451_555_live,Self-feeling Appeal,Neutral,7,7
20180808-033451_555_live,Acknowledgement,Neutral,8,8
20180808-033451_555_live,Commitment and Consistency,Neutral,9,9
20180808-034352_717_live,Greeting / Rapport,Neutral,0,0
20180808-034352_717_live,Greeting / Rapport,Neutral,1,1
20180808-034352_717_live,Greeting / Rapport,Neutral,2,2
20180808-034352_717_live,Charity Awareness Probe,Neutral,3,3
20180808-034352_717_live,Fear Appeal,Neutral,5,5
20180808-034352_717_live,Call to Action,Interested,6,6
20180808-034352_717_live,Acknowledgement,Neutral,7,7
20180808-034352_717_live,Credibility Appeal,Neutral,8,8
20180808-034352_717_live,Conversation Closing,Neutral,9,9
20180808-034448_815_live,Charity Awareness Probe,Not Interested,0,0
20180808-034448_815_live,Empathy Appeal,Not Interested,1,1
20180808-034448_815_live,Appeal to Values,Interested,2,2
20180808-034448_815_live,Greeting / Rapport,Neutral,3,3
20180808-034448_815_live,Acknowledgement,Neutral,6,6
20180808-034448_815_live,Credibility Appeal,Neutral,7,7
20180808-034448_815_live,Credibility Appeal,Neutral,8,8
20180808-034448_815_live,Charity Awareness Probe,Neutral,9,9
20180808-035431_488_live,Greeting / Rapport,Neutral,0,0
20180808-035431_488_live,Non-persuasive Other,Interested,1,1
20180808-035431_488_live,Credibility Appeal,Neutral,2,2
20180808-035431_488_live,Credibility Appeal,Interested,3,3
20180808-035431_488_live,Social Proof,Neutral,5,5
20180808-035431_488_live,Credibility Appeal,Neutral,6,6
20180808-035431_488_live,Framing,Interested,8,8
20180808-035431_488_live,Commitment and Consistency,Interested,9,9
20180808-035715_390_live,Greeting / Rapport,Neutral,0,0
20180808-035715_390_live,Qualification / Segmentation,Neutral,1,1
20180808-035715_390_live,Acknowledgement,Interested,2,2
20180808-035715_390_live,Credibility Appeal,Interested,3,3
20180808-035715_390_live,Logistics / Coordination,Neutral,5,5
20180808-035715_390_live,Framing,Interested,6,6
20180808-035715_390_live,Moral Appeal,Interested,7,7
20180808-035715_390_live,Moral Appeal,Neutral,8,8
20180808-035715_390_live,Framing,Interested,9,9
20180808-040435_931_live,Greeting / Rapport,Neutral,0,0
20180808-040435_931_live,Acknowledgement,Neutral,1,1
20180808-040435_931_live,Appeal to Values,Neutral,2,2
20180808-040435_931_live,Non-persuasive Other,Neutral,3,3
20180808-040435_931_live,Rational Appeal,Neutral,4,4
20180808-040435_931_live,Non-persuasive Other,Neutral,6,6
20180808-040435_931_live,Call to Action,Neutral,7,7
20180808-040435_931_live,Framing,Neutral,8,8
20180808-040435_931_live,Call to Action,Interested,9,9
20180808-040435_931_live,Appeal to Values,Not Interested,10,10
20180808-042339_620_live,Charity Awareness Probe,Neutral,0,0
20180808-042339_620_live,Empathy Appeal,Neutral,1,1
20180808-042339_620_live,Framing,Neutral,2,2
20180808-042339_620_live,Framing,Neutral,3,3
20180808-042339_620_live,Call to Action,Interested,5,5
20180808-042339_620_live,Framing,Interested,6,6
20180808-042339_620_live,Commitment and Consistency,Interested,7,7
20180808-042339_620_live,Framing,Interested,8,8
20180808-042339_620_live,Empathy Appeal,Neutral,9,9
20180808-043445_804_live,Greeting / Rapport,Neutral,0,0
20180808-043445_804_live,Charity Awareness Probe,Neutral,1,1
20180808-043445_804_live,Rational Appeal,Neutral,2,2
20180808-043445_804_live,Appeal to Values,Neutral,3,3
20180808-043445_804_live,Social Proof,Neutral,4,4
20180808-043445_804_live,Credibility Appeal,Neutral,6,6
20180808-043445_804_live,Social Proof,Neutral,8,8
20180808-043445_804_live,Greeting / Rapport,Neutral,9,9
20180808-043445_804_live,Conversation Closing,Neutral,10,10
20180808-045404_162_live,Charity Awareness Probe,Interested,0,0
20180808-045404_162_live,Charity Awareness Probe,Neutral,1,1
20180808-045404_162_live,Appeal to Values,Interested,2,2
20180808-045404_162_live,Call to Action,Interested,3,3
20180808-045404_162_live,Rational Appeal,Neutral,5,5
20180808-045404_162_live,Moral Appeal,Neutral,6,6
20180808-045404_162_live,Emotional Appeal,Neutral,7,7
20180808-045404_162_live,Donation Baseline / Habit Probe,Neutral,8,8
20180808-045404_162_live,Rational Appeal,Neutral,9,9
20180808-050533_601_live,Appeal to Values,Neutral,0,0
20180808-050533_601_live,Guilt Induction,Neutral,1,1
20180808-050533_601_live,Moral Appeal,Neutral,2,2
20180808-050533_601_live,Credibility Appeal,Neutral,3,3
20180808-050533_601_live,Loss Aversion Appeal,Neutral,4,4
20180808-050533_601_live,Framing,Neutral,6,6
20180808-050533_601_live,Emotional Appeal,Neutral,7,7
20180808-050533_601_live,Framing,Neutral,8,8
20180808-050533_601_live,Call to Action,Not Interested,9,9
20180808-052501_689_live,Call to Action,Neutral,0,0
20180808-052501_689_live,Storytelling,Neutral,1,1
20180808-052501_689_live,Framing,Interested,2,2
20180808-052501_689_live,Call to Action,Interested,3,3
20180808-052501_689_live,Appeal to Values,Interested,5,5
20180808-052501_689_live,Empathy Appeal,Neutral,6,6
20180808-052501_689_live,Qualification / Segmentation,Neutral,7,7
20180808-052501_689_live,Moral Appeal,Neutral,8,8
20180808-052501_689_live,Acknowledgement,Neutral,9,9
20180808-061420_905_live,Greeting / Rapport,Neutral,0,0
20180808-061420_905_live,Charity Awareness Probe,Interested,1,1
20180808-061420_905_live,Charity Awareness Probe,Neutral,2,2
20180808-061420_905_live,Activation of Personal Commitment,Interested,3,3
20180808-061420_905_live,Rational Appeal,Interested,5,5
20180808-061420_905_live,Acknowledgement,Interested,6,6
20180808-061420_905_live,Charity Awareness Probe,Neutral,7,7
20180808-061420_905_live,Rational Appeal,Neutral,8,8
20180808-061420_905_live,Conversation Closing,Interested,9,9
20180808-062753_12_live,Greeting / Rapport,Neutral,0,0
20180808-062753_12_live,Moral Appeal,Neutral,1,1
20180808-062753_12_live,Emotional Appeal,Neutral,2,2
20180808-062753_12_live,Fear Appeal,Neutral,3,3
20180808-062753_12_live,Call to Action,Neutral,5,5
20180808-062753_12_live,Rational Appeal,Interested,6,6
20180808-062753_12_live,Commitment and Consistency,Interested,7,7
20180808-062753_12_live,Acknowledgement,Neutral,8,8
20180808-062753_12_live,Logistics / Coordination,Neutral,9,9
20180808-063034_444_live,Greeting / Rapport,Neutral,0,0
20180808-063034_444_live,Greeting / Rapport,Neutral,1,1
20180808-063034_444_live,Greeting / Rapport,Neutral,2,2
20180808-063034_444_live,Greeting / Rapport,Neutral,3,3
20180808-063034_444_live,Framing,Not Interested,5,5
20180808-063034_444_live,Appeal to Values,Neutral,6,6
20180808-063034_444_live,Non-persuasive Other,Not Interested,7,7
20180808-063034_444_live,Guilt Induction,Neutral,8,8
20180808-063034_444_live,Storytelling,Interested,9,9
20180808-064212_144_live,Appeal to Values,Neutral,0,0
20180808-064212_144_live,Appeal to Values,Neutral,1,1
20180808-064212_144_live,Rational Appeal,Neutral,2,2
20180808-064212_144_live,Credibility Appeal,Neutral,3,3
20180808-064212_144_live,Credibility Appeal,Interested,5,5
20180808-064212_144_live,Rational Appeal,Neutral,6,6
20180808-064212_144_live,Social Proof,Interested,7,7
20180808-064212_144_live,Emotional Appeal,Neutral,8,8
20180808-064212_144_live,Acknowledgement,Neutral,9,9
20180808-064649_236_live,Greeting / Rapport,Neutral,0,0
20180808-064649_236_live,Empathy Appeal,Interested,1,1
20180808-064649_236_live,Charity Awareness Probe,Interested,2,2
20180808-064649_236_live,Credibility Appeal,Interested,3,3
20180808-064649_236_live,Rational Appeal,Interested,5,5
20180808-064649_236_live,Acknowledgement,Interested,6,6
20180808-064649_236_live,Acknowledgement,Interested,7,7
20180808-064649_236_live,Non-persuasive Other,Interested,8,8
20180808-064649_236_live,Social Proof,Interested,9,9
20180808-065307_529_live,Greeting / Rapport,Not Interested,0,0
20180808-065307_529_live,Greeting / Rapport,Neutral,1,1
20180808-065307_529_live,Charity Awareness Probe,Neutral,2,2
20180808-065307_529_live,Rational Appeal,Neutral,3,3
20180808-065307_529_live,Credibility Appeal,Neutral,5,5
20180808-065307_529_live,Credibility Appeal,Neutral,6,6
20180808-065307_529_live,Donation Baseline / Habit Probe,Not Interested,7,7
20180808-065307_529_live,Guilt Induction,Not Interested,8,8
20180808-065307_529_live,Conversation Closing,Neutral,9,9
20180808-070517_921_live,Charity Awareness Probe,Interested,0,0
20180808-070517_921_live,Rational Appeal,Interested,1,1
20180808-070517_921_live,Donation Baseline / Habit Probe,Interested,2,2
20180808-070517_921_live,Appeal to Values,Neutral,3,3
20180808-070517_921_live,Donation Baseline / Habit Probe,Interested,5,5
20180808-070517_921_live,Rewarding Activity,Interested,6,6
20180808-070517_921_live,Rewarding Activity,Neutral,7,7
20180808-070517_921_live,Commitment and Consistency,Interested,8,8
20180808-070517_921_live,Call to Action,Interested,9,9
20180808-073516_16_live,Greeting / Rapport,Neutral,0,0
20180808-073516_16_live,Fear Appeal,Interested,1,1
20180808-073516_16_live,Guilt Induction,Interested,3,3
20180808-073516_16_live,Charity Awareness Probe,Interested,5,5
20180808-073516_16_live,Emotional Appeal,Interested,6,6
20180808-073516_16_live,Framing,Interested,7,7
20180808-073516_16_live,Call to Action,Interested,8,8
20180808-073516_16_live,Activation of Personal Commitment,Neutral,9,9
20180808-073746_228_live,Greeting / Rapport,Neutral,0,0
20180808-073746_228_live,Non-persuasive Other,Neutral,1,1
20180808-073746_228_live,Empathy Appeal,Neutral,2,2
20180808-073746_228_live,Credibility Appeal,Neutral,3,3
20180808-073746_228_live,Logistics / Coordination,Neutral,5,5
20180808-073746_228_live,Acknowledgement,Neutral,6,6
20180808-073746_228_live,Non-persuasive Other,Neutral,7,7
20180808-073746_228_live,Non-persuasive Other,Neutral,8,8
20180808-073746_228_live,Reciprocity,Neutral,9,9
20180808-074917_388_live,Greeting / Rapport,Not Interested,0,0
20180808-074917_388_live,Charity Awareness Probe,Neutral,1,1
20180808-074917_388_live,Greeting / Rapport,Neutral,2,2
20180808-074917_388_live,Credibility Appeal,Neutral,3,3
20180808-074917_388_live,Credibility Appeal,Neutral,4,4
20180808-074917_388_live,Appeal to Values,Interested,6,6
20180808-074917_388_live,Non-persuasive Other,Neutral,7,7
20180808-074917_388_live,Donation Baseline / Habit Probe,Neutral,8,8
20180808-074917_388_live,Framing,Interested,9,9
20180808-075748_956_live,Greeting / Rapport,Not Interested,0,0
20180808-075748_956_live,Call to Action,Neutral,1,1
20180808-075748_956_live,Empathy Appeal,Interested,2,2
20180808-075748_956_live,Framing,Interested,3,3
20180808-075748_956_live,Reciprocity,Interested,5,5
20180808-075748_956_live,Acknowledgement,Neutral,6,6
20180808-075748_956_live,Logistics / Coordination,Neutral,7,7
20180808-075748_956_live,Acknowledgement,Neutral,8,8
20180808-075748_956_live,Conversation Closing,Neutral,9,9
20180808-075816_12_live,Charity Awareness Probe,Neutral,0,0
20180808-075816_12_live,Acknowledgement,Neutral,1,1
20180808-075816_12_live,Storytelling,Neutral,2,2
20180808-075816_12_live,Guilt Induction,Interested,3,3
20180808-075816_12_live,Appeal to Values,Neutral,4,4
20180808-075816_12_live,Logistics / Coordination,Interested,7,7
20180808-075816_12_live,Call to Action,Interested,8,8
20180808-075816_12_live,Framing,Interested,9,9
20180808-081317_142_live,Greeting / Rapport,Not Interested,0,0
20180808-081317_142_live,Charity Awareness Probe,Neutral,1,1
20180808-081317_142_live,Framing,Neutral,2,2
20180808-081317_142_live,Charity Awareness Probe,Neutral,3,3
20180808-081317_142_live,Rational Appeal,Neutral,4,4
20180808-081317_142_live,Rational Appeal,Neutral,6,6
20180808-081317_142_live,Rational Appeal,Neutral,7,7
20180808-081317_142_live,Framing,Neutral,8,8
20180808-081317_142_live,Logistics / Coordination,Interested,9,9
20180823-020508_596_live,Greeting / Rapport,Not Interested,0,0
20180823-020508_596_live,Greeting / Rapport,Neutral,1,1
20180823-020508_596_live,Donation Baseline / Habit Probe,Neutral,2,2
20180823-020508_596_live,Charity Awareness Probe,Neutral,3,3
20180823-020508_596_live,Non-persuasive Other,Neutral,5,5
20180823-020508_596_live,Liking,Interested,6,6
20180823-020508_596_live,Non-persuasive Other,Neutral,7,7
20180823-020508_596_live,Non-persuasive Other,Interested,8,8
20180823-020542_443_live,Acknowledgement,Not Interested,0,0
20180823-020542_443_live,Greeting / Rapport,Neutral,1,1
20180823-020542_443_live,Non-persuasive Other,Interested,2,2
20180823-020542_443_live,Self-feeling Appeal,Neutral,5,5
20180823-020542_443_live,Non-persuasive Other,Interested,6,6
20180823-020542_443_live,Conversation Closing,Interested,7,7
20180823-020542_443_live,Acknowledgement,Interested,8,8
20180823-020542_443_live,Acknowledgement,Interested,9,9
20180823-021414_711_live,Charity Awareness Probe,Neutral,0,0
20180823-021414_711_live,Rational Appeal,Interested,1,1
20180823-021414_711_live,Emotional Appeal,Interested,2,2
20180823-021414_711_live,Activation of Personal Commitment,Neutral,3,3
20180823-021414_711_live,Logistics / Coordination,Neutral,5,5
20180823-021414_711_live,Rewarding Activity,Neutral,6,6
20180823-021414_711_live,Loss Aversion Appeal,Interested,7,7
20180823-021414_711_live,Acknowledgement,Neutral,8,8
20180823-021414_711_live,Moral Appeal,Neutral,9,9
20180823-021454_370_live,Greeting / Rapport,Neutral,0,0
20180823-021454_370_live,Greeting / Rapport,Interested,1,1
20180823-021454_370_live,Unity,Not Interested,2,2
20180823-021454_370_live,Rewarding Activity,Interested,3,3
20180823-021454_370_live,Acknowledgement,Neutral,5,5
20180823-021454_370_live,Conversation Closing,Neutral,6,6
20180823-021454_370_live,Appeal to Values,Neutral,7,7
20180823-021454_370_live,Non-persuasive Other,Neutral,8,8
20180823-021454_370_live,Conversation Closing,Neutral,9,9
20180823-022522_183_live,Greeting / Rapport,Neutral,0,0
20180823-022522_183_live,Greeting / Rapport,Neutral,1,1
20180823-022522_183_live,Appeal to Values,Neutral,2,2
20180823-022522_183_live,Emotional Appeal,Neutral,3,3
20180823-022522_183_live,Credibility Appeal,Neutral,4,4
20180823-022522_183_live,Activation of Personal Commitment,Neutral,7,7
20180823-022522_183_live,Logistics / Coordination,Interested,8,8
20180823-022522_183_live,Conversation Closing,Neutral,9,9
20180823-023349_326_live,Moral Appeal,Neutral,0,0
20180823-023349_326_live,Rational Appeal,Neutral,1,1
20180823-023349_326_live,Moral Appeal,Neutral,2,2
20180823-023349_326_live,Credibility Appeal,Neutral,3,3
20180823-023349_326_live,Credibility Appeal,Neutral,4,4
20180823-023349_326_live,Rational Appeal,Neutral,6,6
20180823-023349_326_live,Framing,Neutral,7,7
20180823-023349_326_live,Framing,Neutral,8,8
20180823-023349_326_live,Rational Appeal,Interested,9,9
20180824-015242_301_live,Greeting / Rapport,Neutral,0,0
20180824-015242_301_live,Greeting / Rapport,Neutral,1,1
20180824-015242_301_live,Non-persuasive Other,Interested,2,2
20180824-015242_301_live,Framing,Interested,3,3
20180824-015242_301_live,Charity Awareness Probe,Interested,4,4
20180824-015242_301_live,Appeal to Values,Neutral,6,6
20180824-015242_301_live,Donation Baseline / Habit Probe,Not Interested,7,7
20180824-015242_301_live,Charity Awareness Probe,Neutral,8,8
20180824-015242_301_live,Call to Action,Not Interested,9,9
20180824-015542_821_live,Logistics / Coordination,Neutral,0,0
20180824-015542_821_live,Acknowledgement,Neutral,1,1
20180824-015542_821_live,Door-in-the-face,Neutral,3,3
20180824-015542_821_live,Appeal to Values,Interested,5,5
20180824-015542_821_live,Logistics / Coordination,Interested,6,6
20180824-015542_821_live,Rational Appeal,Interested,8,8
20180824-015542_821_live,Acknowledgement,Interested,9,9
20180824-020237_732_live,Greeting / Rapport,Neutral,0,0
20180824-020237_732_live,Call to Action,Neutral,1,1
20180824-020237_732_live,Call to Action,Neutral,2,2
20180824-020237_732_live,Greeting / Rapport,Neutral,3,3
20180824-020237_732_live,Framing,Neutral,5,5
20180824-020237_732_live,Social Proof,Neutral,6,6
20180824-020237_732_live,Credibility Appeal,Neutral,7,7
20180824-020237_732_live,Donation Baseline / Habit Probe,Interested,8,8
20180824-020237_732_live,Call to Action,Interested,9,9
20180824-020419_695_live,Greeting / Rapport,Neutral,0,0
20180824-020419_695_live,Charity Awareness Probe,Neutral,1,1
20180824-020419_695_live,Non-persuasive Other,Neutral,2,2
20180824-020419_695_live,Appeal to Values,Neutral,3,3
20180824-020419_695_live,Fear Appeal,Neutral,4,4
20180824-020419_695_live,Call to Action,Neutral,6,6
20180824-020419_695_live,Rewarding Activity,Interested,7,7
20180824-020419_695_live,Framing,Interested,8,8
20180824-020419_695_live,Conversation Closing,Interested,9,9
20180824-022557_24_live,Charity Awareness Probe,Not Interested,0,0
20180824-022557_24_live,Non-persuasive Other,Neutral,1,1
20180824-022557_24_live,Credibility Appeal,Neutral,2,2
20180824-022557_24_live,Rational Appeal,Neutral,3,3
20180824-022557_24_live,Acknowledgement,Neutral,5,5
20180824-022557_24_live,Logistics / Coordination,Neutral,6,6
20180824-022557_24_live,Logistics / Coordination,Neutral,7,7
20180824-022557_24_live,Non-persuasive Other,Neutral,8,8
20180824-022557_24_live,Acknowledgement,Neutral,9,9
20180824-022709_450_live,Greeting / Rapport,Neutral,0,0
20180824-022709_450_live,Sympathy Appeal,Interested,1,1
20180824-022709_450_live,Scarcity,Interested,3,3
20180824-022709_450_live,Logistics / Coordination,Neutral,5,5
20180824-022709_450_live,Logistics / Coordination,Neutral,6,6
20180824-022709_450_live,Logistics / Coordination,Neutral,7,7
20180824-022709_450_live,Logistics / Coordination,Interested,8,8
20180824-022709_450_live,Acknowledgement,Neutral,9,9
20180824-023730_85_live,Greeting / Rapport,Not Interested,0,0
20180824-023730_85_live,Charity Awareness Probe,Neutral,1,1
20180824-023730_85_live,Qualification / Segmentation,Neutral,2,2
20180824-023730_85_live,Storytelling,Interested,3,3
20180824-023730_85_live,Acknowledgement,Neutral,5,5
20180824-023730_85_live,Non-persuasive Other,Neutral,6,6
20180824-023730_85_live,Storytelling,Neutral,7,7
20180824-023730_85_live,Framing,Neutral,8,8
20180824-023730_85_live,Storytelling,Neutral,9,9
20180824-024455_408_live,Greeting / Rapport,Neutral,0,0
20180824-024455_408_live,Non-persuasive Other,Neutral,1,1
20180824-024455_408_live,Moral Appeal,Neutral,2,2
20180824-024455_408_live,Non-persuasive Other,Interested,3,3
20180824-024455_408_live,Non-persuasive Other,Neutral,5,5
20180824-024455_408_live,Acknowledgement,Interested,6,6
20180824-024455_408_live,Non-persuasive Other,Interested,7,7
20180824-024455_408_live,Acknowledgement,Neutral,8,8
20180824-024455_408_live,Acknowledgement,Neutral,9,9
20180824-025834_522_live,Greeting / Rapport,Neutral,0,0
20180824-025834_522_live,Moral Appeal,Interested,1,1
20180824-025834_522_live,Rational Appeal,Neutral,2,2
20180824-025834_522_live,Pre-giving,Neutral,3,3
20180824-025834_522_live,Moral Appeal,Neutral,5,5
20180824-025834_522_live,Appeal to Values,Neutral,6,6
20180824-025834_522_live,Commitment and Consistency,Interested,7,7
20180824-025834_522_live,Charity Awareness Probe,Neutral,8,8
20180824-025834_522_live,Liking,Neutral,9,9
20180824-031232_169_live,Charity Awareness Probe,Neutral,0,0
20180824-031232_169_live,Empathy Appeal,Neutral,1,1
20180824-031232_169_live,Rational Appeal,Neutral,2,2
20180824-031232_169_live,Storytelling,Neutral,3,3
20180824-031232_169_live,Appeal to Values,Interested,5,5
20180824-031232_169_live,Social Proof,Neutral,6,6
20180824-031232_169_live,Acknowledgement,Interested,7,7
20180824-031232_169_live,Acknowledgement,Neutral,8,8
20180824-031232_169_live,Appeal to Values,Neutral,9,9
20180824-120314_637_live,Greeting / Rapport,Neutral,0,0
20180824-120314_637_live,Charity Awareness Probe,Neutral,1,1
20180824-120314_637_live,Donation Baseline / Habit Probe,Neutral,2,2
20180824-120314_637_live,Framing,Interested,3,3
20180824-120314_637_live,Logistics / Coordination,Neutral,5,5
20180824-120314_637_live,Logistics / Coordination,Interested,6,6
20180824-120314_637_live,Acknowledgement,Neutral,7,7
20180824-120314_637_live,Logistics / Coordination,Neutral,8,8
20180824-120314_637_live,Conversation Closing,Neutral,9,9
20180824-120504_474_live,Urgency,Neutral,0,0
20180824-120504_474_live,Appeal to Values,Interested,1,1
20180824-120504_474_live,Moral Appeal,Not Interested,2,2
20180824-120504_474_live,Guilt Induction,Interested,3,3
20180824-120504_474_live,Guilt Induction,Neutral,5,5
20180824-120504_474_live,Acknowledgement,Neutral,6,6
20180824-120504_474_live,Guilt Induction,Neutral,7,7
20180824-120504_474_live,Appeal to Values,Neutral,8,8
20180824-120504_474_live,Non-persuasive Other,Interested,9,9
20180824-121026_498_live,Charity Awareness Probe,Neutral,0,0
20180824-121026_498_live,Qualification / Segmentation,Neutral,1,1
20180824-121026_498_live,Pre-giving,Neutral,2,2
20180824-121026_498_live,Call to Action,Interested,3,3
20180824-121026_498_live,Door-in-the-face,Interested,5,5
20180824-121026_498_live,Rational Appeal,Interested,6,6
20180824-121026_498_live,Credibility Appeal,Interested,7,7
20180824-121026_498_live,Framing,Interested,8,8
20180824-121026_498_live,Self-feeling Appeal,Not Interested,9,9
20180824-121207_770_live,Charity Awareness Probe,Neutral,0,0
20180824-121207_770_live,Commitment and Consistency,Neutral,1,1
20180824-121207_770_live,Framing,Neutral,2,2
20180824-121207_770_live,Call to Action,Not Interested,3,3
20180824-121207_770_live,Call to Action,Not Interested,5,5
20180824-121207_770_live,Door-in-the-face,Not Interested,6,6
20180824-121207_770_live,Framing,Not Interested,7,7
20180824-121207_770_live,Guilt Induction,Neutral,8,8
20180824-121207_770_live,Logistics / Coordination,Neutral,9,9
20180824-121457_149_live,Greeting / Rapport,Neutral,0,0
20180824-121457_149_live,Rational Appeal,Neutral,1,1
20180824-121457_149_live,Pre-giving,Neutral,2,2
20180824-121457_149_live,Emotional Appeal,Neutral,3,3
20180824-121457_149_live,Moral Appeal,Not Interested,5,5
20180824-121457_149_live,Framing,Not Interested,6,6
20180824-121457_149_live,Acknowledgement,Not Interested,7,7
20180824-121457_149_live,Acknowledgement,Not Interested,8,8
20180824-121457_149_live,Conversation Closing,Not Interested,9,9
20180824-121720_619_live,Greeting / Rapport,Neutral,0,0
20180824-121720_619_live,Non-persuasive Other,Neutral,1,1
20180824-121720_619_live,Acknowledgement,Neutral,2,2
20180824-121720_619_live,Rational Appeal,Neutral,3,3
20180824-121720_619_live,Credibility Appeal,Neutral,4,4
20180824-121720_619_live,Credibility Appeal,Neutral,6,6
20180824-121720_619_live,Framing,Interested,7,7
20180824-121720_619_live,Reciprocity,Neutral,8,8
20180824-121720_619_live,Moral Appeal,Interested,9,9
20180824-121933_745_live,Greeting / Rapport,Neutral,0,0
20180824-121933_745_live,Charity Awareness Probe,Not Interested,1,1
20180824-121933_745_live,Charity Awareness Probe,Neutral,2,2
20180824-121933_745_live,Call to Action,Neutral,3,3
20180824-121933_745_live,Moral Appeal,Neutral,5,5
20180824-121933_745_live,Moral Appeal,Neutral,6,6
20180824-121933_745_live,Framing,Not Interested,7,7
20180824-121933_745_live,Empathy Appeal,Neutral,8,8
20180824-121933_745_live,Framing,Not Interested,9,9
20180824-121958_772_live,Greeting / Rapport,Not Interested,0,0
20180824-121958_772_live,Non-persuasive Other,Not Interested,1,1
20180824-121958_772_live,Qualification / Segmentation,Not Interested,2,2
20180824-121958_772_live,Qualification / Segmentation,Not Interested,3,3
20180824-121958_772_live,Appeal to Values,Not Interested,4,4
20180824-121958_772_live,Moral Appeal,Not Interested,6,6
20180824-121958_772_live,Storytelling,Not Interested,7,7
20180824-121958_772_live,Moral Appeal,Interested,8,8
20180824-121958_772_live,Guilt Induction,Neutral,9,9
20180824-122020_491_live,Greeting / Rapport,Neutral,0,0
20180824-122020_491_live,Charity Awareness Probe,Neutral,1,1
20180824-122020_491_live,Rational Appeal,Interested,2,2
20180824-122020_491_live,Acknowledgement,Neutral,4,4
20180824-122020_491_live,Rational Appeal,Neutral,6,6
20180824-122020_491_live,Credibility Appeal,Neutral,7,7
20180824-122020_491_live,Storytelling,Neutral,8,8
20180824-122020_491_live,Call to Action,Neutral,9,9
20180824-122128_891_live,Greeting / Rapport,Interested,0,0
20180824-122128_891_live,Acknowledgement,Neutral,1,1
20180824-122128_891_live,Framing,Neutral,2,2
20180824-122128_891_live,Social Proof,Interested,3,3
20180824-122128_891_live,Call to Action,Neutral,5,5
20180824-122128_891_live,Call to Action,Neutral,6,6
20180824-122128_891_live,Logistics / Coordination,Neutral,7,7
20180824-122128_891_live,Rational Appeal,Neutral,8,8
20180824-122128_891_live,Rational Appeal,Interested,9,9
20180824-122144_159_live,Greeting / Rapport,Neutral,0,0
20180824-122144_159_live,Charity Awareness Probe,Neutral,1,1
20180824-122144_159_live,Appeal to Values,Interested,2,2
20180824-122144_159_live,Charity Awareness Probe,Neutral,3,3
20180824-122144_159_live,Appeal to Values,Neutral,5,5
20180824-122144_159_live,Framing,Interested,6,6
20180824-122144_159_live,Self-feeling Appeal,Interested,7,7
20180824-122144_159_live,Self-feeling Appeal,Interested,8,8
20180824-122144_159_live,Acknowledgement,Neutral,9,9
20180824-122300_862_live,Call to Action,Neutral,0,0
20180824-122300_862_live,Credibility Appeal,Neutral,1,1
20180824-122300_862_live,Rational Appeal,Neutral,2,2
20180824-122300_862_live,Moral Appeal,Neutral,3,3
20180824-122300_862_live,Non-persuasive Other,Neutral,5,5
20180824-122300_862_live,Rational Appeal,Neutral,6,6
20180824-122300_862_live,Non-persuasive Other,Neutral,7,7
20180824-122300_862_live,Credibility Appeal,Neutral,8,8
20180824-122300_862_live,Non-persuasive Other,Not Interested,9,9
20180824-122416_255_live,Charity Awareness Probe,Neutral,0,0
20180824-122416_255_live,Credibility Appeal,Interested,1,1
20180824-122416_255_live,Rational Appeal,Neutral,2,2
20180824-122416_255_live,Acknowledgement,Interested,3,3
20180824-122416_255_live,Framing,Neutral,4,4
20180824-122416_255_live,Appeal to Values,Interested,6,6
20180824-122416_255_live,Call to Action,Interested,7,7
20180824-122416_255_live,Non-persuasive Other,Interested,8,8
20180824-122416_255_live,Pre-giving,Interested,9,9
20180824-122416_255_live,Acknowledgement,Interested,10,10
20180824-122513_936_live,Charity Awareness Probe,Neutral,0,0
20180824-122513_936_live,Charity Awareness Probe,Neutral,1,1
20180824-122513_936_live,Storytelling,Neutral,2,2
20180824-122513_936_live,Framing,Neutral,3,3
20180824-122513_936_live,Framing,Neutral,5,5
20180824-122513_936_live,Appeal to Values,Interested,6,6
20180824-122513_936_live,Appeal to Values,Interested,7,7
20180824-122513_936_live,Storytelling,Neutral,8,8
20180824-122513_936_live,Rational Appeal,Interested,9,9
20180824-122531_924_live,Greeting / Rapport,Neutral,0,0
20180824-122531_924_live,Call to Action,Neutral,1,1
20180824-122531_924_live,Qualification / Segmentation,Neutral,2,2
20180824-122531_924_live,Fear Appeal,Neutral,3,3
20180824-122531_924_live,Framing,Interested,5,5
20180824-122531_924_live,Credibility Appeal,Interested,6,6
20180824-122531_924_live,Credibility Appeal,Interested,7,7
20180824-122531_924_live,Framing,Interested,8,8
20180824-122531_924_live,Self-feeling Appeal,Interested,9,9
20180824-122741_281_live,Greeting / Rapport,Not Interested,0,0
20180824-122741_281_live,Charity Awareness Probe,Interested,1,1
20180824-122741_281_live,Rational Appeal,Interested,2,2
20180824-122741_281_live,Storytelling,Neutral,3,3
20180824-122741_281_live,Rational Appeal,Neutral,5,5
20180824-122741_281_live,Rational Appeal,Neutral,6,6
20180824-122741_281_live,Rational Appeal,Neutral,7,7
20180824-122741_281_live,Call to Action,Interested,8,8
20180824-122741_281_live,Call to Action,Interested,9,9
20180824-122747_679_live,Greeting / Rapport,Interested,0,0
20180824-122747_679_live,Call to Action,Interested,1,1
20180824-122747_679_live,Moral Appeal,Interested,2,2
20180824-122747_679_live,Framing,Interested,3,3
20180824-122747_679_live,Acknowledgement,Interested,4,4
20180824-122747_679_live,Self-feeling Appeal,Interested,6,6
20180824-122747_679_live,Credibility Appeal,Interested,7,7
20180824-122747_679_live,Acknowledgement,Interested,8,8
20180824-122747_679_live,Acknowledgement,Interested,9,9
20180824-122747_679_live,Conversation Closing,Interested,10,10
20180824-122919_69_live,Greeting / Rapport,Not Interested,0,0
20180824-122919_69_live,Empathy Appeal,Interested,1,1
20180824-122919_69_live,Moral Appeal,Neutral,2,2
20180824-122919_69_live,Non-persuasive Other,Neutral,3,3
20180824-122919_69_live,Appeal to Values,Neutral,5,5
20180824-122919_69_live,Acknowledgement,Neutral,6,6
20180824-122919_69_live,Rational Appeal,Neutral,7,7
20180824-122919_69_live,Credibility Appeal,Interested,8,8
20180824-122919_69_live,Acknowledgement,Interested,9,9
20180824-123012_292_live,Call to Action,Neutral,0,0
20180824-123012_292_live,Call to Action,Neutral,1,1
20180824-123012_292_live,Moral Appeal,Neutral,2,2
20180824-123012_292_live,Door-in-the-face,Interested,3,3
20180824-123012_292_live,Fear Appeal,Neutral,5,5
20180824-123012_292_live,Guilt Induction,Neutral,6,6
20180824-123012_292_live,Appeal to Values,Neutral,7,7
20180824-123012_292_live,Rational Appeal,Interested,8,8
20180824-123136_997_live,Rewarding Activity,Neutral,0,0
20180824-123136_997_live,Social Proof,Neutral,1,1
20180824-123136_997_live,Storytelling,Neutral,2,2
20180824-123136_997_live,Credibility Appeal,Neutral,3,3
20180824-123136_997_live,Rational Appeal,Interested,5,5
20180824-123136_997_live,Logistics / Coordination,Neutral,6,6
20180824-123136_997_live,Credibility Appeal,Neutral,7,7
20180824-123136_997_live,Credibility Appeal,Neutral,8,8
20180824-123136_997_live,Non-persuasive Other,Interested,9,9
20180824-123946_581_live,Greeting / Rapport,Neutral,0,0
20180824-123946_581_live,Framing,Interested,1,1
20180824-123946_581_live,Empathy Appeal,Interested,2,2
20180824-123946_581_live,Foot-in-the-door,Neutral,3,3
20180824-123946_581_live,Reciprocity,Interested,5,5
20180824-123946_581_live,Acknowledgement,Neutral,6,6
20180824-123946_581_live,Logistics / Coordination,Neutral,7,7
20180824-123946_581_live,Logistics / Coordination,Neutral,8,8
20180824-123946_581_live,Framing,Interested,9,9
20180824-124214_397_live,Charity Awareness Probe,Neutral,0,0
20180824-124214_397_live,Empathy Appeal,Interested,1,1
20180824-124214_397_live,Rational Appeal,Neutral,2,2
20180824-124214_397_live,Acknowledgement,Neutral,5,5
20180824-124214_397_live,Moral Appeal,Neutral,6,6
20180824-124214_397_live,Acknowledgement,Neutral,7,7
20180824-124214_397_live,Rational Appeal,Neutral,8,8
20180824-124214_397_live,Non-persuasive Other,Neutral,9,9
20180824-124301_523_live,Greeting / Rapport,Not Interested,0,0
20180824-124301_523_live,Greeting / Rapport,Neutral,1,1
20180824-124301_523_live,Acknowledgement,Neutral,2,2
20180824-124301_523_live,Call to Action,Neutral,3,3
20180824-124301_523_live,Call to Action,Neutral,5,5
20180824-124301_523_live,Framing,Neutral,6,6
20180824-124301_523_live,Framing,Neutral,7,7
20180824-124301_523_live,Charity Awareness Probe,Neutral,8,8
20180824-124301_523_live,Non-persuasive Other,Neutral,9,9
20180824-125336_572_live,Donation Baseline / Habit Probe,Interested,0,0
20180824-125336_572_live,Acknowledgement,Neutral,1,1
20180824-125336_572_live,Credibility Appeal,Neutral,2,2
20180824-125336_572_live,Credibility Appeal,Neutral,3,3
20180824-125336_572_live,Non-persuasive Other,Neutral,4,4
20180824-125336_572_live,Logistics / Coordination,Neutral,6,6
20180824-125336_572_live,Acknowledgement,Interested,7,7
20180824-125336_572_live,Guilt Induction,Neutral,8,8
20180824-125336_572_live,Non-persuasive Other,Neutral,9,9
20180824-130121_505_live,Greeting / Rapport,Neutral,0,0
20180824-130121_505_live,Greeting / Rapport,Interested,1,1
20180824-130121_505_live,Acknowledgement,Interested,2,2
20180824-130121_505_live,Charity Awareness Probe,Neutral,3,3
20180824-130121_505_live,Framing,Interested,4,4
20180824-130121_505_live,Activation of Personal Commitment,Neutral,6,6
20180824-130121_505_live,Logistics / Coordination,Interested,7,7
20180824-130121_505_live,Unity,Neutral,8,8
20180824-130121_505_live,Pre-giving,Interested,9,9
20180824-130122_363_live,Call to Action,Neutral,0,0
20180824-130122_363_live,Non-persuasive Other,Neutral,1,1
20180824-130122_363_live,Non-persuasive Other,Neutral,2,2
20180824-130122_363_live,Rational Appeal,Neutral,3,3
20180824-130122_363_live,Credibility Appeal,Neutral,4,4
20180824-130122_363_live,Framing,Neutral,6,6
20180824-130122_363_live,Credibility Appeal,Neutral,7,7
20180824-130122_363_live,Rational Appeal,Neutral,8,8
20180824-130122_363_live,Moral Appeal,Interested,9,9
20180824-130244_446_live,Fear Appeal,Neutral,0,0
20180824-130244_446_live,Empathy Appeal,Neutral,1,1
20180824-130244_446_live,Commitment and Consistency,Interested,2,2
20180824-130244_446_live,Call to Action,Neutral,3,3
20180824-130244_446_live,Logistics / Coordination,Interested,5,5
20180824-130244_446_live,Acknowledgement,Interested,6,6
20180824-130244_446_live,Acknowledgement,Neutral,7,7
20180824-130244_446_live,Logistics / Coordination,Neutral,8,8
20180824-130244_446_live,Conversation Closing,Neutral,9,9
20180824-130402_610_live,Greeting / Rapport,Neutral,0,0
20180824-130402_610_live,Non-persuasive Other,Neutral,1,1
20180824-130402_610_live,Social Proof,Neutral,2,2
20180824-130402_610_live,Rational Appeal,Neutral,3,3
20180824-130402_610_live,Empathy Appeal,Neutral,5,5
20180824-130402_610_live,Call to Action,Interested,6,6
20180824-130402_610_live,Acknowledgement,Interested,7,7
20180824-130402_610_live,Self-feeling Appeal,Neutral,8,8
20180824-130402_610_live,Non-persuasive Other,Neutral,9,9
20180824-130913_64_live,Greeting / Rapport,Neutral,0,0
20180824-130913_64_live,Non-persuasive Other,Neutral,1,1
20180824-130913_64_live,Charity Awareness Probe,Neutral,2,2
20180824-130913_64_live,Rational Appeal,Neutral,3,3
20180824-130913_64_live,Guilt Induction,Neutral,5,5
20180824-130913_64_live,Framing,Interested,6,6
20180824-130913_64_live,Non-persuasive Other,Interested,7,7
20180824-130913_64_live,Foot-in-the-door,Interested,8,8
20180824-130913_64_live,Commitment and Consistency,Interested,9,9
20180824-131145_239_live,Greeting / Rapport,Neutral,0,0
20180824-131145_239_live,Permission / Time Check,Neutral,1,1
20180824-131145_239_live,Appeal to Values,Neutral,2,2
20180824-131145_239_live,Credibility Appeal,Neutral,3,3
20180824-131145_239_live,Fear Appeal,Interested,4,4
20180824-131145_239_live,Logistics / Coordination,Neutral,6,6
20180824-131145_239_live,Logistics / Coordination,Interested,7,7
20180824-131145_239_live,Acknowledgement,Neutral,8,8
20180824-131145_239_live,Framing,Interested,9,9
20180824-131621_775_live,Greeting / Rapport,Neutral,0,0
20180824-131621_775_live,Greeting / Rapport,Neutral,1,1
20180824-131621_775_live,Self-feeling Appeal,Neutral,2,2
20180824-131621_775_live,Moral Appeal,Neutral,3,3
20180824-131621_775_live,Emotional Appeal,Not Interested,4,4
20180824-131621_775_live,Empathy Appeal,Not Interested,6,6
20180824-131621_775_live,Threat,Not Interested,7,7
20180824-131621_775_live,Sympathy Appeal,Not Interested,8,8
20180824-131621_775_live,Guilt Induction,Not Interested,9,9
20180825-042845_49_live,Charity Awareness Probe,Interested,0,0
20180825-042845_49_live,Moral Appeal,Neutral,1,1
20180825-042845_49_live,Storytelling,Neutral,2,2
20180825-042845_49_live,Framing,Neutral,3,3
20180825-042845_49_live,Framing,Interested,6,6
20180825-042845_49_live,Pre-giving,Interested,7,7
20180825-042845_49_live,Reciprocity,Neutral,8,8
20180825-042845_49_live,Rational Appeal,Interested,9,9
20180825-043229_970_live,Greeting / Rapport,Not Interested,0,0
20180825-043229_970_live,Greeting / Rapport,Neutral,1,1
20180825-043229_970_live,Charity Awareness Probe,Neutral,2,2
20180825-043229_970_live,Appeal to Values,Neutral,3,3
20180825-043229_970_live,Acknowledgement,Neutral,5,5
20180825-043229_970_live,Rational Appeal,Neutral,6,6
20180825-043229_970_live,Framing,Neutral,7,7
20180825-043229_970_live,Credibility Appeal,Interested,8,8
20180825-043229_970_live,Acknowledgement,Not Interested,9,9
20180825-043341_782_live,Donation Baseline / Habit Probe,Interested,0,0
20180825-043341_782_live,Framing,Neutral,1,1
20180825-043341_782_live,Donation Baseline / Habit Probe,Interested,2,2
20180825-043341_782_live,Logistics / Coordination,Neutral,3,3
20180825-043341_782_live,Acknowledgement,Neutral,5,5
20180825-043341_782_live,Non-persuasive Other,Neutral,6,6
20180825-043341_782_live,Moral Appeal,Neutral,7,7
20180825-043341_782_live,Empathy Appeal,Neutral,8,8
20180825-043341_782_live,Fear Appeal,Interested,9,9
20180825-043516_619_live,Greeting / Rapport,Neutral,0,0
20180825-043516_619_live,Non-persuasive Other,Interested,1,1
20180825-043516_619_live,Charity Awareness Probe,Neutral,2,2
20180825-043516_619_live,Moral Appeal,Neutral,3,3
20180825-043516_619_live,Call to Action,Neutral,4,4
20180825-043516_619_live,Framing,Not Interested,6,6
20180825-043516_619_live,Framing,Interested,7,7
20180825-043516_619_live,Conversation Closing,Neutral,9,9
20180825-044048_639_live,Call to Action,Neutral,0,0
20180825-044048_639_live,Appeal to Values,Interested,1,1
20180825-044048_639_live,Qualification / Segmentation,Neutral,3,3
20180825-044048_639_live,Logistics / Coordination,Neutral,5,5
20180825-044048_639_live,Acknowledgement,Neutral,6,6
20180825-044048_639_live,Conversation Closing,Neutral,7,7
20180825-044048_639_live,Non-persuasive Other,Neutral,8,8
20180825-044048_639_live,Donation Baseline / Habit Probe,Interested,9,9
20180825-044252_786_live,Charity Awareness Probe,Neutral,0,0
20180825-044252_786_live,Appeal to Values,Neutral,1,1
20180825-044252_786_live,Framing,Neutral,2,2
20180825-044252_786_live,Empathy Appeal,Interested,3,3
20180825-044252_786_live,Acknowledgement,Interested,4,4
20180825-044252_786_live,Logistics / Coordination,Interested,6,6
20180825-044252_786_live,Activation of Personal Commitment,Interested,7,7
20180825-044252_786_live,Framing,Interested,8,8
20180825-044252_786_live,Social Proof,Neutral,9,9
20180825-044358_663_live,Appeal to Values,Neutral,0,0
20180825-044358_663_live,Moral Appeal,Neutral,1,1
20180825-044358_663_live,Credibility Appeal,Neutral,2,2
20180825-044358_663_live,Moral Appeal,Interested,3,3
20180825-044358_663_live,Fear Appeal,Not Interested,5,5
20180825-044358_663_live,Rational Appeal,Interested,6,6
20180825-044358_663_live,Acknowledgement,Neutral,7,7
20180825-044358_663_live,Logistics / Coordination,Neutral,8,8
20180825-044358_663_live,Conversation Closing,Neutral,9,9
20180825-044613_233_live,Qualification / Segmentation,Not Interested,0,0
20180825-044613_233_live,Guilt Induction,Neutral,1,1
20180825-044613_233_live,Charity Awareness Probe,Neutral,2,2
20180825-044613_233_live,Rational Appeal,Neutral,3,3
20180825-044613_233_live,Credibility Appeal,Neutral,4,4
20180825-044613_233_live,Donation Baseline / Habit Probe,Interested,6,6
20180825-044613_233_live,Activation of Personal Commitment,Neutral,7,7
20180825-044613_233_live,Credibility Appeal,Neutral,8,8
20180825-044613_233_live,Pre-giving,Interested,9,9
20180825-045559_409_live,Greeting / Rapport,Neutral,0,0
20180825-045559_409_live,Donation Baseline / Habit Probe,Interested,1,1
20180825-045559_409_live,Charity Awareness Probe,Neutral,2,2
20180825-045559_409_live,Commitment and Consistency,Interested,3,3
20180825-045559_409_live,Credibility Appeal,Neutral,5,5
20180825-045559_409_live,Logistics / Coordination,Neutral,6,6
20180825-045559_409_live,Credibility Appeal,Neutral,7,7
20180825-045559_409_live,Social Proof,Neutral,8,8
20180825-045559_409_live,Charity Awareness Probe,Neutral,9,9
20180825-050306_247_live,Greeting / Rapport,Neutral,0,0
20180825-050306_247_live,Greeting / Rapport,Neutral,1,1
20180825-050306_247_live,Acknowledgement,Neutral,2,2
20180825-050306_247_live,Donation Baseline / Habit Probe,Neutral,3,3
20180825-050306_247_live,Social Proof,Neutral,5,5
20180825-050306_247_live,Call to Action,Neutral,6,6
20180825-050306_247_live,Call to Action,Interested,7,7
20180825-050306_247_live,Acknowledgement,Interested,8,8
20180825-050306_247_live,Conversation Closing,Neutral,9,9
20180825-051212_932_live,Non-persuasive Other,Neutral,0,0
20180825-051212_932_live,Call to Action,Neutral,1,1
20180825-051212_932_live,Credibility Appeal,Neutral,2,2
20180825-051212_932_live,Call to Action,Neutral,3,3
20180825-051212_932_live,Moral Appeal,Interested,5,5
20180825-051212_932_live,Logistics / Coordination,Neutral,6,6
20180825-051212_932_live,Framing,Interested,7,7
20180825-051212_932_live,Acknowledgement,Interested,8,8
20180825-051212_932_live,Conversation Closing,Neutral,9,9
20180825-051455_889_live,Non-persuasive Other,Interested,0,0
20180825-051455_889_live,Charity Awareness Probe,Interested,1,1
20180825-051455_889_live,Donation Baseline / Habit Probe,Neutral,2,2
20180825-051455_889_live,Call to Action,Interested,3,3
20180825-051455_889_live,Donation Baseline / Habit Probe,Neutral,5,5
20180825-051455_889_live,Call to Action,Interested,6,6
20180825-051455_889_live,Call to Action,Interested,7,7
20180825-051455_889_live,Acknowledgement,Interested,8,8
20180825-051455_889_live,Appeal to Values,Neutral,9,9
20180825-051852_679_live,Greeting / Rapport,Not Interested,0,0
20180825-051852_679_live,Qualification / Segmentation,Not Interested,1,1
20180825-051852_679_live,Qualification / Segmentation,Not Interested,2,2
20180825-051852_679_live,Empathy Appeal,Not Interested,3,3
20180825-051852_679_live,Logical Appeal,Not Interested,5,5
20180825-051852_679_live,Guilt Induction,Not Interested,6,6
20180825-051852_679_live,Storytelling,Not Interested,7,7
20180825-051852_679_live,Conversation Closing,Not Interested,8,8
20180825-051852_679_live,Non-persuasive Other,Not Interested,9,9
20180825-051947_478_live,Non-persuasive Other,Neutral,0,0
20180825-051947_478_live,Non-persuasive Other,Neutral,1,1
20180825-051947_478_live,Moral Appeal,Neutral,2,2
20180825-051947_478_live,Moral Appeal,Interested,3,3
20180825-051947_478_live,Acknowledgement,Neutral,5,5
20180825-051947_478_live,Non-persuasive Other,Neutral,6,6
20180825-051947_478_live,Acknowledgement,Neutral,7,7
20180825-051947_478_live,Conversation Closing,Neutral,8,8
20180825-051947_478_live,Conversation Closing,Neutral,9,9
20180825-052611_640_live,Non-persuasive Other,Neutral,0,0
20180825-052611_640_live,Acknowledgement,Neutral,1,1
20180825-052611_640_live,Acknowledgement,Neutral,2,2
20180825-052611_640_live,Acknowledgement,Not Interested,3,3
20180825-052611_640_live,Logistics / Coordination,Not Interested,5,5
20180825-052611_640_live,Guilt Induction,Neutral,6,6
20180825-052611_640_live,Self-feeling Appeal,Not Interested,7,7
20180825-052611_640_live,Framing,Not Interested,8,8
20180825-052611_640_live,Guilt Induction,Neutral,9,9
20180825-053544_897_live,Greeting / Rapport,Neutral,0,0
20180825-053544_897_live,Credibility Appeal,Neutral,1,1
20180825-053544_897_live,Credibility Appeal,Neutral,2,2
20180825-053544_897_live,Framing,Neutral,3,3
20180825-053544_897_live,Moral Appeal,Neutral,5,5
20180825-053544_897_live,Moral Appeal,Interested,6,6
20180825-053544_897_live,Qualification / Segmentation,Neutral,7,7
20180825-053544_897_live,Acknowledgement,Neutral,9,9
20180825-053711_81_live,Permission / Time Check,Neutral,0,0
20180825-053711_81_live,Charity Awareness Probe,Neutral,1,1
20180825-053711_81_live,Fear Appeal,Not Interested,2,2
20180825-053711_81_live,Fear Appeal,Not Interested,3,3
20180825-053711_81_live,Framing,Not Interested,4,4
20180825-053711_81_live,Moral Appeal,Not Interested,6,6
20180825-053711_81_live,Moral Appeal,Not Interested,7,7
20180825-053711_81_live,Charity Awareness Probe,Not Interested,8,8
20180825-053711_81_live,Self-feeling Appeal,Not Interested,9,9
20180825-054948_621_live,Greeting / Rapport,Neutral,0,0
20180825-054948_621_live,Charity Awareness Probe,Neutral,1,1
20180825-054948_621_live,Acknowledgement,Neutral,2,2
20180825-054948_621_live,Rational Appeal,Neutral,3,3
20180825-054948_621_live,Rational Appeal,Neutral,5,5
20180825-054948_621_live,Guilt Induction,Not Interested,6,6
20180825-054948_621_live,Framing,Neutral,7,7
20180825-054948_621_live,Acknowledgement,Interested,8,8
20180825-054948_621_live,Conversation Closing,Neutral,9,9
20180825-055034_34_live,Greeting / Rapport,Neutral,0,0
20180825-055034_34_live,Appeal to Values,Neutral,1,1
20180825-055034_34_live,Rational Appeal,Neutral,2,2
20180825-055034_34_live,Credibility Appeal,Neutral,3,3
20180825-055034_34_live,Rational Appeal,Neutral,4,4
20180825-055034_34_live,Rational Appeal,Neutral,6,6
20180825-055034_34_live,Credibility Appeal,Neutral,7,7
20180825-055034_34_live,Credibility Appeal,Neutral,8,8
20180825-055034_34_live,Rational Appeal,Interested,9,9
20180825-055321_232_live,Greeting / Rapport,Neutral,0,0
20180825-055321_232_live,Greeting / Rapport,Interested,1,1
20180825-055321_232_live,Acknowledgement,Neutral,2,2
20180825-055321_232_live,Call to Action,Interested,3,3
20180825-055321_232_live,Framing,Neutral,4,4
20180825-055321_232_live,Acknowledgement,Neutral,6,6
20180825-055321_232_live,Conversation Closing,Neutral,7,7
20180825-055321_232_live,Non-persuasive Other,Neutral,8,8
20180825-055321_232_live,Logistics / Coordination,Neutral,9,9
20180825-055427_625_live,Charity Awareness Probe,Interested,0,0
20180825-055427_625_live,Moral Appeal,Neutral,1,1
20180825-055427_625_live,Credibility Appeal,Interested,2,2
20180825-055427_625_live,Unity,Interested,3,3
20180825-055427_625_live,Framing,Interested,5,5
20180825-055427_625_live,Self-feeling Appeal,Interested,6,6
20180825-055427_625_live,Social Proof,Neutral,7,7
20180825-055427_625_live,Greeting / Rapport,Neutral,8,8
20180825-055427_625_live,Conversation Closing,Neutral,9,9
20180825-060055_854_live,Logistics / Coordination,Neutral,0,0
20180825-060055_854_live,Framing,Neutral,1,1
20180825-060055_854_live,Acknowledgement,Neutral,2,2
20180825-060055_854_live,Acknowledgement,Neutral,3,3
20180825-060055_854_live,Acknowledgement,Neutral,5,5
20180825-060055_854_live,Commitment and Consistency,Neutral,6,6
20180825-060055_854_live,Acknowledgement,Neutral,7,7
20180825-060055_854_live,Empathy Appeal,Neutral,8,8
20180825-060055_854_live,Acknowledgement,Neutral,9,9
20180825-060212_445_live,Greeting / Rapport,Neutral,0,0
20180825-060212_445_live,Rational Appeal,Neutral,1,1
20180825-060212_445_live,Credibility Appeal,Neutral,2,2
20180825-060212_445_live,Storytelling,Interested,3,3
20180825-060212_445_live,Acknowledgement,Neutral,5,5
20180825-060212_445_live,Rewarding Activity,Interested,6,6
20180825-060212_445_live,Acknowledgement,Interested,7,7
20180825-060212_445_live,Moral Appeal,Interested,8,8
20180825-060212_445_live,Acknowledgement,Neutral,9,9
20180825-060251_387_live,Greeting / Rapport,Neutral,0,0
20180825-060251_387_live,Donation Baseline / Habit Probe,Interested,1,1
20180825-060251_387_live,Framing,Neutral,2,2
20180825-060251_387_live,Storytelling,Interested,3,3
20180825-060251_387_live,Moral Appeal,Interested,5,5
20180825-060251_387_live,Framing,Neutral,6,6
20180825-060251_387_live,Call to Action,Interested,7,7
20180825-060251_387_live,Conversation Closing,Neutral,8,8
20180825-060251_387_live,Acknowledgement,Neutral,9,9
20180825-060648_863_live,Moral Appeal,Neutral,0,0
20180825-060648_863_live,Moral Appeal,Interested,1,1
20180825-060648_863_live,Commitment and Consistency,Neutral,2,2
20180825-060648_863_live,Rational Appeal,Neutral,3,3
20180825-060648_863_live,Call to Action,Neutral,5,5
20180825-060648_863_live,Rational Appeal,Neutral,6,6
20180825-060648_863_live,Appeal to Values,Interested,7,7
20180825-060648_863_live,Activation of Personal Commitment,Interested,8,8
20180825-060648_863_live,Acknowledgement,Neutral,9,9
20180825-061105_792_live,Greeting / Rapport,Neutral,0,0
20180825-061105_792_live,Permission / Time Check,Neutral,1,1
20180825-061105_792_live,Emotional Appeal,Neutral,2,2
20180825-061105_792_live,Non-persuasive Other,Not Interested,3,3
20180825-061105_792_live,Pre-giving,Interested,6,6
20180825-061105_792_live,Reciprocity,Interested,7,7
20180825-061105_792_live,Appeal to Values,Neutral,8,8
20180825-061105_792_live,Appeal to Values,Neutral,9,9
20180825-062128_451_live,Greeting / Rapport,Neutral,0,0
20180825-062128_451_live,Greeting / Rapport,Neutral,1,1
20180825-062128_451_live,Credibility Appeal,Neutral,2,2
20180825-062128_451_live,Greeting / Rapport,Interested,3,3
20180825-062128_451_live,Commitment and Consistency,Interested,5,5
20180825-062128_451_live,Commitment and Consistency,Interested,6,6
20180825-062128_451_live,Acknowledgement,Neutral,7,7
20180825-062128_451_live,Framing,Neutral,8,8
20180825-062128_451_live,Conversation Closing,Neutral,9,9
20180825-062219_874_live,Greeting / Rapport,Neutral,0,0
20180825-062219_874_live,Greeting / Rapport,Neutral,1,1
20180825-062219_874_live,Charity Awareness Probe,Neutral,2,2
20180825-062219_874_live,Non-persuasive Other,Neutral,3,3
20180825-062219_874_live,Appeal to Values,Neutral,5,5
20180825-062219_874_live,Call to Action,Not Interested,6,6
20180825-062219_874_live,Framing,Not Interested,7,7
20180825-062219_874_live,Acknowledgement,Neutral,8,8
20180825-062219_874_live,Conversation Closing,Neutral,9,9
20180825-063009_943_live,Moral Appeal,Not Interested,0,0
20180825-063009_943_live,Rational Appeal,Neutral,1,1
20180825-063009_943_live,Credibility Appeal,Neutral,2,2
20180825-063009_943_live,Framing,Neutral,3,3
20180825-063009_943_live,Empathy Appeal,Neutral,5,5
20180825-063009_943_live,Empathy Appeal,Neutral,6,6
20180825-063009_943_live,Sympathy Appeal,Neutral,7,7
20180825-063009_943_live,Empathy Appeal,Neutral,8,8
20180825-063009_943_live,Acknowledgement,Not Interested,9,9
20180825-063117_677_live,Call to Action,Neutral,0,0
20180825-063117_677_live,Framing,Neutral,1,1
20180825-063117_677_live,Framing,Interested,2,2
20180825-063117_677_live,Commitment and Consistency,Neutral,3,3
20180825-063117_677_live,Moral Appeal,Neutral,5,5
20180825-063117_677_live,Call to Action,Interested,6,6
20180825-063117_677_live,Activation of Personal Commitment,Neutral,7,7
20180825-063117_677_live,Empathy Appeal,Neutral,8,8
20180825-063117_677_live,Empathy Appeal,Neutral,9,9
20180825-063753_619_live,Greeting / Rapport,Not Interested,0,0
20180825-063753_619_live,Greeting / Rapport,Not Interested,1,1
20180825-063753_619_live,Non-persuasive Other,Not Interested,2,2
20180825-063753_619_live,Non-persuasive Other,Neutral,3,3
20180825-063753_619_live,Moral Appeal,Interested,4,4
20180825-063753_619_live,Appeal to Values,Interested,6,6
20180825-063753_619_live,Donation Baseline / Habit Probe,Interested,7,7
20180825-063753_619_live,Commitment and Consistency,Interested,8,8
20180825-063753_619_live,Logistics / Coordination,Neutral,9,9
20180825-064001_264_live,Moral Appeal,Neutral,0,0
20180825-064001_264_live,Credibility Appeal,Neutral,1,1
20180825-064001_264_live,Credibility Appeal,Neutral,2,2
20180825-064001_264_live,Sympathy Appeal,Neutral,3,3
20180825-064001_264_live,Empathy Appeal,Neutral,4,4
20180825-064001_264_live,Call to Action,Neutral,6,6
20180825-064001_264_live,Credibility Appeal,Neutral,7,7
20180825-064001_264_live,Credibility Appeal,Neutral,8,8
20180825-064001_264_live,Rational Appeal,Interested,9,9
20180825-064038_102_live,Greeting / Rapport,Neutral,0,0
20180825-064038_102_live,Greeting / Rapport,Neutral,1,1
20180825-064038_102_live,Charity Awareness Probe,Neutral,2,2
20180825-064038_102_live,Call to Action,Not Interested,3,3
20180825-064038_102_live,Logistics / Coordination,Neutral,5,5
20180825-064038_102_live,Empathy Appeal,Neutral,6,6
20180825-064038_102_live,Logistics / Coordination,Neutral,7,7
20180825-064038_102_live,Rational Appeal,Neutral,8,8
20180825-064038_102_live,Moral Appeal,Neutral,9,9
20180825-064811_939_live,Charity Awareness Probe,Not Interested,0,0
20180825-064811_939_live,Rational Appeal,Interested,1,1
20180825-064811_939_live,Commitment and Consistency,Interested,2,2
20180825-064811_939_live,Acknowledgement,Not Interested,3,3
20180825-064811_939_live,Fear Appeal,Not Interested,5,5
20180825-064811_939_live,Fear Appeal,Not Interested,6,6
20180825-064811_939_live,Credibility Appeal,Not Interested,7,7
20180825-064811_939_live,Rational Appeal,Not Interested,8,8
20180825-064811_939_live,Acknowledgement,Not Interested,9,9
20180825-064838_945_live,Greeting / Rapport,Neutral,0,0
20180825-064838_945_live,Acknowledgement,Neutral,1,1
20180825-064838_945_live,Donation Baseline / Habit Probe,Not Interested,2,2
20180825-064838_945_live,Non-persuasive Other,Neutral,3,3
20180825-064838_945_live,Logical Appeal,Interested,5,5
20180825-064838_945_live,Rational Appeal,Neutral,6,6
20180825-064838_945_live,Empathy Appeal,Neutral,7,7
20180825-064838_945_live,Moral Appeal,Interested,8,8
20180825-064838_945_live,Self-feeling Appeal,Neutral,9,9
20180825-065106_23_live,Greeting / Rapport,Neutral,0,0
20180825-065106_23_live,Call to Action,Neutral,1,1
20180825-065106_23_live,Framing,Neutral,2,2
20180825-065106_23_live,Rational Appeal,Neutral,3,3
20180825-065106_23_live,Call to Action,Neutral,5,5
20180825-065106_23_live,Fear Appeal,Neutral,6,6
20180825-065106_23_live,Call to Action,Interested,7,7
20180825-065106_23_live,Activation of Personal Commitment,Neutral,8,8
20180825-065106_23_live,Conversation Closing,Neutral,9,9
20180825-065411_526_live,Moral Appeal,Interested,0,0
20180825-065411_526_live,Reciprocity,Interested,1,1
20180825-065411_526_live,Logistics / Coordination,Interested,2,2
20180825-065411_526_live,Logistics / Coordination,Neutral,3,3
20180825-065411_526_live,Logistics / Coordination,Interested,5,5
20180825-065411_526_live,Reciprocity,Interested,6,6
20180825-065411_526_live,Reciprocity,Neutral,7,7
20180825-065411_526_live,Logistics / Coordination,Neutral,8,8
20180825-065411_526_live,Credibility Appeal,Interested,9,9
20180825-070515_947_live,Charity Awareness Probe,Neutral,0,0
20180825-070515_947_live,Guilt Induction,Neutral,1,1
20180825-070515_947_live,Emotional Manipulation,Neutral,2,2
20180825-070515_947_live,Commitment and Consistency,Neutral,3,3
20180825-070515_947_live,Charity Awareness Probe,Neutral,5,5
20180825-070515_947_live,Non-persuasive Other,Neutral,6,6
20180825-070515_947_live,Appeal to Values,Interested,7,7
20180825-070515_947_live,Acknowledgement,Neutral,8,8
20180825-070515_947_live,Rational Appeal,Neutral,9,9
20180825-070857_925_live,Donation Baseline / Habit Probe,Interested,0,0
20180825-070857_925_live,Acknowledgement,Neutral,1,1
20180825-070857_925_live,Storytelling,Interested,2,2
20180825-070857_925_live,Framing,Neutral,3,3
20180825-070857_925_live,Credibility Appeal,Neutral,4,4
20180825-070857_925_live,Framing,Neutral,6,6
20180825-070857_925_live,Framing,Interested,7,7
20180825-070857_925_live,Framing,Interested,8,8
20180825-070857_925_live,Unity,Interested,9,9
20180825-070900_49_live,Greeting / Rapport,Not Interested,0,0
20180825-070900_49_live,Greeting / Rapport,Interested,1,1
20180825-070900_49_live,Charity Awareness Probe,Neutral,2,2
20180825-070900_49_live,Sympathy Appeal,Neutral,3,3
20180825-070900_49_live,Charity Awareness Probe,Neutral,5,5
20180825-070900_49_live,Donation Baseline / Habit Probe,Neutral,6,6
20180825-070900_49_live,Acknowledgement,Not Interested,7,7
20180825-070900_49_live,Non-persuasive Other,Not Interested,8,8
20180825-070900_49_live,Non-persuasive Other,Not Interested,9,9
20180825-071316_761_live,Greeting / Rapport,Neutral,0,0
20180825-071316_761_live,Acknowledgement,Neutral,1,1
20180825-071316_761_live,Rational Appeal,Neutral,2,2
20180825-071316_761_live,Social Proof,Neutral,3,3
20180825-071316_761_live,Self-feeling Appeal,Neutral,5,5
20180825-071316_761_live,Call to Action,Interested,6,6
20180825-071316_761_live,Logistics / Coordination,Interested,7,7
20180825-071316_761_live,Acknowledgement,Neutral,8,8
20180825-071316_761_live,Self-feeling Appeal,Neutral,9,9
20180825-071459_643_live,Appeal to Values,Neutral,0,0
20180825-071459_643_live,Activation of Personal Commitment,Interested,1,1
20180825-071459_643_live,Appeal to Values,Neutral,2,2
20180825-071459_643_live,Logical Appeal,Neutral,3,3
20180825-071459_643_live,Appeal to Values,Interested,5,5
20180825-071459_643_live,Activation of Personal Commitment,Interested,6,6
20180825-071459_643_live,Acknowledgement,Neutral,7,7
20180825-071459_643_live,Acknowledgement,Neutral,8,8
20180825-071459_643_live,Conversation Closing,Neutral,9,9
20180825-071727_819_live,Greeting / Rapport,Neutral,0,0
20180825-071727_819_live,Greeting / Rapport,Neutral,1,1
20180825-071727_819_live,Empathy Appeal,Neutral,2,2
20180825-071727_819_live,Moral Appeal,Neutral,3,3
20180825-071727_819_live,Call to Action,Interested,5,5
20180825-071727_819_live,Non-persuasive Other,Neutral,6,6
20180825-071727_819_live,Acknowledgement,Neutral,7,7
20180825-071727_819_live,Self-feeling Appeal,Neutral,8,8
20180825-071727_819_live,Conversation Closing,Neutral,9,9
20180825-071757_571_live,Greeting / Rapport,Neutral,0,0
20180825-071757_571_live,Donation Baseline / Habit Probe,Not Interested,1,1
20180825-071757_571_live,Social Proof,Neutral,2,2
20180825-071757_571_live,Appeal to Values,Neutral,3,3
20180825-071757_571_live,Qualification / Segmentation,Neutral,5,5
20180825-071757_571_live,Acknowledgement,Neutral,6,6
20180825-071757_571_live,Appeal to Values,Neutral,7,7
20180825-071757_571_live,Appeal to Values,Neutral,8,8
20180825-071757_571_live,Non-persuasive Other,Neutral,9,9
20180825-073030_73_live,Greeting / Rapport,Not Interested,0,0
20180825-073030_73_live,Greeting / Rapport,Neutral,1,1
20180825-073030_73_live,Charity Awareness Probe,Neutral,2,2
20180825-073030_73_live,Reciprocity,Interested,3,3
20180825-073030_73_live,Charity Awareness Probe,Neutral,5,5
20180825-073030_73_live,Non-persuasive Other,Neutral,6,6
20180825-073030_73_live,Charity Awareness Probe,Neutral,7,7
20180825-073030_73_live,Charity Awareness Probe,Neutral,9,9
20180825-073559_995_live,Greeting / Rapport,Neutral,0,0
20180825-073559_995_live,Greeting / Rapport,Neutral,1,1
20180825-073559_995_live,Charity Awareness Probe,Neutral,2,2
20180825-073559_995_live,Empathy Appeal,Interested,3,3
20180825-073559_995_live,Donation Baseline / Habit Probe,Interested,5,5
20180825-073559_995_live,Commitment and Consistency,Interested,6,6
20180825-073559_995_live,Call to Action,Interested,7,7
20180825-073559_995_live,Acknowledgement,Neutral,8,8
20180825-073559_995_live,Acknowledgement,Neutral,9,9
20180825-073629_433_live,Charity Awareness Probe,Neutral,0,0
20180825-073629_433_live,Moral Appeal,Neutral,1,1
20180825-073629_433_live,Rational Appeal,Neutral,2,2
20180825-073629_433_live,Urgency,Not Interested,3,3
20180825-073629_433_live,Call to Action,Neutral,5,5
20180825-073629_433_live,Credibility Appeal,Neutral,7,7
20180825-073629_433_live,Non-persuasive Other,Neutral,8,8
20180825-073629_433_live,Framing,Interested,9,9
20180825-073809_134_live,Moral Appeal,Neutral,0,0
20180825-073809_134_live,Moral Appeal,Neutral,1,1
20180825-073809_134_live,Acknowledgement,Neutral,2,2
20180825-073809_134_live,Non-persuasive Other,Neutral,3,3
20180825-073809_134_live,Framing,Interested,5,5
20180825-073809_134_live,Greeting / Rapport,Interested,6,6
20180825-073809_134_live,Acknowledgement,Neutral,7,7
20180825-073809_134_live,Self-feeling Appeal,Neutral,8,8
20180825-073809_134_live,Social Proof,Interested,9,9
20180825-073813_141_live,Charity Awareness Probe,Neutral,0,0
20180825-073813_141_live,Credibility Appeal,Neutral,1,1
20180825-073813_141_live,Fear Appeal,Interested,2,2
20180825-073813_141_live,Fear Appeal,Neutral,3,3
20180825-073813_141_live,Credibility Appeal,Interested,5,5
20180825-073813_141_live,Credibility Appeal,Interested,6,6
20180825-073813_141_live,Rewarding Activity,Interested,7,7
20180825-073813_141_live,Acknowledgement,Neutral,8,8
20180825-073813_141_live,Logistics / Coordination,Interested,9,9
20180825-074318_984_live,Greeting / Rapport,Neutral,0,0
20180825-074318_984_live,Appeal to Values,Interested,1,1
20180825-074318_984_live,Call to Action,Interested,2,2
20180825-074318_984_live,Logistics / Coordination,Interested,3,3
20180825-074318_984_live,Acknowledgement,Neutral,5,5
20180825-074318_984_live,Non-persuasive Other,Neutral,6,6
20180825-074318_984_live,Acknowledgement,Neutral,7,7
20180825-074318_984_live,Acknowledgement,Neutral,8,8
20180825-074318_984_live,Acknowledgement,Neutral,9,9
20180825-075451_984_live,Charity Awareness Probe,Neutral,0,0
20180825-075451_984_live,Appeal to Values,Neutral,1,1
20180825-075451_984_live,Rewarding Activity,Neutral,2,2
20180825-075451_984_live,Moral Appeal,Neutral,3,3
20180825-075451_984_live,Framing,Neutral,4,4
20180825-075451_984_live,Call to Action,Interested,6,6
20180825-075451_984_live,Reciprocity,Interested,7,7
20180825-075451_984_live,Logistics / Coordination,Interested,8,8
20180825-075451_984_live,Self-feeling Appeal,Interested,9,9
20180825-075611_866_live,Greeting / Rapport,Neutral,0,0
20180825-075611_866_live,Appeal to Values,Neutral,1,1
20180825-075611_866_live,Framing,Neutral,2,2
20180825-075611_866_live,Rational Appeal,Neutral,3,3
20180825-075611_866_live,Storytelling,Interested,5,5
20180825-075611_866_live,Call to Action,Interested,6,6
20180825-075611_866_live,Call to Action,Interested,7,7
20180825-075611_866_live,Acknowledgement,Neutral,8,8
20180825-075611_866_live,Conversation Closing,Neutral,9,9
20180825-075627_48_live,Charity Awareness Probe,Neutral,0,0
20180825-075627_48_live,Emotional Appeal,Neutral,1,1
20180825-075627_48_live,Credibility Appeal,Neutral,2,2
20180825-075627_48_live,Logistics / Coordination,Neutral,3,3
20180825-075627_48_live,Rational Appeal,Not Interested,5,5
20180825-075627_48_live,Guilt Induction,Not Interested,6,6
20180825-075627_48_live,Logistics / Coordination,Neutral,7,7
20180825-075627_48_live,Acknowledgement,Not Interested,8,8
20180825-075627_48_live,Acknowledgement,Neutral,9,9
20180825-075630_493_live,Greeting / Rapport,Neutral,0,0
20180825-075630_493_live,Greeting / Rapport,Neutral,1,1
20180825-075630_493_live,Appeal to Values,Neutral,2,2
20180825-075630_493_live,Moral Appeal,Neutral,3,3
20180825-075630_493_live,Reciprocity,Interested,5,5
20180825-075630_493_live,Rational Appeal,Neutral,6,6
20180825-075630_493_live,Acknowledgement,Neutral,7,7
20180825-075630_493_live,Conversation Closing,Neutral,8,8
20180825-075630_493_live,Acknowledgement,Neutral,9,9
20180825-075647_663_live,Greeting / Rapport,Neutral,0,0
20180825-075647_663_live,Social Proof,Interested,1,1
20180825-075647_663_live,Reciprocity,Neutral,2,2
20180825-075647_663_live,Moral Appeal,Neutral,3,3
20180825-075647_663_live,Charity Awareness Probe,Interested,4,4
20180825-075647_663_live,Framing,Neutral,6,6
20180825-075647_663_live,Empathy Appeal,Neutral,7,7
20180825-075647_663_live,Pre-giving,Interested,8,8
20180825-075647_663_live,Emotional Appeal,Neutral,9,9
20180825-075647_663_live,Commitment and Consistency,Interested,10,10
20180825-075658_709_live,Charity Awareness Probe,Neutral,0,0
20180825-075658_709_live,Non-persuasive Other,Neutral,1,1
20180825-075658_709_live,Appeal to Values,Neutral,2,2
20180825-075658_709_live,Credibility Appeal,Neutral,3,3
20180825-075658_709_live,Empathy Appeal,Neutral,4,4
20180825-075658_709_live,Activation of Personal Commitment,Neutral,6,6
20180825-075658_709_live,Call to Action,Neutral,7,7
20180825-075658_709_live,Logistics / Coordination,Interested,8,8
20180825-075658_709_live,Rational Appeal,Interested,9,9
20180825-075835_273_live,Greeting / Rapport,Neutral,0,0
20180825-075835_273_live,Greeting / Rapport,Neutral,1,1
20180825-075835_273_live,Greeting / Rapport,Neutral,2,2
20180825-075835_273_live,Storytelling,Interested,3,3
20180825-075835_273_live,Empathy Appeal,Neutral,6,6
20180825-075835_273_live,Charity Awareness Probe,Interested,7,7
20180825-075835_273_live,Emotional Appeal,Neutral,8,8
20180825-075835_273_live,Non-persuasive Other,Interested,9,9
20180825-075844_569_live,Charity Awareness Probe,Neutral,0,0
20180825-075844_569_live,Non-persuasive Other,Neutral,1,1
20180825-075844_569_live,Guilt Induction,Neutral,2,2
20180825-075844_569_live,Non-persuasive Other,Not Interested,3,3
20180825-075844_569_live,Rational Appeal,Interested,4,4
20180825-075844_569_live,Conversation Closing,Neutral,6,6
20180825-075844_569_live,Logistics / Coordination,Neutral,7,7
20180825-075844_569_live,Non-persuasive Other,Neutral,8,8
20180825-075844_569_live,Logistics / Coordination,Neutral,9,9
20180825-075913_208_live,Call to Action,Interested,0,0
20180825-075913_208_live,Appeal to Values,Neutral,1,1
20180825-075913_208_live,Moral Appeal,Neutral,2,2
20180825-075913_208_live,Logistics / Coordination,Interested,3,3
20180825-075913_208_live,Rational Appeal,Interested,4,4
20180825-075913_208_live,Logistics / Coordination,Neutral,6,6
20180825-075913_208_live,Acknowledgement,Interested,7,7
20180825-075913_208_live,Logistics / Coordination,Interested,8,8
20180825-075913_208_live,Acknowledgement,Interested,9,9
20180825-080131_220_live,Charity Awareness Probe,Neutral,0,0
20180825-080131_220_live,Credibility Appeal,Neutral,1,1
20180825-080131_220_live,Credibility Appeal,Interested,2,2
20180825-080131_220_live,Acknowledgement,Neutral,5,5
20180825-080131_220_live,Emotional Appeal,Neutral,6,6
20180825-080131_220_live,Appeal to Values,Neutral,7,7
20180825-080131_220_live,Acknowledgement,Neutral,8,8
20180825-080131_220_live,Acknowledgement,Neutral,9,9
20180825-080436_824_live,Moral Appeal,Neutral,0,0
20180825-080436_824_live,Rational Appeal,Neutral,1,1
20180825-080436_824_live,Credibility Appeal,Neutral,2,2
20180825-080436_824_live,Rational Appeal,Neutral,3,3
20180825-080436_824_live,Rational Appeal,Neutral,4,4
20180825-080436_824_live,Credibility Appeal,Neutral,6,6
20180825-080436_824_live,Moral Appeal,Neutral,7,7
20180825-080436_824_live,Framing,Interested,8,8
20180825-080436_824_live,Rational Appeal,Neutral,9,9
20180825-080452_233_live,Charity Awareness Probe,Interested,0,0
20180825-080452_233_live,Charity Awareness Probe,Neutral,1,1
20180825-080452_233_live,Acknowledgement,Neutral,2,2
20180825-080452_233_live,Charity Awareness Probe,Neutral,3,3
20180825-080452_233_live,Charity Awareness Probe,Neutral,5,5
20180825-080452_233_live,Appeal to Values,Neutral,6,6
20180825-080452_233_live,Charity Awareness Probe,Neutral,7,7
20180825-080452_233_live,Charity Awareness Probe,Neutral,8,8
20180825-080452_233_live,Charity Awareness Probe,Neutral,9,9
20180825-080802_964_live,Greeting / Rapport,Neutral,0,0
20180825-080802_964_live,Charity Awareness Probe,Neutral,1,1
20180825-080802_964_live,Rational Appeal,Neutral,2,2
20180825-080802_964_live,Rational Appeal,Interested,3,3
20180825-080802_964_live,Framing,Interested,4,4
20180825-080802_964_live,Rational Appeal,Neutral,6,6
20180825-080802_964_live,Moral Appeal,Neutral,7,7
20180825-080802_964_live,Credibility Appeal,Interested,8,8
20180825-080802_964_live,Conversation Closing,Neutral,9,9
20180825-081402_621_live,Charity Awareness Probe,Neutral,0,0
20180825-081402_621_live,Call to Action,Neutral,1,1
20180825-081402_621_live,Urgency,Neutral,2,2
20180825-081402_621_live,Emotional Appeal,Neutral,3,3
20180825-081402_621_live,Rational Appeal,Interested,5,5
20180825-081402_621_live,Framing,Interested,6,6
20180825-081402_621_live,Call to Action,Not Interested,7,7
20180825-081402_621_live,Loss Aversion Appeal,Interested,8,8
20180825-081402_621_live,Logistics / Coordination,Interested,9,9
20180825-081502_364_live,Greeting / Rapport,Neutral,0,0
20180825-081502_364_live,Greeting / Rapport,Neutral,1,1
20180825-081502_364_live,Charity Awareness Probe,Neutral,2,2
20180825-081502_364_live,Charity Awareness Probe,Neutral,3,3
20180825-081502_364_live,Emotional Appeal,Neutral,4,4
20180825-081502_364_live,Framing,Interested,6,6
20180825-081502_364_live,Social Proof,Neutral,7,7
20180825-081502_364_live,Framing,Not Interested,8,8
20180825-081502_364_live,Empathy Appeal,Interested,9,9
20180825-081646_781_live,Greeting / Rapport,Neutral,0,0
20180825-081646_781_live,Charity Awareness Probe,Interested,1,1
20180825-081646_781_live,Acknowledgement,Neutral,2,2
20180825-081646_781_live,Acknowledgement,Neutral,3,3
20180825-081646_781_live,Non-persuasive Other,Neutral,5,5
20180825-081646_781_live,Acknowledgement,Neutral,6,6
20180825-081646_781_live,Non-persuasive Other,Neutral,7,7
20180825-081646_781_live,Non-persuasive Other,Neutral,8,8
20180825-081646_781_live,Non-persuasive Other,Neutral,9,9
20180825-081859_875_live,Charity Awareness Probe,Neutral,0,0
20180825-081859_875_live,Non-persuasive Other,Neutral,1,1
20180825-081859_875_live,Moral Appeal,Neutral,2,2
20180825-081859_875_live,Rational Appeal,Neutral,3,3
20180825-081859_875_live,Social Proof,Interested,5,5
20180825-081859_875_live,Charity Awareness Probe,Neutral,6,6
20180825-081859_875_live,Acknowledgement,Neutral,7,7
20180825-081859_875_live,Acknowledgement,Neutral,8,8
20180825-081859_875_live,Rational Appeal,Neutral,9,9
20180825-082635_438_live,Guilt Induction,Neutral,0,0
20180825-082635_438_live,Sympathy Appeal,Neutral,1,1
20180825-082635_438_live,Moral Appeal,Neutral,2,2
20180825-082635_438_live,Framing,Neutral,3,3
20180825-082635_438_live,Rational Appeal,Interested,5,5
20180825-082635_438_live,Rewarding Activity,Interested,6,6
20180825-082635_438_live,Commitment and Consistency,Neutral,7,7
20180825-082635_438_live,Storytelling,Interested,8,8
20180825-082635_438_live,Moral Appeal,Neutral,9,9
20180825-083430_379_live,Greeting / Rapport,Neutral,0,0
20180825-083430_379_live,Charity Awareness Probe,Interested,1,1
20180825-083430_379_live,Donation Baseline / Habit Probe,Interested,2,2
20180825-083430_379_live,Charity Awareness Probe,Neutral,3,3
20180825-083430_379_live,Moral Appeal,Neutral,5,5
20180825-083430_379_live,Logistics / Coordination,Interested,6,6
20180825-083430_379_live,Call to Action,Neutral,7,7
20180825-083430_379_live,Framing,Neutral,8,8
20180825-083430_379_live,Activation of Personal Commitment,Neutral,9,9
20180825-083745_516_live,Greeting / Rapport,Not Interested,0,0
20180825-083745_516_live,Greeting / Rapport,Neutral,1,1
20180825-083745_516_live,Non-persuasive Other,Neutral,2,2
20180825-083745_516_live,Fear Appeal,Neutral,3,3
20180825-083745_516_live,Framing,Neutral,5,5
20180825-083745_516_live,Credibility Appeal,Neutral,6,6
20180825-083745_516_live,Social Proof,Interested,7,7
20180825-083745_516_live,Call to Action,Interested,8,8
20180825-083745_516_live,Acknowledgement,Neutral,9,9
20180825-084254_215_live,Charity Awareness Probe,Neutral,0,0
20180825-084254_215_live,Non-persuasive Other,Neutral,1,1
20180825-084254_215_live,Non-persuasive Other,Neutral,2,2
20180825-084254_215_live,Call to Action,Interested,3,3
20180825-084254_215_live,Social Proof,Interested,4,4
20180825-084254_215_live,Pre-giving,Neutral,6,6
20180825-084254_215_live,Acknowledgement,Neutral,7,7
20180825-084254_215_live,Empathy Appeal,Neutral,8,8
20180825-084254_215_live,Guilt Induction,Neutral,9,9
20180825-084657_775_live,Greeting / Rapport,Not Interested,0,0
20180825-084657_775_live,Call to Action,Interested,1,1
20180825-084657_775_live,Activation of Personal Commitment,Neutral,2,2
20180825-084657_775_live,Donation Baseline / Habit Probe,Neutral,3,3
20180825-084657_775_live,Charity Awareness Probe,Neutral,5,5
20180825-084657_775_live,Appeal to Values,Neutral,6,6
20180825-084657_775_live,Charity Awareness Probe,Neutral,7,7
20180825-084657_775_live,Framing,Interested,8,8
20180825-084657_775_live,Moral Appeal,Not Interested,9,9
20180825-085214_779_live,Greeting / Rapport,Neutral,0,0
20180825-085214_779_live,Charity Awareness Probe,Interested,1,1
20180825-085214_779_live,Charity Awareness Probe,Neutral,2,2
20180825-085214_779_live,Rational Appeal,Neutral,3,3
20180825-085214_779_live,Rational Appeal,Neutral,5,5
20180825-085214_779_live,Donation Baseline / Habit Probe,Neutral,6,6
20180825-085214_779_live,Donation Baseline / Habit Probe,Interested,7,7
20180825-085214_779_live,Call to Action,Interested,8,8
20180825-085214_779_live,Logistics / Coordination,Neutral,9,9
20180825-085709_930_live,Charity Awareness Probe,Neutral,0,0
20180825-085709_930_live,Appeal to Values,Interested,1,1
20180825-085709_930_live,Commitment and Consistency,Interested,2,2
20180825-085709_930_live,Rational Appeal,Neutral,3,3
20180825-085709_930_live,Appeal to Values,Neutral,5,5
20180825-085709_930_live,Reciprocity,Neutral,6,6
20180825-085709_930_live,Rational Appeal,Neutral,7,7
20180825-085709_930_live,Framing,Neutral,8,8
20180825-085709_930_live,Acknowledgement,Neutral,9,9
20180825-085908_923_live,Greeting / Rapport,Neutral,0,0
20180825-085908_923_live,Donation Baseline / Habit Probe,Interested,1,1
20180825-085908_923_live,Charity Awareness Probe,Interested,2,2
20180825-085908_923_live,Rational Appeal,Interested,3,3
20180825-085908_923_live,Credibility Appeal,Interested,4,4
20180825-085908_923_live,Rational Appeal,Interested,6,6
20180825-085908_923_live,Social Proof,Interested,7,7
20180825-085908_923_live,Acknowledgement,Interested,8,8
20180825-085908_923_live,Acknowledgement,Interested,9,9
20180825-090032_956_live,Greeting / Rapport,Not Interested,0,0
20180825-090032_956_live,Credibility Appeal,Neutral,1,1
20180825-090032_956_live,Credibility Appeal,Neutral,2,2
20180825-090032_956_live,Credibility Appeal,Not Interested,3,3
20180825-090032_956_live,Credibility Appeal,Neutral,5,5
20180825-090032_956_live,Credibility Appeal,Neutral,6,6
20180825-090032_956_live,Rational Appeal,Neutral,7,7
20180825-090032_956_live,Framing,Interested,8,8
20180825-090032_956_live,Commitment and Consistency,Not Interested,9,9
20180825-090251_7_live,Greeting / Rapport,Neutral,0,0
20180825-090251_7_live,Non-persuasive Other,Neutral,1,1
20180825-090251_7_live,Call to Action,Interested,2,2
20180825-090251_7_live,Acknowledgement,Neutral,3,3
20180825-090251_7_live,Qualification / Segmentation,Neutral,5,5
20180825-090251_7_live,Self-feeling Appeal,Interested,6,6
20180825-090251_7_live,Donation Baseline / Habit Probe,Neutral,7,7
20180825-090251_7_live,Donation Baseline / Habit Probe,Neutral,8,8
20180825-090251_7_live,Activation of Personal Commitment,Interested,9,9
20180825-090446_585_live,Permission / Time Check,Interested,0,0
20180825-090446_585_live,Commitment and Consistency,Interested,1,1
20180825-090446_585_live,Moral Appeal,Interested,2,2
20180825-090446_585_live,Framing,Interested,3,3
20180825-090446_585_live,Commitment and Consistency,Interested,5,5
20180825-090446_585_live,Logistics / Coordination,Interested,6,6
20180825-090446_585_live,Unity,Interested,7,7
20180825-090446_585_live,Logistics / Coordination,Interested,8,8
20180825-090446_585_live,Commitment and Consistency,Interested,9,9
20180825-091558_618_live,Charity Awareness Probe,Not Interested,0,0
20180825-091558_618_live,Charity Awareness Probe,Neutral,1,1
20180825-091558_618_live,Charity Awareness Probe,Neutral,2,2
20180825-091558_618_live,Credibility Appeal,Interested,3,3
20180825-091558_618_live,Commitment and Consistency,Neutral,4,4
20180825-091558_618_live,Credibility Appeal,Interested,6,6
20180825-091558_618_live,Fear Appeal,Not Interested,7,7
20180825-091558_618_live,Credibility Appeal,Neutral,8,8
20180825-091558_618_live,Framing,Not Interested,9,9
20180825-092012_333_live,Call to Action,Neutral,0,0
20180825-092012_333_live,Non-persuasive Other,Neutral,1,1
20180825-092012_333_live,Moral Appeal,Neutral,2,2
20180825-092012_333_live,Moral Appeal,Neutral,3,3
20180825-092012_333_live,Framing,Neutral,5,5
20180825-092012_333_live,Credibility Appeal,Neutral,6,6
20180825-092012_333_live,Non-persuasive Other,Neutral,7,7
20180825-092012_333_live,Moral Appeal,Neutral,8,8
20180825-092012_333_live,Non-persuasive Other,Neutral,9,9
20180825-093236_414_live,Charity Awareness Probe,Interested,0,0
20180825-093236_414_live,Activation of Personal Commitment,Neutral,1,1
20180825-093236_414_live,Storytelling,Neutral,2,2
20180825-093236_414_live,Acknowledgement,Neutral,3,3
20180825-093236_414_live,Rational Appeal,Neutral,5,5
20180825-093236_414_live,Rational Appeal,Neutral,6,6
20180825-093236_414_live,Framing,Neutral,7,7
20180825-093236_414_live,Call to Action,Interested,8,8
20180825-093236_414_live,Acknowledgement,Neutral,9,9
20180825-094831_466_live,Greeting / Rapport,Not Interested,0,0
20180825-094831_466_live,Qualification / Segmentation,Neutral,1,1
20180825-094831_466_live,Non-persuasive Other,Neutral,2,2
20180825-094831_466_live,Call to Action,Not Interested,3,3
20180825-094831_466_live,Rational Appeal,Interested,5,5
20180825-094831_466_live,Acknowledgement,Not Interested,6,6
20180825-094831_466_live,Donation Baseline / Habit Probe,Interested,7,7
20180825-094831_466_live,Call to Action,Neutral,8,8
20180825-094831_466_live,Call to Action,Not Interested,9,9
20180825-100043_534_live,Greeting / Rapport,Neutral,0,0
20180825-100043_534_live,Moral Appeal,Interested,1,1
20180825-100043_534_live,Logistics / Coordination,Interested,2,2
20180825-100043_534_live,Acknowledgement,Neutral,3,3
20180825-100043_534_live,Moral Appeal,Neutral,4,4
20180825-100043_534_live,Acknowledgement,Neutral,6,6
20180825-100043_534_live,Appeal to Values,Neutral,7,7
20180825-100043_534_live,Rational Appeal,Neutral,8,8
20180825-100043_534_live,Rational Appeal,Neutral,9,9
20180825-102556_172_live,Moral Appeal,Neutral,0,0
20180825-102556_172_live,Charity Awareness Probe,Neutral,1,1
20180825-102556_172_live,Framing,Interested,2,2
20180825-102556_172_live,Social Proof,Neutral,3,3
20180825-102556_172_live,Fear Appeal,Neutral,4,4
20180825-102556_172_live,Guilt Induction,Interested,6,6
20180825-102556_172_live,Logistics / Coordination,Neutral,7,7
20180825-102556_172_live,Logistics / Coordination,Neutral,8,8
20180825-102556_172_live,Moral Appeal,Interested,9,9
20180825-111850_152_live,Greeting / Rapport,Neutral,0,0
20180825-111850_152_live,Charity Awareness Probe,Neutral,1,1
20180825-111850_152_live,Rational Appeal,Neutral,2,2
20180825-111850_152_live,Rational Appeal,Neutral,3,3
20180825-111850_152_live,Social Proof,Neutral,4,4
20180825-111850_152_live,Call to Action,Interested,6,6
20180825-111850_152_live,Empathy Appeal,Neutral,7,7
20180825-111850_152_live,Logical Appeal,Interested,8,8
20180825-111850_152_live,Rewarding Activity,Interested,9,9
20180825-112434_860_live,Charity Awareness Probe,Neutral,0,0
20180825-112434_860_live,Appeal to Values,Interested,1,1
20180825-112434_860_live,Rational Appeal,Neutral,2,2
20180825-112434_860_live,Credibility Appeal,Neutral,3,3
20180825-112434_860_live,Rational Appeal,Neutral,5,5
20180825-112434_860_live,Rational Appeal,Interested,6,6
20180825-112434_860_live,Empathy Appeal,Interested,7,7
20180825-112434_860_live,Acknowledgement,Interested,8,8
20180825-112434_860_live,Rational Appeal,Interested,9,9
20180825-112615_516_live,Charity Awareness Probe,Neutral,0,0
20180825-112615_516_live,Appeal to Values,Neutral,1,1
20180825-112615_516_live,Rational Appeal,Neutral,2,2
20180825-112615_516_live,Appeal to Values,Neutral,3,3
20180825-112615_516_live,Appeal to Values,Neutral,4,4
20180825-112615_516_live,Rational Appeal,Neutral,6,6
20180825-112615_516_live,Call to Action,Neutral,7,7
20180825-112615_516_live,Moral Appeal,Neutral,8,8
20180825-112615_516_live,Rational Appeal,Neutral,9,9
20180825-125810_869_live,Charity Awareness Probe,Neutral,0,0
20180825-125810_869_live,Non-persuasive Other,Neutral,1,1
20180825-125810_869_live,Rational Appeal,Neutral,2,2
20180825-125810_869_live,Framing,Neutral,3,3
20180825-125810_869_live,Credibility Appeal,Interested,5,5
20180825-125810_869_live,Call to Action,Interested,6,6
20180825-125810_869_live,Acknowledgement,Neutral,7,7
20180825-125810_869_live,Logistics / Coordination,Neutral,8,8
20180825-125810_869_live,Acknowledgement,Interested,9,9
20180825-143255_249_live,Charity Awareness Probe,Neutral,0,0
20180825-143255_249_live,Non-persuasive Other,Neutral,1,1
20180825-143255_249_live,Moral Appeal,Neutral,2,2
20180825-143255_249_live,Fear Appeal,Neutral,3,3
20180825-143255_249_live,Framing,Neutral,5,5
20180825-143255_249_live,Framing,Neutral,6,6
20180825-143255_249_live,Acknowledgement,Interested,7,7
20180825-143255_249_live,Appeal to Values,Neutral,8,8
20180825-143255_249_live,Acknowledgement,Neutral,9,9
20180825-210735_192_live,Moral Appeal,Interested,0,0
20180825-210735_192_live,Rational Appeal,Neutral,1,1
20180825-210735_192_live,Donation Baseline / Habit Probe,Neutral,2,2
20180825-210735_192_live,Framing,Interested,3,3
20180825-210735_192_live,Empathy Appeal,Neutral,5,5
20180825-210735_192_live,Permission / Time Check,Neutral,6,6
20180825-210735_192_live,Non-persuasive Other,Neutral,7,7
20180825-210735_192_live,Call to Action,Interested,8,8
20180825-210735_192_live,Acknowledgement,Neutral,9,9
20180826-011431_343_live,Charity Awareness Probe,Neutral,0,0
20180826-011431_343_live,Donation Baseline / Habit Probe,Neutral,1,1
20180826-011431_343_live,Social Proof,Neutral,2,2
20180826-011431_343_live,Donation Baseline / Habit Probe,Neutral,3,3
20180826-011431_343_live,Framing,Interested,5,5
20180826-011431_343_live,Framing,Interested,6,6
20180826-011431_343_live,Acknowledgement,Neutral,9,9
20180826-013036_595_live,Call to Action,Neutral,0,0
20180826-013036_595_live,Appeal to Values,Not Interested,1,1
20180826-013036_595_live,Moral Appeal,Not Interested,2,2
20180826-013036_595_live,Sympathy Appeal,Interested,3,3
20180826-013036_595_live,Call to Action,Neutral,4,4
20180826-013036_595_live,Acknowledgement,Not Interested,6,6
20180826-013036_595_live,Non-persuasive Other,Interested,7,7
20180826-013036_595_live,Framing,Interested,8,8
20180826-013036_595_live,Logistics / Coordination,Interested,9,9
20180826-013529_897_live,Moral Appeal,Interested,0,0
20180826-013529_897_live,Call to Action,Interested,1,1
20180826-013529_897_live,Acknowledgement,Neutral,2,2
20180826-013529_897_live,Reciprocity,Interested,3,3
20180826-013529_897_live,Moral Appeal,Interested,5,5
20180826-013529_897_live,Moral Appeal,Neutral,6,6
20180826-013529_897_live,Framing,Interested,7,7
20180826-013529_897_live,Greeting / Rapport,Interested,8,8
20180826-013529_897_live,Non-persuasive Other,Neutral,9,9
20180826-013831_953_live,Call to Action,Interested,0,0
20180826-013831_953_live,Charity Awareness Probe,Neutral,1,1
20180826-013831_953_live,Non-persuasive Other,Interested,2,2
20180826-013831_953_live,Appeal to Values,Interested,3,3
20180826-013831_953_live,Rational Appeal,Interested,5,5
20180826-013831_953_live,Rational Appeal,Interested,6,6
20180826-013831_953_live,Framing,Neutral,7,7
20180826-013831_953_live,Framing,Interested,8,8
20180826-013831_953_live,Acknowledgement,Interested,9,9
20180826-020520_686_live,Greeting / Rapport,Neutral,0,0
20180826-020520_686_live,Moral Appeal,Neutral,1,1
20180826-020520_686_live,Rational Appeal,Neutral,2,2
20180826-020520_686_live,Self-feeling Appeal,Neutral,3,3
20180826-020520_686_live,Non-persuasive Other,Neutral,4,4
20180826-020520_686_live,Self-feeling Appeal,Neutral,6,6
20180826-020520_686_live,Rewarding Activity,Interested,7,7
20180826-020520_686_live,Commitment and Consistency,Neutral,8,8
20180826-020520_686_live,Credibility Appeal,Interested,9,9
20180826-021724_326_live,Charity Awareness Probe,Neutral,0,0
20180826-021724_326_live,Non-persuasive Other,Neutral,1,1
20180826-021724_326_live,Moral Appeal,Interested,2,2
20180826-021724_326_live,Framing,Interested,3,3
20180826-021724_326_live,Moral Appeal,Interested,5,5
20180826-021724_326_live,Fear Appeal,Neutral,6,6
20180826-021724_326_live,Social Proof,Neutral,7,7
20180826-021724_326_live,Moral Appeal,Interested,8,8
20180826-021724_326_live,Acknowledgement,Neutral,9,9
20180826-023807_40_live,Charity Awareness Probe,Neutral,0,0
20180826-023807_40_live,Credibility Appeal,Neutral,1,1
20180826-023807_40_live,Credibility Appeal,Neutral,2,2
20180826-023807_40_live,Loss Aversion Appeal,Neutral,3,3
20180826-023807_40_live,Guilt Induction,Neutral,4,4
20180826-023807_40_live,Self-feeling Appeal,Neutral,5,5
20180826-023807_40_live,Storytelling,Neutral,7,7
20180826-023807_40_live,Storytelling,Neutral,8,8
20180826-023807_40_live,Storytelling,Neutral,9,9
20180826-023807_40_live,Empathy Appeal,Interested,10,10
20180826-023807_40_live,Commitment and Consistency,Interested,11,11
20180826-033211_245_live,Greeting / Rapport,Neutral,0,0
20180826-033211_245_live,Appeal to Values,Interested,1,1
20180826-033211_245_live,Appeal to Values,Interested,3,3
20180826-033211_245_live,Social Proof,Neutral,4,4
20180826-033211_245_live,Reciprocity,Interested,6,6
20180826-033211_245_live,Acknowledgement,Neutral,7,7
20180826-033211_245_live,Rational Appeal,Interested,8,8
20180826-033211_245_live,Greeting / Rapport,Neutral,9,9
20180826-040651_411_live,Greeting / Rapport,Neutral,0,0
20180826-040651_411_live,Charity Awareness Probe,Interested,1,1
20180826-040651_411_live,Activation of Personal Commitment,Neutral,2,2
20180826-040651_411_live,Non-persuasive Other,Neutral,3,3
20180826-040651_411_live,Commitment and Consistency,Interested,4,4
20180826-040651_411_live,Self-feeling Appeal,Neutral,6,6
20180826-040651_411_live,Appeal to Values,Neutral,7,7
20180826-040651_411_live,Call to Action,Interested,8,8
20180826-040651_411_live,Framing,Interested,9,9
20180826-043247_456_live,Greeting / Rapport,Neutral,0,0
20180826-043247_456_live,Charity Awareness Probe,Neutral,1,1
20180826-043247_456_live,Charity Awareness Probe,Neutral,2,2
20180826-043247_456_live,Framing,Interested,3,3
20180826-043247_456_live,Credibility Appeal,Interested,4,4
20180826-043247_456_live,Credibility Appeal,Neutral,6,6
20180826-043247_456_live,Appeal to Values,Neutral,7,7
20180826-043247_456_live,Storytelling,Neutral,8,8
20180826-043247_456_live,Self-feeling Appeal,Neutral,9,9
20180826-044626_167_live,Rational Appeal,Not Interested,0,0
20180826-044626_167_live,Credibility Appeal,Neutral,1,1
20180826-044626_167_live,Fear Appeal,Neutral,2,2
20180826-044626_167_live,Rational Appeal,Neutral,3,3
20180826-044626_167_live,Call to Action,Neutral,4,4
20180826-044626_167_live,Framing,Neutral,6,6
20180826-044626_167_live,Rewarding Activity,Neutral,7,7
20180826-044626_167_live,Credibility Appeal,Neutral,8,8
20180826-044626_167_live,Call to Action,Interested,9,9
20180826-045748_926_live,Greeting / Rapport,Not Interested,0,0
20180826-045748_926_live,Appeal to Values,Neutral,1,1
20180826-045748_926_live,Non-persuasive Other,Neutral,2,2
20180826-045748_926_live,Social Proof,Interested,3,3
20180826-045748_926_live,Greeting / Rapport,Neutral,5,5
20180826-045748_926_live,Non-persuasive Other,Interested,6,6
20180826-045748_926_live,Acknowledgement,Interested,7,7
20180826-045748_926_live,Acknowledgement,Interested,8,8
20180826-045748_926_live,Acknowledgement,Interested,9,9
20180826-052222_969_live,Greeting / Rapport,Neutral,0,0
20180826-052222_969_live,Greeting / Rapport,Neutral,1,1
20180826-052222_969_live,Call to Action,Neutral,2,2
20180826-052222_969_live,Non-persuasive Other,Interested,3,3
20180826-052222_969_live,Storytelling,Neutral,5,5
20180826-052222_969_live,Rational Appeal,Interested,6,6
20180826-052222_969_live,Acknowledgement,Neutral,7,7
20180826-052222_969_live,Appeal to Values,Neutral,8,8
20180826-052222_969_live,Call to Action,Interested,9,9
20180826-053811_708_live,Moral Appeal,Interested,0,0
20180826-053811_708_live,Donation Baseline / Habit Probe,Interested,1,1
20180826-053811_708_live,Storytelling,Neutral,2,2
20180826-053811_708_live,Non-persuasive Other,Interested,3,3
20180826-053811_708_live,Guilt Induction,Interested,5,5
20180826-053811_708_live,Moral Appeal,Interested,6,6
20180826-053811_708_live,Appeal to Values,Neutral,7,7
20180826-053811_708_live,Unity,Interested,8,8
20180826-053811_708_live,Foot-in-the-door,Neutral,9,9
20180826-053845_531_live,Empathy Appeal,Neutral,0,0
20180826-053845_531_live,Rational Appeal,Interested,1,1
20180826-053845_531_live,Empathy Appeal,Neutral,2,2
20180826-053845_531_live,Framing,Neutral,3,3
20180826-053845_531_live,Rational Appeal,Neutral,4,4
20180826-053845_531_live,Appeal to Values,Neutral,6,6
20180826-053845_531_live,Self-feeling Appeal,Neutral,7,7
20180826-053845_531_live,Self-feeling Appeal,Neutral,8,8
20180826-053845_531_live,Appeal to Values,Neutral,9,9
20180826-053845_531_live,Call to Action,Interested,10,10
20180826-053925_84_live,Call to Action,Neutral,0,0
20180826-053925_84_live,Emotional Appeal,Neutral,1,1
20180826-053925_84_live,Appeal to Values,Not Interested,2,2
20180826-053925_84_live,Acknowledgement,Neutral,3,3
20180826-053925_84_live,Acknowledgement,Not Interested,5,5
20180826-053925_84_live,Acknowledgement,Neutral,6,6
20180826-053925_84_live,Non-persuasive Other,Neutral,7,7
20180826-053925_84_live,Logistics / Coordination,Neutral,8,8
20180826-053925_84_live,Non-persuasive Other,Neutral,9,9
20180826-054028_444_live,Greeting / Rapport,Neutral,0,0
20180826-054028_444_live,Greeting / Rapport,Neutral,1,1
20180826-054028_444_live,Guilt Induction,Interested,2,2
20180826-054028_444_live,Reciprocity,Neutral,5,5
20180826-054028_444_live,Empathy Appeal,Neutral,6,6
20180826-054028_444_live,Empathy Appeal,Neutral,7,7
20180826-054028_444_live,Framing,Neutral,8,8
20180826-054028_444_live,Reciprocity,Neutral,9,9
20180826-054232_684_live,Greeting / Rapport,Interested,0,0
20180826-054232_684_live,Rational Appeal,Interested,1,1
20180826-054232_684_live,Donation Baseline / Habit Probe,Interested,2,2
20180826-054232_684_live,Credibility Appeal,Interested,3,3
20180826-054232_684_live,Moral Appeal,Interested,5,5
20180826-054232_684_live,Activation of Personal Commitment,Interested,6,6
20180826-054232_684_live,Foot-in-the-door,Interested,7,7
20180826-054232_684_live,Acknowledgement,Interested,8,8
20180826-054232_684_live,Acknowledgement,Neutral,9,9
20180826-054344_65_live,Call to Action,Interested,0,0
20180826-054344_65_live,Expertise,Interested,1,1
20180826-054344_65_live,Activation of Personal Commitment,Interested,2,2
20180826-054344_65_live,Rewarding Activity,Interested,3,3
20180826-054344_65_live,Acknowledgement,Interested,5,5
20180826-054344_65_live,Unity,Interested,6,6
20180826-054344_65_live,Unity,Neutral,7,7
20180826-054344_65_live,Framing,Interested,8,8
20180826-054344_65_live,Acknowledgement,Interested,9,9
20180826-055352_947_live,Greeting / Rapport,Neutral,0,0
20180826-055352_947_live,Charity Awareness Probe,Neutral,1,1
20180826-055352_947_live,Rational Appeal,Neutral,2,2
20180826-055352_947_live,Credibility Appeal,Not Interested,3,3
20180826-055352_947_live,Moral Appeal,Not Interested,4,4
20180826-055352_947_live,Logistics / Coordination,Neutral,6,6
20180826-055352_947_live,Conversation Closing,Neutral,7,7
20180826-055352_947_live,Logistics / Coordination,Neutral,8,8
20180826-055352_947_live,Storytelling,Interested,9,9
20180826-055352_947_live,Conversation Closing,Neutral,10,10
20180826-060146_791_live,Call to Action,Neutral,0,0
20180826-060146_791_live,Credibility Appeal,Neutral,1,1
20180826-060146_791_live,Moral Appeal,Not Interested,2,2
20180826-060146_791_live,Framing,Neutral,3,3
20180826-060146_791_live,Conversation Closing,Neutral,5,5
20180826-060146_791_live,Logistics / Coordination,Not Interested,6,6
20180826-060146_791_live,Acknowledgement,Neutral,7,7
20180826-060146_791_live,Greeting / Rapport,Neutral,8,8
20180826-060146_791_live,Greeting / Rapport,Neutral,9,9
20180826-060201_521_live,Charity Awareness Probe,Not Interested,0,0
20180826-060201_521_live,Rational Appeal,Neutral,1,1
20180826-060201_521_live,Storytelling,Neutral,2,2
20180826-060201_521_live,Guilt Induction,Neutral,3,3
20180826-060201_521_live,Moral Appeal,Neutral,4,4
20180826-060201_521_live,Storytelling,Neutral,6,6
20180826-060201_521_live,Call to Action,Neutral,7,7
20180826-060201_521_live,Logistics / Coordination,Neutral,8,8
20180826-060201_521_live,Donation Baseline / Habit Probe,Interested,9,9
20180826-060201_521_live,Activation of Personal Commitment,Interested,10,10
20180826-061500_476_live,Call to Action,Neutral,0,0
20180826-061500_476_live,Rational Appeal,Neutral,1,1
20180826-061500_476_live,Rational Appeal,Neutral,2,2
20180826-061500_476_live,Rational Appeal,Neutral,3,3
20180826-061500_476_live,Appeal to Values,Neutral,4,4
20180826-061500_476_live,Rational Appeal,Neutral,6,6
20180826-061500_476_live,Moral Appeal,Neutral,7,7
20180826-061500_476_live,Framing,Neutral,8,8
20180826-061500_476_live,Framing,Interested,9,9
20180826-061846_932_live,Greeting / Rapport,Neutral,0,0
20180826-061846_932_live,Charity Awareness Probe,Neutral,1,1
20180826-061846_932_live,Rational Appeal,Neutral,2,2
20180826-061846_932_live,Framing,Neutral,3,3
20180826-061846_932_live,Appeal to Values,Not Interested,4,4
20180826-061846_932_live,Storytelling,Neutral,6,6
20180826-061846_932_live,Framing,Interested,7,7
20180826-061846_932_live,Logistics / Coordination,Interested,8,8
20180826-061846_932_live,Self-feeling Appeal,Interested,9,9
20180826-061949_863_live,Charity Awareness Probe,Neutral,0,0
20180826-061949_863_live,Social Proof,Neutral,1,1
20180826-061949_863_live,Unity,Neutral,2,2
20180826-061949_863_live,Storytelling,Neutral,3,3
20180826-061949_863_live,Sympathy Appeal,Neutral,5,5
20180826-061949_863_live,Framing,Neutral,6,6
20180826-061949_863_live,Framing,Interested,7,7
20180826-061949_863_live,Moral Appeal,Interested,8,8
20180826-061949_863_live,Call to Action,Interested,9,9
20180826-062039_2_live,Greeting / Rapport,Neutral,0,0
20180826-062039_2_live,Donation Baseline / Habit Probe,Not Interested,1,1
20180826-062039_2_live,Charity Awareness Probe,Not Interested,2,2
20180826-062039_2_live,Storytelling,Not Interested,3,3
20180826-062039_2_live,Donation Baseline / Habit Probe,Not Interested,5,5
20180826-062039_2_live,Non-persuasive Other,Neutral,6,6
20180826-062039_2_live,Qualification / Segmentation,Neutral,7,7
20180826-062039_2_live,Non-persuasive Other,Not Interested,8,8
20180826-062039_2_live,Conversation Closing,Neutral,9,9
20180826-062356_655_live,Greeting / Rapport,Not Interested,0,0
20180826-062356_655_live,Charity Awareness Probe,Neutral,1,1
20180826-062356_655_live,Non-persuasive Other,Not Interested,2,2
20180826-062356_655_live,Social Proof,Neutral,3,3
20180826-062356_655_live,Appeal to Values,Neutral,5,5
20180826-062356_655_live,Credibility Appeal,Neutral,6,6
20180826-062356_655_live,Empathy Appeal,Neutral,7,7
20180826-062356_655_live,Non-persuasive Other,Neutral,8,8
20180826-062356_655_live,Non-persuasive Other,Neutral,9,9
20180826-062736_188_live,Greeting / Rapport,Neutral,0,0
20180826-062736_188_live,Permission / Time Check,Interested,1,1
20180826-062736_188_live,Rational Appeal,Interested,2,2
20180826-062736_188_live,Fear Appeal,Interested,3,3
20180826-062736_188_live,Rational Appeal,Interested,4,4
20180826-062736_188_live,Rational Appeal,Interested,6,6
20180826-062736_188_live,Credibility Appeal,Interested,7,7
20180826-062736_188_live,Call to Action,Interested,8,8
20180826-062736_188_live,Credibility Appeal,Interested,9,9
20180826-062736_188_live,Social Proof,Interested,10,10
20180826-062755_702_live,Greeting / Rapport,Not Interested,0,0
20180826-062755_702_live,Greeting / Rapport,Neutral,1,1
20180826-062755_702_live,Greeting / Rapport,Neutral,2,2
20180826-062755_702_live,Charity Awareness Probe,Neutral,3,3
20180826-062755_702_live,Acknowledgement,Neutral,5,5
20180826-062755_702_live,Charity Awareness Probe,Neutral,6,6
20180826-062755_702_live,Empathy Appeal,Neutral,7,7
20180826-062755_702_live,Non-persuasive Other,Neutral,8,8
20180826-062755_702_live,Call to Action,Interested,9,9
20180826-063853_537_live,Greeting / Rapport,Not Interested,0,0
20180826-063853_537_live,Greeting / Rapport,Neutral,1,1
20180826-063853_537_live,Greeting / Rapport,Neutral,2,2
20180826-063853_537_live,Charity Awareness Probe,Neutral,3,3
20180826-063853_537_live,Call to Action,Neutral,5,5
20180826-063853_537_live,Call to Action,Interested,6,6
20180826-063853_537_live,Acknowledgement,Neutral,7,7
20180826-063853_537_live,Greeting / Rapport,Neutral,8,8
20180826-063853_537_live,Greeting / Rapport,Neutral,9,9
20180826-064104_677_live,Greeting / Rapport,Neutral,0,0
20180826-064104_677_live,Greeting / Rapport,Neutral,1,1
20180826-064104_677_live,Charity Awareness Probe,Neutral,2,2
20180826-064104_677_live,Moral Appeal,Interested,3,3
20180826-064104_677_live,Commitment and Consistency,Interested,5,5
20180826-064104_677_live,Emotional Appeal,Neutral,6,6
20180826-064104_677_live,Framing,Neutral,7,7
20180826-064104_677_live,Greeting / Rapport,Neutral,8,8
20180826-064104_677_live,Call to Action,Interested,9,9
20180826-064412_288_live,Call to Action,Neutral,0,0
20180826-064412_288_live,Credibility Appeal,Neutral,1,1
20180826-064412_288_live,Acknowledgement,Neutral,2,2
20180826-064412_288_live,Framing,Neutral,3,3
20180826-064412_288_live,Framing,Interested,5,5
20180826-064412_288_live,Social Proof,Interested,6,6
20180826-064412_288_live,Greeting / Rapport,Neutral,7,7
20180826-064412_288_live,Framing,Neutral,8,8
20180826-064412_288_live,Framing,Interested,9,9
20180826-064716_937_live,Call to Action,Neutral,0,0
20180826-064716_937_live,Appeal to Values,Neutral,1,1
20180826-064716_937_live,Appeal to Values,Neutral,2,2
20180826-064716_937_live,Greeting / Rapport,Neutral,3,3
20180826-064716_937_live,Appeal to Values,Neutral,4,4
20180826-064716_937_live,Call to Action,Interested,6,6
20180826-064716_937_live,Framing,Neutral,7,7
20180826-064716_937_live,Rational Appeal,Interested,8,8
20180826-064716_937_live,Social Proof,Interested,9,9
20180826-065245_39_live,Greeting / Rapport,Neutral,0,0
20180826-065245_39_live,Charity Awareness Probe,Neutral,1,1
20180826-065245_39_live,Qualification / Segmentation,Neutral,2,2
20180826-065245_39_live,Fear Appeal,Neutral,3,3
20180826-065245_39_live,Storytelling,Neutral,5,5
20180826-065245_39_live,Appeal to Values,Neutral,7,7
20180826-065245_39_live,Storytelling,Neutral,8,8
20180826-065245_39_live,Conversation Closing,Neutral,9,9
20180826-070022_438_live,Charity Awareness Probe,Neutral,0,0
20180826-070022_438_live,Moral Appeal,Neutral,1,1
20180826-070022_438_live,Storytelling,Neutral,2,2
20180826-070022_438_live,Empathy Appeal,Neutral,3,3
20180826-070022_438_live,Moral Appeal,Neutral,5,5
20180826-070022_438_live,Rational Appeal,Neutral,6,6
20180826-070022_438_live,Empathy Appeal,Neutral,7,7
20180826-070022_438_live,Activation of Personal Commitment,Interested,8,8
20180826-070022_438_live,Commitment and Consistency,Interested,9,9
20180826-070323_186_live,Greeting / Rapport,Neutral,0,0
20180826-070323_186_live,Donation Baseline / Habit Probe,Neutral,1,1
20180826-070323_186_live,Framing,Neutral,2,2
20180826-070323_186_live,Rational Appeal,Neutral,3,3
20180826-070323_186_live,Framing,Neutral,5,5
20180826-070323_186_live,Appeal to Values,Interested,6,6
20180826-070323_186_live,Appeal to Values,Neutral,7,7
20180826-070323_186_live,Call to Action,Interested,8,8
20180826-070323_186_live,Call to Action,Neutral,9,9
20180826-070517_871_live,Greeting / Rapport,Neutral,0,0
20180826-070517_871_live,Non-persuasive Other,Interested,1,1
20180826-070517_871_live,Emotional Appeal,Neutral,2,2
20180826-070517_871_live,Emotional Appeal,Neutral,3,3
20180826-070517_871_live,Appeal to Values,Interested,5,5
20180826-070517_871_live,Appeal to Values,Interested,6,6
20180826-070517_871_live,Greeting / Rapport,Interested,7,7
20180826-070517_871_live,Appeal to Values,Neutral,8,8
20180826-070517_871_live,Acknowledgement,Neutral,9,9
20180826-072151_442_live,Charity Awareness Probe,Neutral,0,0
20180826-072151_442_live,Storytelling,Neutral,1,1
20180826-072151_442_live,Storytelling,Neutral,2,2
20180826-072151_442_live,Storytelling,Neutral,3,3
20180826-072151_442_live,Moral Appeal,Interested,5,5
20180826-072151_442_live,Credibility Appeal,Neutral,6,6
20180826-072151_442_live,Non-persuasive Other,Neutral,7,7
20180826-072151_442_live,Framing,Interested,8,8
20180826-072151_442_live,Pre-giving,Interested,9,9
20180826-073320_803_live,Call to Action,Interested,0,0
20180826-073320_803_live,Moral Appeal,Interested,1,1
20180826-073320_803_live,Moral Appeal,Interested,2,2
20180826-073320_803_live,Fear Appeal,Neutral,3,3
20180826-073320_803_live,Sympathy Appeal,Neutral,5,5
20180826-073320_803_live,Credibility Appeal,Neutral,6,6
20180826-073320_803_live,Framing,Interested,7,7
20180826-073320_803_live,Moral Appeal,Interested,8,8
20180826-073320_803_live,Call to Action,Interested,9,9
20180826-073858_133_live,Greeting / Rapport,Neutral,0,0
20180826-073858_133_live,Credibility Appeal,Neutral,1,1
20180826-073858_133_live,Framing,Interested,2,2
20180826-073858_133_live,Guilt Induction,Interested,3,3
20180826-073858_133_live,Acknowledgement,Neutral,4,4
20180826-073858_133_live,Framing,Neutral,6,6
20180826-073858_133_live,Call to Action,Interested,7,7
20180826-073858_133_live,Credibility Appeal,Neutral,9,9
20180826-080505_231_live,Charity Awareness Probe,Not Interested,0,0
20180826-080505_231_live,Acknowledgement,Not Interested,1,1
20180826-080505_231_live,Appeal to Values,Interested,2,2
20180826-080505_231_live,Commitment and Consistency,Interested,3,3
20180826-080505_231_live,Self-feeling Appeal,Not Interested,5,5
20180826-080505_231_live,Logistics / Coordination,Interested,6,6
20180826-080505_231_live,Rational Appeal,Neutral,7,7
20180826-080505_231_live,Acknowledgement,Neutral,8,8
20180826-080505_231_live,Acknowledgement,Not Interested,9,9
20180826-082717_200_live,Empathy Appeal,Neutral,0,0
20180826-082717_200_live,Credibility Appeal,Neutral,1,1
20180826-082717_200_live,Appeal to Values,Neutral,2,2
20180826-082717_200_live,Framing,Interested,3,3
20180826-082717_200_live,Logistics / Coordination,Neutral,5,5
20180826-082717_200_live,Conversation Closing,Neutral,6,6
20180826-082717_200_live,Logistics / Coordination,Neutral,7,7
20180826-082717_200_live,Greeting / Rapport,Neutral,8,8
20180826-082717_200_live,Greeting / Rapport,Neutral,9,9
20180826-094859_742_live,Greeting / Rapport,Neutral,0,0
20180826-094859_742_live,Call to Action,Neutral,1,1
20180826-094859_742_live,Non-persuasive Other,Interested,2,2
20180826-094859_742_live,Non-persuasive Other,Neutral,3,3
20180826-094859_742_live,Non-persuasive Other,Neutral,5,5
20180826-094859_742_live,Non-persuasive Other,Neutral,6,6
20180826-094859_742_live,Moral Appeal,Neutral,7,7
20180826-094859_742_live,Non-persuasive Other,Neutral,8,8
20180826-094859_742_live,Logistics / Coordination,Interested,9,9
20180826-100158_119_live,Greeting / Rapport,Not Interested,0,0
20180826-100158_119_live,Greeting / Rapport,Neutral,1,1
20180826-100158_119_live,Greeting / Rapport,Neutral,2,2
20180826-100158_119_live,Call to Action,Neutral,3,3
20180826-100158_119_live,Social Proof,Neutral,4,4
20180826-100158_119_live,Rational Appeal,Neutral,6,6
20180826-100158_119_live,Rational Appeal,Neutral,7,7
20180826-100158_119_live,Credibility Appeal,Interested,8,8
20180826-100158_119_live,Donation Baseline / Habit Probe,Interested,9,9
20180826-173836_197_live,Greeting / Rapport,Not Interested,0,0
20180826-173836_197_live,Charity Awareness Probe,Neutral,1,1
20180826-173836_197_live,Donation Baseline / Habit Probe,Neutral,2,2
20180826-173836_197_live,Appeal to Values,Interested,3,3
20180826-173836_197_live,Acknowledgement,Neutral,5,5
20180826-173836_197_live,Appeal to Values,Neutral,6,6
20180826-173836_197_live,Credibility Appeal,Neutral,7,7
20180826-173836_197_live,Rational Appeal,Interested,8,8
20180826-173836_197_live,Acknowledgement,Interested,9,9
20180826-174120_426_live,Greeting / Rapport,Interested,0,0
20180826-174120_426_live,Rational Appeal,Neutral,1,1
20180826-174120_426_live,Rational Appeal,Neutral,2,2
20180826-174120_426_live,Rational Appeal,Neutral,3,3
20180826-174120_426_live,Rational Appeal,Neutral,4,4
20180826-174120_426_live,Moral Appeal,Neutral,7,7
20180826-174120_426_live,Social Proof,Interested,8,8
20180826-174120_426_live,Reciprocity,Neutral,9,9
20180826-174120_426_live,Acknowledgement,Neutral,10,10
20180826-174459_637_live,Charity Awareness Probe,Neutral,0,0
20180826-174459_637_live,Credibility Appeal,Neutral,1,1
20180826-174459_637_live,Commitment and Consistency,Neutral,2,2
20180826-174459_637_live,Moral Appeal,Interested,3,3
20180826-174459_637_live,Acknowledgement,Neutral,5,5
20180826-174459_637_live,Framing,Neutral,6,6
20180826-174459_637_live,Framing,Interested,7,7
20180826-174459_637_live,Logistics / Coordination,Neutral,8,8
20180826-174459_637_live,Acknowledgement,Neutral,9,9
20180826-174933_275_live,Greeting / Rapport,Neutral,0,0
20180826-174933_275_live,Qualification / Segmentation,Neutral,1,1
20180826-174933_275_live,Acknowledgement,Neutral,2,2
20180826-174933_275_live,Qualification / Segmentation,Neutral,3,3
20180826-174933_275_live,Rational Appeal,Neutral,5,5
20180826-174933_275_live,Call to Action,Not Interested,6,6
20180826-174933_275_live,Appeal to Values,Neutral,7,7
20180826-174933_275_live,Acknowledgement,Neutral,8,8
20180826-174933_275_live,Greeting / Rapport,Neutral,9,9
20180826-174957_757_live,Appeal to Values,Neutral,0,0
20180826-174957_757_live,Commitment and Consistency,Neutral,1,1
20180826-174957_757_live,Social Proof,Neutral,2,2
20180826-174957_757_live,Appeal to Values,Neutral,3,3
20180826-174957_757_live,Appeal to Values,Neutral,4,4
20180826-174957_757_live,Framing,Interested,6,6
20180826-174957_757_live,Framing,Neutral,7,7
20180826-174957_757_live,Reciprocity,Neutral,8,8
20180826-174957_757_live,Framing,Interested,9,9
20180826-175233_4_live,Greeting / Rapport,Neutral,0,0
20180826-175233_4_live,Donation Baseline / Habit Probe,Interested,1,1
20180826-175233_4_live,Charity Awareness Probe,Interested,2,2
20180826-175233_4_live,Rational Appeal,Neutral,3,3
20180826-175233_4_live,Rational Appeal,Interested,5,5
20180826-175233_4_live,Storytelling,Interested,6,6
20180826-175233_4_live,Credibility Appeal,Interested,7,7
20180826-175233_4_live,Call to Action,Interested,8,8
20180826-175233_4_live,Call to Action,Interested,9,9
20180826-175345_318_live,Call to Action,Neutral,0,0
20180826-175345_318_live,Appeal to Values,Neutral,1,1
20180826-175345_318_live,Non-persuasive Other,Interested,2,2
20180826-175345_318_live,Appeal to Values,Neutral,3,3
20180826-175345_318_live,Non-persuasive Other,Neutral,5,5
20180826-175345_318_live,Donation Baseline / Habit Probe,Interested,6,6
20180826-175345_318_live,Framing,Neutral,7,7
20180826-175345_318_live,Social Proof,Interested,8,8
20180826-175345_318_live,Call to Action,Not Interested,9,9
20180826-175426_937_live,Greeting / Rapport,Neutral,0,0
20180826-175426_937_live,Non-persuasive Other,Interested,1,1
20180826-175426_937_live,Framing,Interested,2,2
20180826-175426_937_live,Unity,Interested,3,3
20180826-175426_937_live,Greeting / Rapport,Interested,5,5
20180826-175426_937_live,Charity Awareness Probe,Interested,7,7
20180826-175426_937_live,Acknowledgement,Interested,8,8
20180826-175426_937_live,Acknowledgement,Interested,9,9
20180826-175705_624_live,Charity Awareness Probe,Neutral,0,0
20180826-175705_624_live,Charity Awareness Probe,Neutral,1,1
20180826-175705_624_live,Charity Awareness Probe,Neutral,2,2
20180826-175705_624_live,Appeal to Values,Interested,3,3
20180826-175705_624_live,Foot-in-the-door,Interested,5,5
20180826-175705_624_live,Self-feeling Appeal,Neutral,6,6
20180826-175705_624_live,Rational Appeal,Neutral,7,7
20180826-175705_624_live,Acknowledgement,Interested,9,9
20180826-175706_443_live,Charity Awareness Probe,Neutral,0,0
20180826-175706_443_live,Non-persuasive Other,Interested,1,1
20180826-175706_443_live,Commitment and Consistency,Neutral,2,2
20180826-175706_443_live,Guilt Induction,Interested,3,3
20180826-175706_443_live,Credibility Appeal,Neutral,5,5
20180826-175706_443_live,Rational Appeal,Neutral,6,6
20180826-175706_443_live,Emotional Appeal,Neutral,7,7
20180826-175706_443_live,Unity,Not Interested,8,8
20180826-175706_443_live,Pre-giving,Not Interested,9,9
20180826-175853_545_live,Charity Awareness Probe,Not Interested,0,0
20180826-175853_545_live,Moral Appeal,Neutral,1,1
20180826-175853_545_live,Moral Appeal,Neutral,2,2
20180826-175853_545_live,Storytelling,Neutral,3,3
20180826-175853_545_live,Framing,Neutral,5,5
20180826-175853_545_live,Loss Aversion Appeal,Neutral,6,6
20180826-175853_545_live,Call to Action,Interested,7,7
20180826-175853_545_live,Emotional Appeal,Neutral,8,8
20180826-175853_545_live,Credibility Appeal,Neutral,9,9
20180826-180009_407_live,Charity Awareness Probe,Neutral,0,0
20180826-180009_407_live,Permission / Time Check,Neutral,1,1
20180826-180009_407_live,Non-persuasive Other,Neutral,2,2
20180826-180009_407_live,Rational Appeal,Neutral,3,3
20180826-180009_407_live,Framing,Interested,5,5
20180826-180009_407_live,Charity Awareness Probe,Interested,6,6
20180826-180009_407_live,Acknowledgement,Interested,7,7
20180826-180009_407_live,Donation Baseline / Habit Probe,Interested,8,8
20180826-180009_407_live,Conversation Closing,Neutral,9,9
20180826-180300_663_live,Greeting / Rapport,Neutral,0,0
20180826-180300_663_live,Donation Baseline / Habit Probe,Neutral,1,1
20180826-180300_663_live,Rational Appeal,Neutral,2,2
20180826-180300_663_live,Moral Appeal,Neutral,3,3
20180826-180300_663_live,Rational Appeal,Interested,6,6
20180826-180300_663_live,Call to Action,Interested,7,7
20180826-180300_663_live,Rational Appeal,Interested,8,8
20180826-180300_663_live,Donation Baseline / Habit Probe,Interested,9,9
20180826-180314_928_live,Greeting / Rapport,Neutral,0,0
20180826-180314_928_live,Greeting / Rapport,Neutral,1,1
20180826-180314_928_live,Appeal to Values,Interested,2,2
20180826-180314_928_live,Storytelling,Neutral,3,3
20180826-180314_928_live,Social Proof,Interested,5,5
20180826-180314_928_live,Unity,Interested,6,6
20180826-180314_928_live,Activation of Personal Commitment,Interested,8,8
20180826-180314_928_live,Conversation Closing,Neutral,9,9
20180826-180554_582_live,Greeting / Rapport,Not Interested,0,0
20180826-180554_582_live,Call to Action,Interested,1,1
20180826-180554_582_live,Moral Appeal,Interested,2,2
20180826-180554_582_live,Empathy Appeal,Neutral,3,3
20180826-180554_582_live,Rational Appeal,Neutral,4,4
20180826-180554_582_live,Commitment and Consistency,Neutral,6,6
20180826-180554_582_live,Foot-in-the-door,Neutral,7,7
20180826-180554_582_live,Guilt Induction,Neutral,8,8
20180826-180554_582_live,Storytelling,Interested,9,9
20180826-180631_700_live,Greeting / Rapport,Not Interested,0,0
20180826-180631_700_live,Charity Awareness Probe,Neutral,1,1
20180826-180631_700_live,Non-persuasive Other,Interested,2,2
20180826-180631_700_live,Appeal to Values,Interested,3,3
20180826-180631_700_live,Acknowledgement,Interested,5,5
20180826-180631_700_live,Donation Baseline / Habit Probe,Neutral,6,6
20180826-180631_700_live,Acknowledgement,Neutral,7,7
20180826-180631_700_live,Empathy Appeal,Neutral,8,8
20180826-180631_700_live,Call to Action,Interested,9,9
20180826-180646_7_live,Donation Baseline / Habit Probe,Not Interested,0,0
20180826-180646_7_live,Non-persuasive Other,Neutral,1,1
20180826-180646_7_live,Non-persuasive Other,Neutral,2,2
20180826-180646_7_live,Non-persuasive Other,Not Interested,3,3
20180826-180646_7_live,Acknowledgement,Neutral,4,4
20180826-180646_7_live,Storytelling,Not Interested,6,6
20180826-180646_7_live,Self-feeling Appeal,Not Interested,7,7
20180826-180646_7_live,Appeal to Values,Neutral,8,8
20180826-180646_7_live,Non-persuasive Other,Neutral,9,9
20180826-180646_7_live,Activation of Personal Commitment,Not Interested,10,10
20180826-181020_331_live,Greeting / Rapport,Not Interested,0,0
20180826-181020_331_live,Charity Awareness Probe,Interested,1,1
20180826-181020_331_live,Charity Awareness Probe,Neutral,2,2
20180826-181020_331_live,Commitment and Consistency,Interested,3,3
20180826-181020_331_live,Pre-giving,Interested,4,4
20180826-181020_331_live,Appeal to Values,Interested,6,6
20180826-181020_331_live,Self-feeling Appeal,Interested,7,7
20180826-181020_331_live,Activation of Personal Commitment,Neutral,8,8
20180826-181020_331_live,Donation Baseline / Habit Probe,Interested,9,9
20180826-181249_805_live,Moral Appeal,Neutral,0,0
20180826-181249_805_live,Guilt Induction,Neutral,1,1
20180826-181249_805_live,Guilt Induction,Neutral,2,2
20180826-181249_805_live,Self-feeling Appeal,Neutral,3,3
20180826-181249_805_live,Framing,Interested,5,5
20180826-181249_805_live,Call to Action,Interested,6,6
20180826-181249_805_live,Logistics / Coordination,Interested,7,7
20180826-181249_805_live,Self-feeling Appeal,Interested,8,8
20180826-181249_805_live,Acknowledgement,Interested,9,9
20180826-181717_640_live,Greeting / Rapport,Neutral,0,0
20180826-181717_640_live,Call to Action,Interested,1,1
20180826-181717_640_live,Social Proof,Neutral,2,2
20180826-181717_640_live,Non-persuasive Other,Neutral,3,3
20180826-181717_640_live,Non-persuasive Other,Interested,5,5
20180826-181717_640_live,Acknowledgement,Neutral,6,6
20180826-181717_640_live,Moral Appeal,Neutral,7,7
20180826-181717_640_live,Acknowledgement,Neutral,8,8
20180826-181717_640_live,Acknowledgement,Neutral,9,9
20180826-181742_58_live,Charity Awareness Probe,Neutral,0,0
20180826-181742_58_live,Charity Awareness Probe,Neutral,1,1
20180826-181742_58_live,Non-persuasive Other,Interested,2,2
20180826-181742_58_live,Donation Baseline / Habit Probe,Neutral,3,3
20180826-181742_58_live,Call to Action,Neutral,4,4
20180826-181742_58_live,Commitment and Consistency,Neutral,6,6
20180826-181742_58_live,Acknowledgement,Neutral,7,7
20180826-181742_58_live,Rational Appeal,Neutral,8,8
20180826-181742_58_live,Emotional Appeal,Interested,9,9
20180826-181742_58_live,Call to Action,Interested,10,10
20180826-181903_395_live,Qualification / Segmentation,Neutral,0,0
20180826-181903_395_live,Rational Appeal,Neutral,1,1
20180826-181903_395_live,Moral Appeal,Neutral,2,2
20180826-181903_395_live,Call to Action,Not Interested,3,3
20180826-181903_395_live,Moral Appeal,Interested,5,5
20180826-181903_395_live,Commitment and Consistency,Interested,6,6
20180826-181903_395_live,Charity Awareness Probe,Neutral,7,7
20180826-181903_395_live,Acknowledgement,Neutral,9,9
20180826-181951_904_live,Charity Awareness Probe,Neutral,0,0
20180826-181951_904_live,Logistics / Coordination,Neutral,1,1
20180826-181951_904_live,Appeal to Values,Neutral,2,2
20180826-181951_904_live,Rational Appeal,Neutral,3,3
20180826-181951_904_live,Credibility Appeal,Neutral,5,5
20180826-181951_904_live,Moral Appeal,Neutral,6,6
20180826-181951_904_live,Rational Appeal,Not Interested,7,7
20180826-181951_904_live,Appeal to Values,Interested,8,8
20180826-181951_904_live,Framing,Interested,9,9
20180826-182047_49_live,Greeting / Rapport,Neutral,0,0
20180826-182047_49_live,Charity Awareness Probe,Neutral,1,1
20180826-182047_49_live,Appeal to Values,Interested,2,2
20180826-182047_49_live,Reciprocity,Interested,3,3
20180826-182047_49_live,Social Proof,Neutral,5,5
20180826-182047_49_live,Credibility Appeal,Neutral,6,6
20180826-182047_49_live,Social Proof,Interested,7,7
20180826-182047_49_live,Reciprocity,Interested,8,8
20180826-182047_49_live,Acknowledgement,Neutral,9,9
20180826-182048_519_live,Greeting / Rapport,Neutral,0,0
20180826-182048_519_live,Charity Awareness Probe,Neutral,1,1
20180826-182048_519_live,Acknowledgement,Neutral,2,2
20180826-182048_519_live,Non-persuasive Other,Neutral,3,3
20180826-182048_519_live,Credibility Appeal,Neutral,4,4
20180826-182048_519_live,Call to Action,Neutral,6,6
20180826-182048_519_live,Credibility Appeal,Interested,7,7
20180826-182048_519_live,Logistics / Coordination,Interested,8,8
20180826-182048_519_live,Conversation Closing,Neutral,9,9
20180826-182054_411_live,Appeal to Values,Neutral,0,0
20180826-182054_411_live,Appeal to Values,Interested,1,1
20180826-182054_411_live,Empathy Appeal,Neutral,2,2
20180826-182054_411_live,Moral Appeal,Interested,3,3
20180826-182054_411_live,Call to Action,Interested,4,4
20180826-182054_411_live,Non-persuasive Other,Neutral,6,6
20180826-182054_411_live,Expertise,Neutral,7,7
20180826-182054_411_live,Logical Appeal,Neutral,8,8
20180826-182054_411_live,Moral Appeal,Neutral,9,9
20180826-182522_887_live,Greeting / Rapport,Neutral,0,0
20180826-182522_887_live,Charity Awareness Probe,Neutral,1,1
20180826-182522_887_live,Rational Appeal,Neutral,2,2
20180826-182522_887_live,Logistics / Coordination,Neutral,3,3
20180826-182522_887_live,Rational Appeal,Interested,5,5
20180826-182522_887_live,Call to Action,Interested,6,6
20180826-182522_887_live,Acknowledgement,Interested,7,7
20180826-182522_887_live,Conversation Closing,Neutral,8,8
20180826-182522_887_live,Conversation Closing,Interested,9,9
20180826-182527_314_live,Greeting / Rapport,Neutral,0,0
20180826-182527_314_live,Non-persuasive Other,Neutral,1,1
20180826-182527_314_live,Non-persuasive Other,Neutral,2,2
20180826-182527_314_live,Non-persuasive Other,Interested,3,3
20180826-182527_314_live,Non-persuasive Other,Neutral,5,5
20180826-182527_314_live,Rational Appeal,Neutral,6,6
20180826-182527_314_live,Call to Action,Interested,7,7
20180826-182527_314_live,Acknowledgement,Interested,8,8
20180826-182527_314_live,Acknowledgement,Interested,9,9
20180826-184037_209_live,Greeting / Rapport,Neutral,0,0
20180826-184037_209_live,Moral Appeal,Neutral,1,1
20180826-184037_209_live,Storytelling,Neutral,2,2
20180826-184037_209_live,Call to Action,Neutral,3,3
20180826-184037_209_live,Qualification / Segmentation,Neutral,6,6
20180826-184037_209_live,Storytelling,Interested,7,7
20180826-184037_209_live,Logistics / Coordination,Neutral,8,8
20180826-184037_209_live,Framing,Interested,9,9
20180826-184708_183_live,Greeting / Rapport,Neutral,0,0
20180826-184708_183_live,Call to Action,Interested,1,1
20180826-184708_183_live,Moral Appeal,Neutral,2,2
20180826-184708_183_live,Credibility Appeal,Neutral,3,3
20180826-184708_183_live,Non-persuasive Other,Neutral,6,6
20180826-184708_183_live,Rational Appeal,Interested,7,7
20180826-184708_183_live,Aversive Stimulation,Neutral,8,8
20180826-184708_183_live,Call to Action,Neutral,9,9
20180826-190151_488_live,Greeting / Rapport,Neutral,0,0
20180826-190151_488_live,Charity Awareness Probe,Neutral,1,1
20180826-190151_488_live,Appeal to Values,Interested,2,2
20180826-190151_488_live,Donation Baseline / Habit Probe,Interested,3,3
20180826-190151_488_live,Call to Action,Interested,5,5
20180826-190151_488_live,Activation of Personal Commitment,Interested,6,6
20180826-190151_488_live,Greeting / Rapport,Neutral,7,7
20180826-190151_488_live,Donation Baseline / Habit Probe,Neutral,8,8
20180826-190151_488_live,Moral Appeal,Neutral,9,9
20180826-192022_0_live,Charity Awareness Probe,Interested,0,0
20180826-192022_0_live,Appeal to Values,Interested,1,1
20180826-192022_0_live,Sympathy Appeal,Neutral,2,2
20180826-192022_0_live,Credibility Appeal,Neutral,3,3
20180826-192022_0_live,Rational Appeal,Neutral,4,4
20180826-192022_0_live,Call to Action,Interested,6,6
20180826-192022_0_live,Logistics / Coordination,Neutral,7,7
20180826-192022_0_live,Logistics / Coordination,Neutral,8,8
20180826-192022_0_live,Appeal to Values,Neutral,9,9
20180826-193546_146_live,Donation Baseline / Habit Probe,Neutral,0,0
20180826-193546_146_live,Non-persuasive Other,Neutral,1,1
20180826-193546_146_live,Logistics / Coordination,Neutral,2,2
20180826-193546_146_live,Donation Baseline / Habit Probe,Neutral,3,3
20180826-193546_146_live,Acknowledgement,Neutral,5,5
20180826-193546_146_live,Framing,Neutral,6,6
20180826-193546_146_live,Logistics / Coordination,Interested,7,7
20180826-193546_146_live,Logistics / Coordination,Neutral,8,8
20180826-193546_146_live,Activation of Personal Commitment,Not Interested,9,9
20180826-194841_403_live,Greeting / Rapport,Neutral,0,0
20180826-194841_403_live,Charity Awareness Probe,Neutral,1,1
20180826-194841_403_live,Non-persuasive Other,Neutral,2,2
20180826-194841_403_live,Appeal to Values,Neutral,3,3
20180826-194841_403_live,Appeal to Values,Neutral,4,4
20180826-194841_403_live,Empathy Appeal,Neutral,6,6
20180826-194841_403_live,Commitment and Consistency,Neutral,8,8
20180826-194841_403_live,Acknowledgement,Neutral,9,9
20180826-194841_403_live,Acknowledgement,Neutral,10,10
20180826-203821_83_live,Qualification / Segmentation,Not Interested,0,0
20180826-203821_83_live,Permission / Time Check,Neutral,1,1
20180826-203821_83_live,Framing,Neutral,2,2
20180826-203821_83_live,Framing,Neutral,3,3
20180826-203821_83_live,Commitment and Consistency,Neutral,5,5
20180826-203821_83_live,Call to Action,Not Interested,6,6
20180826-203821_83_live,Framing,Interested,7,7
20180826-203821_83_live,Acknowledgement,Interested,8,8
20180826-203821_83_live,Acknowledgement,Interested,9,9
20180826-204907_535_live,Greeting / Rapport,Neutral,0,0
20180826-204907_535_live,Greeting / Rapport,Neutral,1,1
20180826-204907_535_live,Charity Awareness Probe,Neutral,2,2
20180826-204907_535_live,Rational Appeal,Neutral,3,3
20180826-204907_535_live,Credibility Appeal,Interested,5,5
20180826-204907_535_live,Commitment and Consistency,Interested,6,6
20180826-204907_535_live,Credibility Appeal,Interested,7,7
20180826-204907_535_live,Framing,Interested,8,8
20180826-204907_535_live,Acknowledgement,Neutral,9,9
20180826-210609_644_live,Greeting / Rapport,Neutral,0,0
20180826-210609_644_live,Appeal to Values,Neutral,1,1
20180826-210609_644_live,Rational Appeal,Interested,2,2
20180826-210609_644_live,Credibility Appeal,Interested,3,3
20180826-210609_644_live,Credibility Appeal,Neutral,4,4
20180826-210609_644_live,Pre-giving,Neutral,6,6
20180826-210609_644_live,Framing,Neutral,7,7
20180826-210609_644_live,Framing,Interested,8,8
20180826-210609_644_live,Logistics / Coordination,Interested,9,9
20180826-212714_597_live,Charity Awareness Probe,Interested,0,0
20180826-212714_597_live,Commitment and Consistency,Interested,1,1
20180826-212714_597_live,Foot-in-the-door,Interested,2,2
20180826-212714_597_live,Framing,Interested,3,3
20180826-212714_597_live,Logistics / Coordination,Neutral,5,5
20180826-212714_597_live,Acknowledgement,Neutral,6,6
20180826-212714_597_live,Logistics / Coordination,Interested,7,7
20180826-212714_597_live,Acknowledgement,Interested,8,8
20180826-212714_597_live,Conversation Closing,Neutral,9,9
20180826-220528_999_live,Charity Awareness Probe,Neutral,0,0
20180826-220528_999_live,Empathy Appeal,Neutral,1,1
20180826-220528_999_live,Rational Appeal,Neutral,2,2
20180826-220528_999_live,Credibility Appeal,Neutral,3,3
20180826-220528_999_live,Appeal to Values,Neutral,5,5
20180826-220528_999_live,Framing,Neutral,6,6
20180826-220528_999_live,Framing,Interested,7,7
20180826-220528_999_live,Framing,Interested,8,8
20180826-220528_999_live,Activation of Personal Commitment,Interested,9,9
20180826-220838_141_live,Greeting / Rapport,Neutral,0,0
20180826-220838_141_live,Charity Awareness Probe,Neutral,1,1
20180826-220838_141_live,Credibility Appeal,Neutral,2,2
20180826-220838_141_live,Framing,Neutral,3,3
20180826-220838_141_live,Call to Action,Neutral,4,4
20180826-220838_141_live,Framing,Interested,6,6
20180826-220838_141_live,Foot-in-the-door,Interested,7,7
20180826-220838_141_live,Appeal to Values,Interested,8,8
20180826-220838_141_live,Acknowledgement,Interested,9,9
20180827-000803_417_live,Non-persuasive Other,Neutral,0,0
20180827-000803_417_live,Moral Appeal,Not Interested,1,1
20180827-000803_417_live,Appeal to Values,Not Interested,2,2
20180827-000803_417_live,Appeal to Values,Not Interested,3,3
20180827-000803_417_live,Conversation Closing,Neutral,5,5
20180827-000803_417_live,Social Proof,Interested,6,6
20180827-000803_417_live,Commitment and Consistency,Interested,7,7
20180827-000803_417_live,Moral Appeal,Not Interested,8,8
20180827-000803_417_live,Call to Action,Not Interested,9,9
20180827-002226_470_live,Greeting / Rapport,Neutral,0,0
20180827-002226_470_live,Acknowledgement,Neutral,1,1
20180827-002226_470_live,Non-persuasive Other,Neutral,2,2
20180827-002226_470_live,Empathy Appeal,Neutral,3,3
20180827-002226_470_live,Non-persuasive Other,Neutral,5,5
20180827-002226_470_live,Credibility Appeal,Neutral,6,6
20180827-002226_470_live,Rational Appeal,Neutral,7,7
20180827-002226_470_live,Framing,Neutral,8,8
20180827-002226_470_live,Rational Appeal,Neutral,9,9
20180827-004037_444_live,Greeting / Rapport,Neutral,0,0
20180827-004037_444_live,Charity Awareness Probe,Neutral,1,1
20180827-004037_444_live,Charity Awareness Probe,Neutral,2,2
20180827-004037_444_live,Donation Baseline / Habit Probe,Not Interested,3,3
20180827-004037_444_live,Charity Awareness Probe,Neutral,5,5
20180827-004037_444_live,Acknowledgement,Neutral,6,6
20180827-004037_444_live,Qualification / Segmentation,Neutral,7,7
20180827-004037_444_live,Unity,Neutral,8,8
20180827-004037_444_live,Acknowledgement,Neutral,9,9
20180827-004200_630_live,Greeting / Rapport,Not Interested,0,0
20180827-004200_630_live,Call to Action,Interested,1,1
20180827-004200_630_live,Commitment and Consistency,Interested,2,2
20180827-004200_630_live,Storytelling,Interested,3,3
20180827-004200_630_live,Acknowledgement,Interested,4,4
20180827-004200_630_live,Charity Awareness Probe,Neutral,6,6
20180827-004200_630_live,Donation Baseline / Habit Probe,Interested,7,7
20180827-004200_630_live,Activation of Personal Commitment,Interested,8,8
20180827-004200_630_live,Activation of Personal Commitment,Interested,9,9
20180827-005217_168_live,Greeting / Rapport,Not Interested,0,0
20180827-005217_168_live,Greeting / Rapport,Neutral,1,1
20180827-005217_168_live,Non-persuasive Other,Neutral,2,2
20180827-005217_168_live,Rational Appeal,Neutral,3,3
20180827-005217_168_live,Non-persuasive Other,Neutral,5,5
20180827-005217_168_live,Commitment and Consistency,Not Interested,6,6
20180827-005217_168_live,Greeting / Rapport,Neutral,7,7
20180827-005217_168_live,Greeting / Rapport,Neutral,8,8
20180827-005217_168_live,Greeting / Rapport,Neutral,9,9
20180827-012328_101_live,Greeting / Rapport,Not Interested,0,0
20180827-012328_101_live,Greeting / Rapport,Neutral,1,1
20180827-012328_101_live,Acknowledgement,Neutral,2,2
20180827-012328_101_live,Non-persuasive Other,Neutral,3,3
20180827-012328_101_live,Acknowledgement,Neutral,5,5
20180827-012328_101_live,Non-persuasive Other,Neutral,6,6
20180827-012328_101_live,Non-persuasive Other,Neutral,8,8
20180827-012328_101_live,Acknowledgement,Interested,9,9
20180827-021816_456_live,Charity Awareness Probe,Neutral,0,0
20180827-021816_456_live,Appeal to Values,Neutral,1,1
20180827-021816_456_live,Appeal to Values,Interested,2,2
20180827-021816_456_live,Credibility Appeal,Neutral,3,3
20180827-021816_456_live,Framing,Interested,5,5
20180827-021816_456_live,Acknowledgement,Interested,6,6
20180827-021816_456_live,Moral Appeal,Neutral,7,7
20180827-021816_456_live,Activation of Personal Commitment,Interested,8,8
20180827-021816_456_live,Donation Baseline / Habit Probe,Neutral,9,9
20180827-023059_481_live,Greeting / Rapport,Not Interested,0,0
20180827-023059_481_live,Charity Awareness Probe,Neutral,1,1
20180827-023059_481_live,Call to Action,Interested,2,2
20180827-023059_481_live,Acknowledgement,Neutral,3,3
20180827-023059_481_live,Appeal to Values,Interested,5,5
20180827-023059_481_live,Moral Appeal,Neutral,6,6
20180827-023059_481_live,Acknowledgement,Interested,7,7
20180827-023059_481_live,Appeal to Values,Interested,8,8
20180827-023059_481_live,Non-persuasive Other,Interested,9,9
20180827-024612_480_live,Greeting / Rapport,Neutral,0,0
20180827-024612_480_live,Charity Awareness Probe,Neutral,1,1
20180827-024612_480_live,Commitment and Consistency,Neutral,2,2
20180827-024612_480_live,Charity Awareness Probe,Neutral,3,3
20180827-024612_480_live,Appeal to Values,Neutral,5,5
20180827-024612_480_live,Greeting / Rapport,Neutral,6,6
20180827-024612_480_live,Greeting / Rapport,Neutral,7,7
20180827-024612_480_live,Non-persuasive Other,Neutral,8,8
20180827-025236_792_live,Charity Awareness Probe,Neutral,0,0
20180827-025236_792_live,Rational Appeal,Neutral,1,1
20180827-025236_792_live,Donation Baseline / Habit Probe,Interested,2,2
20180827-025236_792_live,Framing,Interested,3,3
20180827-025236_792_live,Commitment and Consistency,Neutral,5,5
20180827-025236_792_live,Rational Appeal,Neutral,6,6
20180827-025236_792_live,Rational Appeal,Neutral,7,7
20180827-025236_792_live,Logistics / Coordination,Interested,8,8
20180827-025236_792_live,Acknowledgement,Neutral,9,9
20180827-030633_256_live,Greeting / Rapport,Neutral,0,0
20180827-030633_256_live,Charity Awareness Probe,Neutral,1,1
20180827-030633_256_live,Credibility Appeal,Interested,2,2
20180827-030633_256_live,Greeting / Rapport,Neutral,3,3
20180827-030633_256_live,Appeal to Values,Interested,5,5
20180827-030633_256_live,Acknowledgement,Neutral,6,6
20180827-030633_256_live,Emotional Appeal,Neutral,7,7
20180827-030633_256_live,Appeal to Values,Neutral,8,8
20180827-030633_256_live,Conversation Closing,Neutral,9,9
20180827-032231_430_live,Greeting / Rapport,Not Interested,0,0
20180827-032231_430_live,Charity Awareness Probe,Not Interested,1,1
20180827-032231_430_live,Non-persuasive Other,Not Interested,2,2
20180827-032231_430_live,Call to Action,Interested,3,3
20180827-032231_430_live,Appeal to Values,Not Interested,5,5
20180827-032231_430_live,Credibility Appeal,Not Interested,6,6
20180827-032231_430_live,Moral Appeal,Not Interested,7,7
20180827-032231_430_live,Acknowledgement,Not Interested,8,8
20180827-032231_430_live,Moral Appeal,Not Interested,9,9
20180827-032731_796_live,Charity Awareness Probe,Interested,0,0
20180827-032731_796_live,Rational Appeal,Interested,1,1
20180827-032731_796_live,Credibility Appeal,Neutral,2,2
20180827-032731_796_live,Rational Appeal,Neutral,3,3
20180827-032731_796_live,Rational Appeal,Neutral,5,5
20180827-032731_796_live,Credibility Appeal,Neutral,6,6
20180827-032731_796_live,Rational Appeal,Neutral,7,7
20180827-032731_796_live,Empathy Appeal,Neutral,8,8
20180827-032731_796_live,Framing,Interested,9,9
20180827-032811_159_live,Moral Appeal,Interested,0,0
20180827-032811_159_live,Moral Appeal,Neutral,1,1
20180827-032811_159_live,Moral Appeal,Neutral,2,2
20180827-032811_159_live,Social Proof,Neutral,3,3
20180827-032811_159_live,Charity Awareness Probe,Neutral,4,4
20180827-032811_159_live,Credibility Appeal,Interested,6,6
20180827-032811_159_live,Donation Baseline / Habit Probe,Interested,7,7
20180827-032811_159_live,Call to Action,Interested,8,8
20180827-032811_159_live,Acknowledgement,Neutral,9,9
20180827-032811_159_live,Commitment and Consistency,Interested,10,10
20180827-032811_159_live,Conversation Closing,Neutral,11,11
20180827-033057_106_live,Greeting / Rapport,Neutral,0,0
20180827-033057_106_live,Call to Action,Neutral,1,1
20180827-033057_106_live,Charity Awareness Probe,Neutral,2,2
20180827-033057_106_live,Non-persuasive Other,Neutral,3,3
20180827-033057_106_live,Logical Appeal,Neutral,4,4
20180827-033057_106_live,Acknowledgement,Neutral,6,6
20180827-033057_106_live,Acknowledgement,Neutral,7,7
20180827-033057_106_live,Empathy Appeal,Neutral,8,8
20180827-033057_106_live,Emotional Appeal,Neutral,9,9
20180827-033412_606_live,Call to Action,Neutral,0,0
20180827-033412_606_live,Non-persuasive Other,Neutral,1,1
20180827-033412_606_live,Appeal to Values,Neutral,2,2
20180827-033412_606_live,Storytelling,Interested,3,3
20180827-033412_606_live,Empathy Appeal,Neutral,5,5
20180827-033412_606_live,Rational Appeal,Neutral,6,6
20180827-033412_606_live,Appeal to Values,Neutral,7,7
20180827-033412_606_live,Social Proof,Neutral,8,8
20180827-033412_606_live,Empathy Appeal,Neutral,9,9
20180827-033451_673_live,Greeting / Rapport,Neutral,0,0
20180827-033451_673_live,Charity Awareness Probe,Neutral,1,1
20180827-033451_673_live,Rational Appeal,Neutral,2,2
20180827-033451_673_live,Framing,Neutral,3,3
20180827-033451_673_live,Framing,Interested,4,4
20180827-033451_673_live,Qualification / Segmentation,Neutral,6,6
20180827-033451_673_live,Non-persuasive Other,Neutral,7,7
20180827-033451_673_live,Greeting / Rapport,Neutral,8,8
20180827-033451_673_live,Framing,Interested,9,9
20180827-033602_304_live,Greeting / Rapport,Neutral,0,0
20180827-033602_304_live,Greeting / Rapport,Neutral,1,1
20180827-033602_304_live,Charity Awareness Probe,Neutral,2,2
20180827-033602_304_live,Acknowledgement,Neutral,3,3
20180827-033602_304_live,Commitment and Consistency,Neutral,5,5
20180827-033602_304_live,Acknowledgement,Neutral,6,6
20180827-033602_304_live,Acknowledgement,Neutral,7,7
20180827-033602_304_live,Non-persuasive Other,Neutral,8,8
20180827-033602_304_live,Greeting / Rapport,Neutral,9,9
20180827-034056_964_live,Greeting / Rapport,Neutral,0,0
20180827-034056_964_live,Non-persuasive Other,Neutral,1,1
20180827-034056_964_live,Foot-in-the-door,Neutral,2,2
20180827-034056_964_live,Qualification / Segmentation,Neutral,3,3
20180827-034056_964_live,Emotional Appeal,Not Interested,5,5
20180827-034056_964_live,Storytelling,Not Interested,6,6
20180827-034056_964_live,Moral Appeal,Not Interested,7,7
20180827-034056_964_live,Guilt Induction,Not Interested,8,8
20180827-034056_964_live,Call to Action,Not Interested,9,9
20180827-034916_910_live,Greeting / Rapport,Not Interested,0,0
20180827-034916_910_live,Greeting / Rapport,Not Interested,1,1
20180827-034916_910_live,Non-persuasive Other,Neutral,2,2
20180827-034916_910_live,Call to Action,Not Interested,3,3
20180827-034916_910_live,Moral Appeal,Neutral,5,5
20180827-034916_910_live,Empathy Appeal,Not Interested,6,6
20180827-034916_910_live,Rational Appeal,Interested,7,7
20180827-034916_910_live,Acknowledgement,Neutral,8,8
20180827-034916_910_live,Credibility Appeal,Neutral,9,9
20180827-035202_980_live,Charity Awareness Probe,Not Interested,0,0
20180827-035202_980_live,Non-persuasive Other,Not Interested,1,1
20180827-035202_980_live,Rational Appeal,Neutral,2,2
20180827-035202_980_live,Rational Appeal,Neutral,3,3
20180827-035202_980_live,Credibility Appeal,Interested,4,4
20180827-035202_980_live,Appeal to Values,Not Interested,6,6
20180827-035202_980_live,Rational Appeal,Neutral,7,7
20180827-035202_980_live,Call to Action,Not Interested,8,8
20180827-035202_980_live,Framing,Not Interested,9,9
20180827-040206_224_live,Moral Appeal,Interested,0,0
20180827-040206_224_live,Activation of Personal Commitment,Neutral,1,1
20180827-040206_224_live,Non-persuasive Other,Neutral,2,2
20180827-040206_224_live,Logistics / Coordination,Neutral,3,3
20180827-040206_224_live,Non-persuasive Other,Neutral,5,5
20180827-040206_224_live,Moral Appeal,Interested,6,6
20180827-040206_224_live,Acknowledgement,Neutral,7,7
20180827-040206_224_live,Storytelling,Neutral,8,8
20180827-040206_224_live,Moral Appeal,Interested,9,9
20180827-040240_717_live,Qualification / Segmentation,Neutral,0,0
20180827-040240_717_live,Non-persuasive Other,Neutral,1,1
20180827-040240_717_live,Framing,Neutral,2,2
20180827-040240_717_live,Framing,Neutral,3,3
20180827-040240_717_live,Pre-giving,Not Interested,5,5
20180827-040240_717_live,Qualification / Segmentation,Not Interested,6,6
20180827-040240_717_live,Qualification / Segmentation,Neutral,7,7
20180827-040240_717_live,Commitment and Consistency,Neutral,8,8
20180827-040240_717_live,Non-persuasive Other,Neutral,9,9
20180827-040243_204_live,Greeting / Rapport,Neutral,0,0
20180827-040243_204_live,Greeting / Rapport,Neutral,1,1
20180827-040243_204_live,Acknowledgement,Neutral,2,2
20180827-040243_204_live,Acknowledgement,Neutral,3,3
20180827-040243_204_live,Non-persuasive Other,Neutral,5,5
20180827-040243_204_live,Non-persuasive Other,Neutral,6,6
20180827-040243_204_live,Acknowledgement,Neutral,7,7
20180827-040243_204_live,Non-persuasive Other,Neutral,8,8
20180827-040243_204_live,Acknowledgement,Neutral,9,9
20180827-041027_973_live,Greeting / Rapport,Neutral,0,0
20180827-041027_973_live,Charity Awareness Probe,Neutral,1,1
20180827-041027_973_live,Charity Awareness Probe,Neutral,2,2
20180827-041027_973_live,Non-persuasive Other,Neutral,3,3
20180827-041027_973_live,Self-feeling Appeal,Interested,5,5
20180827-041027_973_live,Sympathy Appeal,Neutral,6,6
20180827-041027_973_live,Social Proof,Interested,7,7
20180827-041027_973_live,Emotional Appeal,Interested,8,8
20180827-041027_973_live,Call to Action,Interested,9,9
20180827-041028_432_live,Greeting / Rapport,Neutral,0,0
20180827-041028_432_live,Greeting / Rapport,Neutral,1,1
20180827-041028_432_live,Charity Awareness Probe,Neutral,2,2
20180827-041028_432_live,Moral Appeal,Interested,3,3
20180827-041028_432_live,Self-feeling Appeal,Neutral,5,5
20180827-041028_432_live,Framing,Neutral,6,6
20180827-041028_432_live,Pre-giving,Interested,7,7
20180827-041028_432_live,Rational Appeal,Interested,8,8
20180827-041028_432_live,Commitment and Consistency,Interested,9,9
20180827-041628_386_live,Greeting / Rapport,Neutral,0,0
20180827-041628_386_live,Qualification / Segmentation,Neutral,1,1
20180827-041628_386_live,Call to Action,Interested,2,2
20180827-041628_386_live,Commitment and Consistency,Neutral,3,3
20180827-041628_386_live,Framing,Neutral,5,5
20180827-041628_386_live,Qualification / Segmentation,Neutral,6,6
20180827-041628_386_live,Framing,Neutral,7,7
20180827-041628_386_live,Qualification / Segmentation,Neutral,8,8
20180827-041628_386_live,Rewarding Activity,Neutral,9,9
20180827-041754_680_live,Greeting / Rapport,Neutral,0,0
20180827-041754_680_live,Greeting / Rapport,Neutral,1,1
20180827-041754_680_live,Charity Awareness Probe,Neutral,2,2
20180827-041754_680_live,Charity Awareness Probe,Neutral,3,3
20180827-041754_680_live,Charity Awareness Probe,Neutral,5,5
20180827-041754_680_live,Call to Action,Interested,6,6
20180827-041754_680_live,Donation Baseline / Habit Probe,Interested,7,7
20180827-041754_680_live,Social Proof,Neutral,8,8
20180827-041754_680_live,Conversation Closing,Neutral,9,9
20180827-042149_955_live,Greeting / Rapport,Neutral,0,0
20180827-042149_955_live,Greeting / Rapport,Neutral,1,1
20180827-042149_955_live,Charity Awareness Probe,Neutral,2,2
20180827-042149_955_live,Donation Baseline / Habit Probe,Neutral,3,3
20180827-042149_955_live,Moral Appeal,Neutral,5,5
20180827-042149_955_live,Non-persuasive Other,Neutral,6,6
20180827-042149_955_live,Greeting / Rapport,Neutral,7,7
20180827-042149_955_live,Non-persuasive Other,Neutral,8,8
20180827-042149_955_live,Greeting / Rapport,Not Interested,9,9
20180827-042538_721_live,Greeting / Rapport,Neutral,0,0
20180827-042538_721_live,Acknowledgement,Neutral,1,1
20180827-042538_721_live,Social Proof,Interested,2,2
20180827-042538_721_live,Donation Baseline / Habit Probe,Interested,3,3
20180827-042538_721_live,Appeal to Values,Neutral,5,5
20180827-042538_721_live,Acknowledgement,Neutral,6,6
20180827-042538_721_live,Non-persuasive Other,Interested,7,7
20180827-042538_721_live,Acknowledgement,Neutral,8,8
20180827-042538_721_live,Non-persuasive Other,Neutral,9,9
20180827-043632_426_live,Greeting / Rapport,Not Interested,0,0
20180827-043632_426_live,Charity Awareness Probe,Neutral,1,1
20180827-043632_426_live,Credibility Appeal,Neutral,2,2
20180827-043632_426_live,Donation Baseline / Habit Probe,Neutral,3,3
20180827-043632_426_live,Pre-giving,Interested,5,5
20180827-043632_426_live,Commitment and Consistency,Interested,6,6
20180827-043632_426_live,Rational Appeal,Interested,7,7
20180827-043632_426_live,Reciprocity,Neutral,8,8
20180827-043632_426_live,Acknowledgement,Neutral,9,9
20180827-043728_426_live,Charity Awareness Probe,Neutral,0,0
20180827-043728_426_live,Framing,Neutral,1,1
20180827-043728_426_live,Appeal to Values,Neutral,2,2
20180827-043728_426_live,Credibility Appeal,Neutral,3,3
20180827-043728_426_live,Rational Appeal,Interested,5,5
20180827-043728_426_live,Rational Appeal,Neutral,6,6
20180827-043728_426_live,Rational Appeal,Interested,7,7
20180827-043728_426_live,Acknowledgement,Neutral,8,8
20180827-043728_426_live,Logistics / Coordination,Neutral,9,9
20180827-044030_730_live,Greeting / Rapport,Neutral,0,0
20180827-044030_730_live,Acknowledgement,Interested,1,1
20180827-044030_730_live,Moral Appeal,Interested,2,2
20180827-044030_730_live,Moral Appeal,Interested,3,3
20180827-044030_730_live,Self-feeling Appeal,Interested,5,5
20180827-044030_730_live,Appeal to Values,Interested,6,6
20180827-044030_730_live,Donation Baseline / Habit Probe,Interested,7,7
20180827-044030_730_live,Framing,Interested,8,8
20180827-044030_730_live,Acknowledgement,Neutral,9,9
20180827-044101_715_live,Greeting / Rapport,Neutral,0,0
20180827-044101_715_live,Charity Awareness Probe,Interested,1,1
20180827-044101_715_live,Qualification / Segmentation,Neutral,2,2
20180827-044101_715_live,Acknowledgement,Neutral,3,3
20180827-044101_715_live,Call to Action,Interested,5,5
20180827-044101_715_live,Pretexting,Interested,6,6
20180827-044101_715_live,Acknowledgement,Neutral,7,7
20180827-044101_715_live,Rational Appeal,Neutral,8,8
20180827-044101_715_live,Rational Appeal,Neutral,9,9
20180827-044233_823_live,Donation Baseline / Habit Probe,Neutral,0,0
20180827-044233_823_live,Appeal to Values,Neutral,1,1
20180827-044233_823_live,Credibility Appeal,Neutral,2,2
20180827-044233_823_live,Rational Appeal,Neutral,3,3
20180827-044233_823_live,Call to Action,Interested,5,5
20180827-044233_823_live,Framing,Interested,6,6
20180827-044233_823_live,Commitment and Consistency,Neutral,7,7
20180827-044233_823_live,Rational Appeal,Neutral,8,8
20180827-044233_823_live,Acknowledgement,Neutral,9,9
20180827-044304_158_live,Greeting / Rapport,Neutral,0,0
20180827-044304_158_live,Qualification / Segmentation,Neutral,1,1
20180827-044304_158_live,Non-persuasive Other,Neutral,3,3
20180827-044304_158_live,Non-persuasive Other,Neutral,5,5
20180827-044304_158_live,Rewarding Activity,Not Interested,6,6
20180827-044304_158_live,Acknowledgement,Neutral,7,7
20180827-044304_158_live,Acknowledgement,Interested,8,8
20180827-044304_158_live,Conversation Closing,Interested,9,9
20180827-044350_73_live,Greeting / Rapport,Neutral,0,0
20180827-044350_73_live,Greeting / Rapport,Interested,1,1
20180827-044350_73_live,Emotional Appeal,Neutral,2,2
20180827-044350_73_live,Charity Awareness Probe,Interested,3,3
20180827-044350_73_live,Empathy Appeal,Neutral,5,5
20180827-044350_73_live,Charity Awareness Probe,Neutral,6,6
20180827-044350_73_live,Charity Awareness Probe,Interested,7,7
20180827-044350_73_live,Acknowledgement,Neutral,8,8
20180827-044350_73_live,Non-persuasive Other,Neutral,9,9
20180827-044510_713_live,Appeal to Values,Neutral,0,0
20180827-044510_713_live,Appeal to Values,Interested,1,1
20180827-044510_713_live,Call to Action,Interested,2,2
20180827-044510_713_live,Framing,Neutral,3,3
20180827-044510_713_live,Activation of Personal Commitment,Neutral,5,5
20180827-044510_713_live,Activation of Personal Commitment,Neutral,6,6
20180827-044510_713_live,Appeal to Values,Neutral,7,7
20180827-044510_713_live,Storytelling,Interested,8,8
20180827-044510_713_live,Commitment and Consistency,Interested,9,9
20180827-044850_308_live,Greeting / Rapport,Not Interested,0,0
20180827-044850_308_live,Charity Awareness Probe,Neutral,1,1
20180827-044850_308_live,Rational Appeal,Neutral,2,2
20180827-044850_308_live,Commitment and Consistency,Neutral,3,3
20180827-044850_308_live,Framing,Not Interested,5,5
20180827-044850_308_live,Framing,Interested,6,6
20180827-044850_308_live,Commitment and Consistency,Not Interested,7,7
20180827-044850_308_live,Acknowledgement,Interested,8,8
20180827-044850_308_live,Social Proof,Interested,9,9
20180827-044929_762_live,Greeting / Rapport,Neutral,0,0
20180827-044929_762_live,Greeting / Rapport,Neutral,1,1
20180827-044929_762_live,Charity Awareness Probe,Neutral,2,2
20180827-044929_762_live,Non-persuasive Other,Neutral,3,3
20180827-044929_762_live,Call to Action,Interested,5,5
20180827-044929_762_live,Donation Baseline / Habit Probe,Interested,6,6
20180827-044929_762_live,Charity Awareness Probe,Neutral,7,7
20180827-044929_762_live,Conversation Closing,Neutral,8,8
20180827-044929_762_live,Conversation Closing,Neutral,9,9
20180827-045223_670_live,Greeting / Rapport,Neutral,0,0
20180827-045223_670_live,Greeting / Rapport,Neutral,1,1
20180827-045223_670_live,Non-persuasive Other,Neutral,2,2
20180827-045223_670_live,Acknowledgement,Neutral,3,3
20180827-045223_670_live,Non-persuasive Other,Neutral,5,5
20180827-045223_670_live,Social Proof,Interested,6,6
20180827-045223_670_live,Appeal to Values,Neutral,7,7
20180827-045223_670_live,Acknowledgement,Neutral,8,8
20180827-045223_670_live,Emotional Appeal,Neutral,9,9
20180827-045437_313_live,Greeting / Rapport,Neutral,0,0
20180827-045437_313_live,Charity Awareness Probe,Interested,1,1
20180827-045437_313_live,Social Proof,Neutral,2,2
20180827-045437_313_live,Call to Action,Neutral,3,3
20180827-045437_313_live,Call to Action,Neutral,4,4
20180827-045437_313_live,Commitment and Consistency,Neutral,6,6
20180827-045437_313_live,Social Proof,Interested,7,7
20180827-045437_313_live,Donation Baseline / Habit Probe,Neutral,8,8
20180827-045437_313_live,Logistics / Coordination,Interested,9,9
20180827-045855_86_live,Greeting / Rapport,Neutral,0,0
20180827-045855_86_live,Greeting / Rapport,Neutral,1,1
20180827-045855_86_live,Acknowledgement,Neutral,2,2
20180827-045855_86_live,Rational Appeal,Neutral,3,3
20180827-045855_86_live,Donation Baseline / Habit Probe,Neutral,5,5
20180827-045855_86_live,Donation Baseline / Habit Probe,Interested,6,6
20180827-045855_86_live,Donation Baseline / Habit Probe,Neutral,7,7
20180827-045855_86_live,Qualification / Segmentation,Neutral,8,8
20180827-045855_86_live,Acknowledgement,Neutral,9,9
20180827-050439_438_live,Greeting / Rapport,Neutral,0,0
20180827-050439_438_live,Donation Baseline / Habit Probe,Neutral,1,1
20180827-050439_438_live,Charity Awareness Probe,Neutral,2,2
20180827-050439_438_live,Charity Awareness Probe,Neutral,3,3
20180827-050439_438_live,Credibility Appeal,Neutral,5,5
20180827-050439_438_live,Credibility Appeal,Neutral,6,6
20180827-050439_438_live,Credibility Appeal,Neutral,7,7
20180827-050439_438_live,Pre-giving,Interested,8,8
20180827-050439_438_live,Acknowledgement,Neutral,9,9
20180827-050542_196_live,Greeting / Rapport,Neutral,0,0
20180827-050542_196_live,Greeting / Rapport,Neutral,1,1
20180827-050542_196_live,Rational Appeal,Neutral,2,2
20180827-050542_196_live,Framing,Neutral,3,3
20180827-050542_196_live,Appeal to Values,Interested,5,5
20180827-050542_196_live,Credibility Appeal,Neutral,6,6
20180827-050542_196_live,Call to Action,Interested,7,7
20180827-050542_196_live,Acknowledgement,Interested,8,8
20180827-050542_196_live,Conversation Closing,Neutral,9,9
20180827-050719_208_live,Greeting / Rapport,Neutral,0,0
20180827-050719_208_live,Framing,Neutral,1,1
20180827-050719_208_live,Storytelling,Neutral,2,2
20180827-050719_208_live,Rational Appeal,Neutral,3,3
20180827-050719_208_live,Unity,Neutral,5,5
20180827-050719_208_live,Conversation Closing,Neutral,6,6
20180827-050719_208_live,Conversation Closing,Neutral,7,7
20180827-050719_208_live,Qualification / Segmentation,Neutral,8,8
20180827-050719_208_live,Greeting / Rapport,Neutral,9,9
20180827-050740_909_live,Greeting / Rapport,Neutral,0,0
20180827-050740_909_live,Donation Baseline / Habit Probe,Interested,1,1
20180827-050740_909_live,Charity Awareness Probe,Not Interested,2,2
20180827-050740_909_live,Moral Appeal,Not Interested,3,3
20180827-050740_909_live,Rational Appeal,Not Interested,5,5
20180827-050740_909_live,Appeal to Values,Not Interested,6,6
20180827-050740_909_live,Framing,Neutral,7,7
20180827-050740_909_live,Moral Appeal,Neutral,8,8
20180827-050740_909_live,Acknowledgement,Not Interested,9,9
20180827-050758_457_live,Greeting / Rapport,Neutral,0,0
20180827-050758_457_live,Charity Awareness Probe,Neutral,1,1
20180827-050758_457_live,Acknowledgement,Neutral,2,2
20180827-050758_457_live,Non-persuasive Other,Neutral,3,3
20180827-050758_457_live,Non-persuasive Other,Neutral,5,5
20180827-050758_457_live,Call to Action,Interested,6,6
20180827-050758_457_live,Commitment and Consistency,Interested,7,7
20180827-050758_457_live,Commitment and Consistency,Interested,8,8
20180827-050758_457_live,Conversation Closing,Neutral,9,9
20180827-051440_378_live,Greeting / Rapport,Neutral,0,0
20180827-051440_378_live,Greeting / Rapport,Neutral,1,1
20180827-051440_378_live,Greeting / Rapport,Neutral,2,2
20180827-051440_378_live,Empathy Appeal,Neutral,3,3
20180827-051440_378_live,Sympathy Appeal,Neutral,4,4
20180827-051440_378_live,Framing,Not Interested,6,6
20180827-051440_378_live,Framing,Interested,7,7
20180827-051440_378_live,Framing,Neutral,8,8
20180827-051440_378_live,Emotional Appeal,Neutral,9,9
20180827-051947_34_live,Greeting / Rapport,Neutral,0,0
20180827-051947_34_live,Greeting / Rapport,Neutral,1,1
20180827-051947_34_live,Greeting / Rapport,Neutral,2,2
20180827-051947_34_live,Charity Awareness Probe,Neutral,3,3
20180827-051947_34_live,Non-persuasive Other,Neutral,5,5
20180827-051947_34_live,Logistics / Coordination,Neutral,6,6
20180827-051947_34_live,Qualification / Segmentation,Neutral,7,7
20180827-051947_34_live,Qualification / Segmentation,Neutral,8,8
20180827-051947_34_live,Non-persuasive Other,Neutral,9,9
20180827-052332_399_live,Greeting / Rapport,Not Interested,0,0
20180827-052332_399_live,Greeting / Rapport,Neutral,1,1
20180827-052332_399_live,Charity Awareness Probe,Neutral,2,2
20180827-052332_399_live,Call to Action,Neutral,3,3
20180827-052332_399_live,Commitment and Consistency,Interested,5,5
20180827-052332_399_live,Acknowledgement,Not Interested,6,6
20180827-052332_399_live,Acknowledgement,Neutral,7,7
20180827-052332_399_live,Greeting / Rapport,Neutral,9,9
20180827-052346_342_live,Greeting / Rapport,Not Interested,0,0
20180827-052346_342_live,Donation Baseline / Habit Probe,Neutral,1,1
20180827-052346_342_live,Greeting / Rapport,Neutral,2,2
20180827-052346_342_live,Non-persuasive Other,Neutral,3,3
20180827-052346_342_live,Appeal to Values,Neutral,5,5
20180827-052346_342_live,Logical Appeal,Neutral,6,6
20180827-052346_342_live,Unity,Interested,7,7
20180827-052346_342_live,Framing,Neutral,8,8
20180827-052346_342_live,Call to Action,Interested,9,9
20180827-052542_379_live,Greeting / Rapport,Neutral,0,0
20180827-052542_379_live,Greeting / Rapport,Neutral,1,1
20180827-052542_379_live,Acknowledgement,Neutral,2,2
20180827-052542_379_live,Non-persuasive Other,Neutral,3,3
20180827-052542_379_live,Charity Awareness Probe,Interested,5,5
20180827-052542_379_live,Greeting / Rapport,Neutral,6,6
20180827-052542_379_live,Unity,Neutral,7,7
20180827-052542_379_live,Acknowledgement,Neutral,8,8
20180827-052542_379_live,Acknowledgement,Neutral,9,9
20180827-052933_671_live,Call to Action,Neutral,0,0
20180827-052933_671_live,Non-persuasive Other,Neutral,1,1
20180827-052933_671_live,Moral Appeal,Interested,2,2
20180827-052933_671_live,Moral Appeal,Interested,3,3
20180827-052933_671_live,Framing,Neutral,5,5
20180827-052933_671_live,Acknowledgement,Neutral,6,6
20180827-052933_671_live,Acknowledgement,Neutral,7,7
20180827-052933_671_live,Non-persuasive Other,Neutral,8,8
20180827-052933_671_live,Non-persuasive Other,Interested,9,9
20180827-053243_818_live,Greeting / Rapport,Neutral,0,0
20180827-053243_818_live,Charity Awareness Probe,Neutral,1,1
20180827-053243_818_live,Charity Awareness Probe,Neutral,2,2
20180827-053243_818_live,Call to Action,Not Interested,3,3
20180827-053243_818_live,Appeal to Values,Neutral,4,4
20180827-053243_818_live,Non-persuasive Other,Neutral,6,6
20180827-053243_818_live,Call to Action,Not Interested,7,7
20180827-053243_818_live,Framing,Neutral,8,8
20180827-053243_818_live,Framing,Neutral,9,9
20180827-053719_605_live,Greeting / Rapport,Not Interested,0,0
20180827-053719_605_live,Greeting / Rapport,Not Interested,1,1
20180827-053719_605_live,Charity Awareness Probe,Not Interested,2,2
20180827-053719_605_live,Acknowledgement,Neutral,3,3
20180827-053719_605_live,Donation Baseline / Habit Probe,Interested,6,6
20180827-053719_605_live,Acknowledgement,Not Interested,7,7
20180827-053719_605_live,Logistics / Coordination,Neutral,8,8
20180827-053719_605_live,Acknowledgement,Neutral,9,9
20180827-053806_750_live,Greeting / Rapport,Neutral,0,0
20180827-053806_750_live,Acknowledgement,Neutral,1,1
20180827-053806_750_live,Rational Appeal,Neutral,2,2
20180827-053806_750_live,Acknowledgement,Neutral,3,3
20180827-053806_750_live,Donation Baseline / Habit Probe,Interested,5,5
20180827-053806_750_live,Donation Baseline / Habit Probe,Interested,6,6
20180827-053806_750_live,Acknowledgement,Neutral,7,7
20180827-053806_750_live,Qualification / Segmentation,Neutral,8,8
20180827-053806_750_live,Appeal to Values,Interested,9,9
20180827-055128_658_live,Greeting / Rapport,Neutral,0,0
20180827-055128_658_live,Acknowledgement,Neutral,1,1
20180827-055128_658_live,Acknowledgement,Neutral,2,2
20180827-055128_658_live,Non-persuasive Other,Neutral,3,3
20180827-055128_658_live,Social Proof,Neutral,5,5
20180827-055128_658_live,Non-persuasive Other,Neutral,6,6
20180827-055128_658_live,Acknowledgement,Neutral,7,7
20180827-055128_658_live,Call to Action,Interested,8,8
20180827-055128_658_live,Conversation Closing,Neutral,9,9
20180827-055433_258_live,Greeting / Rapport,Neutral,0,0
20180827-055433_258_live,Greeting / Rapport,Neutral,1,1
20180827-055433_258_live,Donation Baseline / Habit Probe,Not Interested,2,2
20180827-055433_258_live,Call to Action,Interested,3,3
20180827-055433_258_live,Rational Appeal,Neutral,5,5
20180827-055433_258_live,Moral Appeal,Neutral,6,6
20180827-055433_258_live,Logistics / Coordination,Neutral,7,7
20180827-055433_258_live,Framing,Interested,8,8
20180827-055433_258_live,Commitment and Consistency,Interested,9,9
20180827-060832_308_live,Greeting / Rapport,Not Interested,0,0
20180827-060832_308_live,Donation Baseline / Habit Probe,Interested,1,1
20180827-060832_308_live,Donation Baseline / Habit Probe,Neutral,2,2
20180827-060832_308_live,Emotional Appeal,Neutral,3,3
20180827-060832_308_live,Framing,Neutral,5,5
20180827-060832_308_live,Framing,Neutral,6,6
20180827-060832_308_live,Donation Baseline / Habit Probe,Interested,7,7
20180827-060832_308_live,Acknowledgement,Neutral,8,8
20180827-060832_308_live,Acknowledgement,Interested,9,9
20180827-060928_49_live,Greeting / Rapport,Neutral,0,0
20180827-060928_49_live,Qualification / Segmentation,Neutral,1,1
20180827-060928_49_live,Non-persuasive Other,Neutral,2,2
20180827-060928_49_live,Non-persuasive Other,Neutral,3,3
20180827-060928_49_live,Acknowledgement,Neutral,5,5
20180827-060928_49_live,Call to Action,Not Interested,6,6
20180827-060928_49_live,Call to Action,Interested,7,7
20180827-060928_49_live,Commitment and Consistency,Interested,8,8
20180827-060928_49_live,Acknowledgement,Neutral,9,9
20180827-062717_115_live,Greeting / Rapport,Neutral,0,0
20180827-062717_115_live,Greeting / Rapport,Neutral,1,1
20180827-062717_115_live,Charity Awareness Probe,Neutral,2,2
20180827-062717_115_live,Appeal to Values,Neutral,3,3
20180827-062717_115_live,Credibility Appeal,Neutral,5,5
20180827-062717_115_live,Moral Appeal,Neutral,6,6
20180827-062717_115_live,Moral Appeal,Interested,7,7
20180827-062717_115_live,Rational Appeal,Interested,8,8
20180827-062717_115_live,Call to Action,Interested,9,9
20180828-144300_705_live,Call to Action,Not Interested,0,0
20180828-144300_705_live,Moral Appeal,Not Interested,1,1
20180828-144300_705_live,Charity Awareness Probe,Not Interested,2,2
20180828-144300_705_live,Social Proof,Neutral,3,3
20180828-144300_705_live,Moral Appeal,Not Interested,5,5
20180828-144300_705_live,Rewarding Activity,Neutral,6,6
20180828-144300_705_live,Credibility Appeal,Not Interested,7,7
20180828-144300_705_live,Credibility Appeal,Interested,8,8
20180828-144300_705_live,Conversation Closing,Not Interested,9,9
20180828-144936_260_live,Greeting / Rapport,Neutral,0,0
20180828-144936_260_live,Greeting / Rapport,Neutral,1,1
20180828-144936_260_live,Greeting / Rapport,Neutral,2,2
20180828-144936_260_live,Charity Awareness Probe,Neutral,3,3
20180828-144936_260_live,Non-persuasive Other,Neutral,4,4
20180828-144936_260_live,Rational Appeal,Neutral,6,6
20180828-144936_260_live,Acknowledgement,Neutral,7,7
20180828-144936_260_live,Call to Action,Not Interested,8,8
20180828-144936_260_live,Framing,Not Interested,9,9
20180828-145342_771_live,Greeting / Rapport,Neutral,0,0
20180828-145342_771_live,Acknowledgement,Neutral,1,1
20180828-145342_771_live,Framing,Neutral,2,2
20180828-145342_771_live,Rational Appeal,Interested,3,3
20180828-145342_771_live,Activation of Personal Commitment,Interested,5,5
20180828-145342_771_live,Emotional Appeal,Neutral,6,6
20180828-145342_771_live,Appeal to Values,Neutral,7,7
20180828-145342_771_live,Empathy Appeal,Neutral,8,8
20180828-145342_771_live,Self-feeling Appeal,Neutral,9,9
20180828-145428_366_live,Call to Action,Not Interested,0,0
20180828-145428_366_live,Framing,Neutral,1,1
20180828-145428_366_live,Rational Appeal,Interested,2,2
20180828-145428_366_live,Acknowledgement,Neutral,3,3
20180828-145428_366_live,Logistics / Coordination,Neutral,5,5
20180828-145428_366_live,Conversation Closing,Interested,6,6
20180828-145428_366_live,Appeal to Values,Neutral,7,7
20180828-145428_366_live,Framing,Neutral,8,8
20180828-145428_366_live,Acknowledgement,Neutral,9,9
20180828-145511_480_live,Charity Awareness Probe,Interested,0,0
20180828-145511_480_live,Charity Awareness Probe,Neutral,1,1
20180828-145511_480_live,Credibility Appeal,Neutral,2,2
20180828-145511_480_live,Call to Action,Interested,3,3
20180828-145511_480_live,Logistics / Coordination,Neutral,5,5
20180828-145511_480_live,Moral Appeal,Neutral,6,6
20180828-145511_480_live,Appeal to Values,Neutral,7,7
20180828-145511_480_live,Unity,Neutral,8,8
20180828-145511_480_live,Acknowledgement,Interested,9,9
20180828-145857_925_live,Non-persuasive Other,Not Interested,0,0
20180828-145857_925_live,Greeting / Rapport,Neutral,1,1
20180828-145857_925_live,Charity Awareness Probe,Neutral,2,2
20180828-145857_925_live,Non-persuasive Other,Neutral,3,3
20180828-145857_925_live,Logical Appeal,Neutral,5,5
20180828-145857_925_live,Rational Appeal,Neutral,6,6
20180828-145857_925_live,Logical Appeal,Neutral,7,7
20180828-145857_925_live,Donation Baseline / Habit Probe,Not Interested,8,8
20180828-145857_925_live,Logical Appeal,Not Interested,9,9
20180828-150047_923_live,Call to Action,Interested,0,0
20180828-150047_923_live,Door-in-the-face,Interested,1,1
20180828-150047_923_live,Guilt Induction,Interested,2,2
20180828-150047_923_live,Guilt Induction,Interested,3,3
20180828-150047_923_live,Foot-in-the-door,Interested,5,5
20180828-150047_923_live,Rational Appeal,Interested,6,6
20180828-150047_923_live,Emotional Appeal,Interested,7,7
20180828-150047_923_live,Acknowledgement,Interested,8,8
20180828-150047_923_live,Logistics / Coordination,Not Interested,9,9
20180828-150231_344_live,Greeting / Rapport,Neutral,0,0
20180828-150231_344_live,Call to Action,Interested,1,1
20180828-150231_344_live,Framing,Neutral,2,2
20180828-150231_344_live,Framing,Neutral,3,3
20180828-150231_344_live,Social Proof,Neutral,5,5
20180828-150231_344_live,Framing,Neutral,6,6
20180828-150231_344_live,Framing,Interested,7,7
20180828-150231_344_live,Acknowledgement,Interested,8,8
20180828-150231_344_live,Acknowledgement,Neutral,9,9
20180828-150259_573_live,Charity Awareness Probe,Neutral,0,0
20180828-150259_573_live,Charity Awareness Probe,Neutral,1,1
20180828-150259_573_live,Non-persuasive Other,Neutral,2,2
20180828-150259_573_live,Commitment and Consistency,Neutral,3,3
20180828-150259_573_live,Logistics / Coordination,Neutral,5,5
20180828-150259_573_live,Framing,Interested,7,7
20180828-150259_573_live,Acknowledgement,Neutral,8,8
20180828-150259_573_live,Conversation Closing,Neutral,9,9
20180828-150453_834_live,Greeting / Rapport,Neutral,0,0
20180828-150453_834_live,Donation Baseline / Habit Probe,Neutral,1,1
20180828-150453_834_live,Charity Awareness Probe,Neutral,2,2
20180828-150453_834_live,Call to Action,Neutral,3,3
20180828-150453_834_live,Framing,Neutral,5,5
20180828-150453_834_live,Rational Appeal,Interested,6,6
20180828-150453_834_live,Acknowledgement,Interested,7,7
20180828-150453_834_live,Conversation Closing,Neutral,8,8
20180828-150453_834_live,Acknowledgement,Neutral,9,9
20180828-150559_96_live,Greeting / Rapport,Neutral,0,0
20180828-150559_96_live,Non-persuasive Other,Neutral,1,1
20180828-150559_96_live,Moral Appeal,Neutral,2,2
20180828-150559_96_live,Empathy Appeal,Neutral,3,3
20180828-150559_96_live,Rewarding Activity,Interested,4,4
20180828-150559_96_live,Logistics / Coordination,Neutral,6,6
20180828-150559_96_live,Rational Appeal,Neutral,7,7
20180828-150559_96_live,Rational Appeal,Neutral,8,8
20180828-150559_96_live,Rational Appeal,Neutral,9,9
20180828-150559_96_live,Acknowledgement,Neutral,10,10
20180828-150659_719_live,Greeting / Rapport,Neutral,0,0
20180828-150659_719_live,Non-persuasive Other,Neutral,1,1
20180828-150659_719_live,Appeal to Values,Neutral,2,2
20180828-150659_719_live,Rational Appeal,Neutral,3,3
20180828-150659_719_live,Appeal to Values,Neutral,5,5
20180828-150659_719_live,Social Proof,Not Interested,6,6
20180828-150659_719_live,Non-persuasive Other,Interested,7,7
20180828-150659_719_live,Acknowledgement,Not Interested,8,8
20180828-150659_719_live,Conversation Closing,Not Interested,9,9
20180828-150721_38_live,Greeting / Rapport,Neutral,0,0
20180828-150721_38_live,Charity Awareness Probe,Neutral,1,1
20180828-150721_38_live,Appeal to Values,Neutral,2,2
20180828-150721_38_live,Appeal to Values,Interested,3,3
20180828-150721_38_live,Moral Appeal,Interested,5,5
20180828-150721_38_live,Acknowledgement,Neutral,6,6
20180828-150721_38_live,Framing,Neutral,7,7
20180828-150721_38_live,Credibility Appeal,Neutral,8,8
20180828-150721_38_live,Acknowledgement,Interested,9,9
20180828-150913_399_live,Call to Action,Neutral,0,0
20180828-150913_399_live,Rational Appeal,Interested,1,1
20180828-150913_399_live,Rational Appeal,Neutral,2,2
20180828-150913_399_live,Empathy Appeal,Neutral,3,3
20180828-150913_399_live,Acknowledgement,Neutral,5,5
20180828-150913_399_live,Acknowledgement,Neutral,6,6
20180828-150913_399_live,Moral Appeal,Neutral,7,7
20180828-150913_399_live,Non-persuasive Other,Neutral,8,8
20180828-150913_399_live,Acknowledgement,Neutral,9,9
20180828-151016_679_live,Appeal to Values,Neutral,0,0
20180828-151016_679_live,Charity Awareness Probe,Neutral,1,1
20180828-151016_679_live,Moral Appeal,Neutral,2,2
20180828-151016_679_live,Guilt Induction,Neutral,3,3
20180828-151016_679_live,Fear Appeal,Neutral,5,5
20180828-151016_679_live,Moral Appeal,Neutral,6,6
20180828-151016_679_live,Emotional Appeal,Interested,7,7
20180828-151016_679_live,Social Proof,Neutral,8,8
20180828-151016_679_live,Commitment and Consistency,Neutral,9,9
20180828-151312_220_live,Greeting / Rapport,Neutral,0,0
20180828-151312_220_live,Charity Awareness Probe,Interested,1,1
20180828-151312_220_live,Qualification / Segmentation,Interested,2,2
20180828-151312_220_live,Call to Action,Interested,3,3
20180828-151312_220_live,Non-persuasive Other,Interested,5,5
20180828-151312_220_live,Rational Appeal,Interested,6,6
20180828-151312_220_live,Guilt Induction,Interested,7,7
20180828-151312_220_live,Acknowledgement,Interested,8,8
20180828-151312_220_live,Acknowledgement,Interested,9,9
20180828-151602_271_live,Moral Appeal,Interested,0,0
20180828-151602_271_live,Framing,Neutral,1,1
20180828-151602_271_live,Donation Baseline / Habit Probe,Interested,2,2
20180828-151602_271_live,Appeal to Values,Neutral,3,3
20180828-151602_271_live,Appeal to Values,Interested,5,5
20180828-151602_271_live,Appeal to Values,Interested,6,6
20180828-151602_271_live,Acknowledgement,Neutral,7,7
20180828-151602_271_live,Rational Appeal,Interested,8,8
20180828-151602_271_live,Acknowledgement,Neutral,9,9
20180828-151914_101_live,Greeting / Rapport,Neutral,0,0
20180828-151914_101_live,Appeal to Values,Neutral,1,1
20180828-151914_101_live,Rational Appeal,Neutral,2,2
20180828-151914_101_live,Rational Appeal,Neutral,3,3
20180828-151914_101_live,Call to Action,Interested,5,5
20180828-151914_101_live,Acknowledgement,Neutral,6,6
20180828-151914_101_live,Acknowledgement,Neutral,7,7
20180828-151914_101_live,Moral Appeal,Neutral,8,8
20180828-151914_101_live,Appeal to Values,Neutral,9,9
20180828-152151_483_live,Greeting / Rapport,Not Interested,0,0
20180828-152151_483_live,Donation Baseline / Habit Probe,Neutral,1,1
20180828-152151_483_live,Charity Awareness Probe,Neutral,2,2
20180828-152151_483_live,Non-persuasive Other,Neutral,3,3
20180828-152151_483_live,Non-persuasive Other,Neutral,5,5
20180828-152151_483_live,Moral Appeal,Neutral,6,6
20180828-152151_483_live,Empathy Appeal,Neutral,7,7
20180828-152151_483_live,Call to Action,Neutral,8,8
20180828-152151_483_live,Storytelling,Neutral,9,9
20180828-152813_982_live,Greeting / Rapport,Neutral,0,0
20180828-152813_982_live,Greeting / Rapport,Neutral,1,1
20180828-152813_982_live,Charity Awareness Probe,Neutral,2,2
20180828-152813_982_live,Appeal to Values,Neutral,3,3
20180828-152813_982_live,Acknowledgement,Neutral,5,5
20180828-152813_982_live,Acknowledgement,Neutral,6,6
20180828-152813_982_live,Acknowledgement,Neutral,7,7
20180828-152813_982_live,Non-persuasive Other,Neutral,8,8
20180828-152813_982_live,Non-persuasive Other,Interested,9,9
20180828-154646_473_live,Greeting / Rapport,Not Interested,0,0
20180828-154646_473_live,Donation Baseline / Habit Probe,Not Interested,1,1
20180828-154646_473_live,Non-persuasive Other,Not Interested,2,2
20180828-154646_473_live,Appeal to Values,Neutral,3,3
20180828-154646_473_live,Commitment and Consistency,Neutral,5,5
20180828-154646_473_live,Credibility Appeal,Neutral,6,6
20180828-154646_473_live,Credibility Appeal,Neutral,7,7
20180828-154646_473_live,Rational Appeal,Neutral,8,8
20180828-154646_473_live,Conversation Closing,Neutral,9,9
20180828-155133_109_live,Greeting / Rapport,Neutral,0,0
20180828-155133_109_live,Fear Appeal,Neutral,1,1
20180828-155133_109_live,Emotional Appeal,Neutral,2,2
20180828-155133_109_live,Call to Action,Not Interested,3,3
20180828-155133_109_live,Activation of Personal Commitment,Interested,5,5
20180828-155133_109_live,Appeal to Values,Interested,6,6
20180828-155133_109_live,Call to Action,Interested,7,7
20180828-155133_109_live,Acknowledgement,Interested,8,8
20180828-155133_109_live,Conversation Closing,Neutral,9,9
20180828-155340_989_live,Greeting / Rapport,Neutral,0,0
20180828-155340_989_live,Call to Action,Neutral,1,1
20180828-155340_989_live,Credibility Appeal,Interested,2,2
20180828-155340_989_live,Rational Appeal,Interested,3,3
20180828-155340_989_live,Commitment and Consistency,Interested,5,5
20180828-155340_989_live,Framing,Interested,6,6
20180828-155340_989_live,Storytelling,Neutral,7,7
20180828-155340_989_live,Conversation Closing,Neutral,8,8
20180828-155340_989_live,Pre-giving,Interested,9,9
20180828-155952_523_live,Charity Awareness Probe,Neutral,0,0
20180828-155952_523_live,Non-persuasive Other,Neutral,1,1
20180828-155952_523_live,Appeal to Values,Neutral,2,2
20180828-155952_523_live,Rational Appeal,Neutral,3,3
20180828-155952_523_live,Social Proof,Not Interested,4,4
20180828-155952_523_live,Empathy Appeal,Neutral,5,5
20180828-155952_523_live,Framing,Neutral,7,7
20180828-155952_523_live,Acknowledgement,Neutral,8,8
20180828-155952_523_live,Logical Appeal,Neutral,9,9
20180828-155952_523_live,Moral Appeal,Neutral,10,10
20180828-155952_523_live,Guilt Induction,Not Interested,11,11
20180828-155952_523_live,Conversation Closing,Neutral,12,12
20180828-160644_703_live,Charity Awareness Probe,Neutral,0,0
20180828-160644_703_live,Donation Baseline / Habit Probe,Neutral,1,1
20180828-160644_703_live,Moral Appeal,Interested,2,2
20180828-160644_703_live,Acknowledgement,Neutral,3,3
20180828-160644_703_live,Acknowledgement,Neutral,5,5
20180828-160644_703_live,Rational Appeal,Neutral,6,6
20180828-160644_703_live,Credibility Appeal,Neutral,7,7
20180828-160644_703_live,Credibility Appeal,Neutral,8,8
20180828-160644_703_live,Non-persuasive Other,Neutral,9,9
20180828-161149_939_live,Greeting / Rapport,Neutral,0,0
20180828-161149_939_live,Charity Awareness Probe,Neutral,1,1
20180828-161149_939_live,Moral Appeal,Neutral,2,2
20180828-161149_939_live,Rational Appeal,Neutral,3,3
20180828-161149_939_live,Acknowledgement,Neutral,5,5
20180828-161149_939_live,Credibility Appeal,Neutral,6,6
20180828-161149_939_live,Credibility Appeal,Neutral,7,7
20180828-161149_939_live,Logistics / Coordination,Interested,8,8
20180828-161149_939_live,Appeal to Values,Neutral,9,9
20180828-161442_405_live,Call to Action,Neutral,0,0
20180828-161442_405_live,Appeal to Values,Neutral,1,1
20180828-161442_405_live,Credibility Appeal,Neutral,2,2
20180828-161442_405_live,Rational Appeal,Neutral,3,3
20180828-161442_405_live,Credibility Appeal,Neutral,4,4
20180828-161442_405_live,Call to Action,Interested,6,6
20180828-161442_405_live,Activation of Personal Commitment,Interested,7,7
20180828-161442_405_live,Empathy Appeal,Interested,8,8
20180828-161442_405_live,Commitment and Consistency,Interested,9,9
20180828-161943_26_live,Greeting / Rapport,Neutral,0,0
20180828-161943_26_live,Permission / Time Check,Neutral,1,1
20180828-161943_26_live,Charity Awareness Probe,Neutral,2,2
20180828-161943_26_live,Credibility Appeal,Neutral,3,3
20180828-161943_26_live,Rational Appeal,Interested,5,5
20180828-161943_26_live,Acknowledgement,Interested,6,6
20180828-161943_26_live,Conversation Closing,Neutral,7,7
20180828-161943_26_live,Logistics / Coordination,Interested,8,8
20180828-161943_26_live,Logistics / Coordination,Interested,9,9
20180828-162137_37_live,Greeting / Rapport,Not Interested,0,0
20180828-162137_37_live,Appeal to Values,Neutral,1,1
20180828-162137_37_live,Rational Appeal,Interested,2,2
20180828-162137_37_live,Fear Appeal,Interested,3,3
20180828-162137_37_live,Moral Appeal,Interested,4,4
20180828-162137_37_live,Acknowledgement,Not Interested,6,6
20180828-162137_37_live,Conversation Closing,Not Interested,7,7
20180828-162137_37_live,Acknowledgement,Not Interested,8,8
20180828-162137_37_live,Storytelling,Not Interested,9,9
20180828-162137_37_live,Conversation Closing,Interested,10,10
20180828-162550_253_live,Charity Awareness Probe,Neutral,0,0
20180828-162550_253_live,Non-persuasive Other,Neutral,1,1
20180828-162550_253_live,Acknowledgement,Neutral,2,2
20180828-162550_253_live,Rational Appeal,Neutral,3,3
20180828-162550_253_live,Rational Appeal,Neutral,4,4
20180828-162550_253_live,Appeal to Values,Neutral,6,6
20180828-162550_253_live,Qualification / Segmentation,Interested,7,7
20180828-162550_253_live,Rewarding Activity,Neutral,8,8
20180828-162550_253_live,Acknowledgement,Interested,9,9
20180828-162550_253_live,Moral Appeal,Neutral,10,10
20180828-162752_771_live,Empathy Appeal,Neutral,0,0
20180828-162752_771_live,Moral Appeal,Neutral,1,1
20180828-162752_771_live,Rational Appeal,Interested,2,2
20180828-162752_771_live,Moral Appeal,Neutral,3,3
20180828-162752_771_live,Door-in-the-face,Not Interested,5,5
20180828-162752_771_live,Door-in-the-face,Interested,6,6
20180828-162752_771_live,Acknowledgement,Neutral,7,7
20180828-162752_771_live,Framing,Interested,8,8
20180828-162752_771_live,Conversation Closing,Neutral,9,9
20180828-163111_795_live,Greeting / Rapport,Neutral,0,0
20180828-163111_795_live,Greeting / Rapport,Neutral,1,1
20180828-163111_795_live,Acknowledgement,Neutral,2,2
20180828-163111_795_live,Charity Awareness Probe,Neutral,3,3
20180828-163111_795_live,Credibility Appeal,Neutral,4,4
20180828-163111_795_live,Moral Appeal,Interested,7,7
20180828-163111_795_live,Appeal to Values,Interested,8,8
20180828-163111_795_live,Empathy Appeal,Interested,9,9
20180828-163300_633_live,Call to Action,Neutral,0,0
20180828-163300_633_live,Rational Appeal,Interested,1,1
20180828-163300_633_live,Framing,Neutral,2,2
20180828-163300_633_live,Rational Appeal,Neutral,3,3
20180828-163300_633_live,Charity Awareness Probe,Neutral,5,5
20180828-163300_633_live,Donation Baseline / Habit Probe,Neutral,6,6
20180828-163300_633_live,Fear Appeal,Neutral,7,7
20180828-163300_633_live,Credibility Appeal,Neutral,8,8
20180828-163300_633_live,Acknowledgement,Neutral,9,9
20180828-164559_390_live,Greeting / Rapport,Neutral,0,0
20180828-164559_390_live,Non-persuasive Other,Neutral,1,1
20180828-164559_390_live,Appeal to Values,Neutral,2,2
20180828-164559_390_live,Logistics / Coordination,Neutral,3,3
20180828-164559_390_live,Appeal to Values,Neutral,5,5
20180828-164559_390_live,Call to Action,Interested,6,6
20180828-164559_390_live,Framing,Interested,8,8
20180828-164559_390_live,Acknowledgement,Neutral,9,9
20180828-165639_960_live,Greeting / Rapport,Not Interested,0,0
20180828-165639_960_live,Greeting / Rapport,Neutral,1,1
20180828-165639_960_live,Charity Awareness Probe,Neutral,2,2
20180828-165639_960_live,Donation Baseline / Habit Probe,Not Interested,3,3
20180828-165639_960_live,Credibility Appeal,Neutral,5,5
20180828-165639_960_live,Framing,Interested,6,6
20180828-165639_960_live,Commitment and Consistency,Interested,7,7
20180828-165639_960_live,Acknowledgement,Neutral,8,8
20180828-165639_960_live,Acknowledgement,Neutral,9,9
20180828-171020_885_live,Greeting / Rapport,Neutral,0,0
20180828-171020_885_live,Greeting / Rapport,Neutral,1,1
20180828-171020_885_live,Non-persuasive Other,Neutral,2,2
20180828-171020_885_live,Greeting / Rapport,Neutral,3,3
20180828-171020_885_live,Storytelling,Neutral,4,4
20180828-171020_885_live,Credibility Appeal,Neutral,6,6
20180828-171020_885_live,Framing,Neutral,7,7
20180828-171020_885_live,Moral Appeal,Not Interested,8,8
20180828-171020_885_live,Framing,Neutral,9,9
20180828-175059_983_live,Appeal to Values,Neutral,0,0
20180828-175059_983_live,Rational Appeal,Neutral,1,1
20180828-175059_983_live,Rational Appeal,Neutral,2,2
20180828-175059_983_live,Social Proof,Neutral,3,3
20180828-175059_983_live,Rational Appeal,Interested,5,5
20180828-175059_983_live,Appeal to Values,Neutral,6,6
20180828-175059_983_live,Charity Awareness Probe,Neutral,7,7
20180828-175059_983_live,Acknowledgement,Interested,8,8
20180828-175059_983_live,Acknowledgement,Interested,9,9
20180828-180205_798_live,Call to Action,Interested,0,0
20180828-180205_798_live,Rational Appeal,Neutral,1,1
20180828-180205_798_live,Credibility Appeal,Neutral,2,2
20180828-180205_798_live,Framing,Interested,3,3
20180828-180205_798_live,Charity Awareness Probe,Neutral,4,4
20180828-180205_798_live,Rational Appeal,Interested,6,6
20180828-180205_798_live,Logistics / Coordination,Neutral,7,7
20180828-180205_798_live,Logistics / Coordination,Neutral,8,8
20180828-180205_798_live,Logistics / Coordination,Interested,9,9
20180828-180205_798_live,Acknowledgement,Neutral,10,10
20180828-180224_618_live,Greeting / Rapport,Neutral,0,0
20180828-180224_618_live,Non-persuasive Other,Neutral,1,1
20180828-180224_618_live,Acknowledgement,Neutral,2,2
20180828-180224_618_live,Charity Awareness Probe,Neutral,3,3
20180828-180224_618_live,Rational Appeal,Neutral,5,5
20180828-180224_618_live,Credibility Appeal,Neutral,6,6
20180828-180224_618_live,Call to Action,Interested,7,7
20180828-180224_618_live,Appeal to Values,Neutral,8,8
20180828-180224_618_live,Pre-giving,Neutral,9,9
20180828-181506_747_live,Greeting / Rapport,Neutral,0,0
20180828-181506_747_live,Moral Appeal,Interested,1,1
20180828-181506_747_live,Donation Baseline / Habit Probe,Interested,2,2
20180828-181506_747_live,Acknowledgement,Neutral,3,3
20180828-181506_747_live,Rational Appeal,Interested,5,5
20180828-181506_747_live,Acknowledgement,Neutral,6,6
20180828-181506_747_live,Acknowledgement,Neutral,7,7
20180828-181506_747_live,Call to Action,Neutral,8,8
20180828-181506_747_live,Conversation Closing,Neutral,9,9
20180828-182401_548_live,Appeal to Values,Neutral,0,0
20180828-182401_548_live,Charity Awareness Probe,Interested,1,1
20180828-182401_548_live,Framing,Neutral,2,2
20180828-182401_548_live,Rational Appeal,Neutral,3,3
20180828-182401_548_live,Credibility Appeal,Neutral,4,4
20180828-182401_548_live,Rational Appeal,Interested,6,6
20180828-182401_548_live,Call to Action,Neutral,7,7
20180828-182401_548_live,Logistics / Coordination,Neutral,8,8
20180828-182401_548_live,Qualification / Segmentation,Neutral,9,9
20180828-182401_548_live,Acknowledgement,Neutral,10,10
20180828-182449_776_live,Rational Appeal,Not Interested,1,1
20180828-182449_776_live,Moral Appeal,Neutral,2,2
20180828-182449_776_live,Call to Action,Not Interested,3,3
20180828-182449_776_live,Empathy Appeal,Neutral,4,4
20180828-182449_776_live,Donation Baseline / Habit Probe,Neutral,6,6
20180828-182449_776_live,Empathy Appeal,Neutral,7,7
20180828-182449_776_live,Social Proof,Neutral,8,8
20180828-182449_776_live,Framing,Interested,9,9
20180828-182632_141_live,Greeting / Rapport,Neutral,0,0
20180828-182632_141_live,Charity Awareness Probe,Neutral,1,1
20180828-182632_141_live,Credibility Appeal,Neutral,2,2
20180828-182632_141_live,Rational Appeal,Neutral,3,3
20180828-182632_141_live,Framing,Interested,5,5
20180828-182632_141_live,Expertise,Neutral,6,6
20180828-182632_141_live,Empathy Appeal,Interested,7,7
20180828-182632_141_live,Rational Appeal,Interested,8,8
20180828-182632_141_live,Self-feeling Appeal,Neutral,9,9
20180828-183321_46_live,Charity Awareness Probe,Not Interested,0,0
20180828-183321_46_live,Moral Appeal,Neutral,1,1
20180828-183321_46_live,Guilt Induction,Neutral,2,2
20180828-183321_46_live,Empathy Appeal,Not Interested,3,3
20180828-183321_46_live,Appeal to Values,Not Interested,4,4
20180828-183321_46_live,Storytelling,Not Interested,6,6
20180828-183321_46_live,Non-persuasive Other,Not Interested,7,7
20180828-183321_46_live,Conversation Closing,Neutral,8,8
20180828-183321_46_live,Conversation Closing,Neutral,9,9
20180828-185320_572_live,Greeting / Rapport,Not Interested,0,0
20180828-185320_572_live,Framing,Neutral,1,1
20180828-185320_572_live,Call to Action,Neutral,2,2
20180828-185320_572_live,Foot-in-the-door,Interested,3,3
20180828-185320_572_live,Conversation Closing,Not Interested,5,5
20180828-185320_572_live,Acknowledgement,Neutral,6,6
20180828-185320_572_live,Non-persuasive Other,Neutral,7,7
20180828-185320_572_live,Acknowledgement,Neutral,8,8
20180828-185320_572_live,Non-persuasive Other,Interested,9,9
20180828-185546_199_live,Greeting / Rapport,Not Interested,0,0
20180828-185546_199_live,Greeting / Rapport,Not Interested,1,1
20180828-185546_199_live,Acknowledgement,Not Interested,2,2
20180828-185546_199_live,Credibility Appeal,Not Interested,3,3
20180828-185546_199_live,Credibility Appeal,Interested,5,5
20180828-185546_199_live,Framing,Interested,6,6
20180828-185546_199_live,Acknowledgement,Interested,7,7
20180828-185546_199_live,Rational Appeal,Not Interested,8,8
20180828-185546_199_live,Rational Appeal,Not Interested,9,9
20180828-185623_74_live,Charity Awareness Probe,Not Interested,0,0
20180828-185623_74_live,Rewarding Activity,Neutral,1,1
20180828-185623_74_live,Credibility Appeal,Not Interested,2,2
20180828-185623_74_live,Credibility Appeal,Neutral,3,3
20180828-185623_74_live,Credibility Appeal,Not Interested,4,4
20180828-185623_74_live,Credibility Appeal,Not Interested,6,6
20180828-185623_74_live,Credibility Appeal,Neutral,7,7
20180828-185623_74_live,Credibility Appeal,Not Interested,8,8
20180828-185623_74_live,Credibility Appeal,Neutral,9,9
20180828-185623_74_live,Conversation Closing,Neutral,10,10
20180828-185741_900_live,Moral Appeal,Neutral,0,0
20180828-185741_900_live,Appeal to Values,Neutral,1,1
20180828-185741_900_live,Rational Appeal,Neutral,2,2
20180828-185741_900_live,Appeal to Values,Neutral,3,3
20180828-185741_900_live,Self-feeling Appeal,Neutral,6,6
20180828-185741_900_live,Self-feeling Appeal,Neutral,7,7
20180828-185741_900_live,Self-feeling Appeal,Interested,8,8
20180828-185741_900_live,Empathy Appeal,Interested,9,9
20180828-190043_840_live,Charity Awareness Probe,Neutral,0,0
20180828-190043_840_live,Appeal to Values,Neutral,1,1
20180828-190043_840_live,Rational Appeal,Neutral,2,2
20180828-190043_840_live,Rational Appeal,Neutral,3,3
20180828-190043_840_live,Framing,Interested,5,5
20180828-190043_840_live,Credibility Appeal,Interested,6,6
20180828-190043_840_live,Framing,Neutral,7,7
20180828-190043_840_live,Credibility Appeal,Interested,8,8
20180828-190043_840_live,Rewarding Activity,Neutral,9,9
20180828-190157_397_live,Greeting / Rapport,Neutral,0,0
20180828-190157_397_live,Charity Awareness Probe,Neutral,1,1
20180828-190157_397_live,Rational Appeal,Neutral,2,2
20180828-190157_397_live,Rational Appeal,Neutral,3,3
20180828-190157_397_live,Rational Appeal,Neutral,4,4
20180828-190157_397_live,Credibility Appeal,Interested,6,6
20180828-190157_397_live,Donation Baseline / Habit Probe,Interested,7,7
20180828-190157_397_live,Self-feeling Appeal,Neutral,8,8
20180828-190157_397_live,Unity,Interested,9,9
20180828-190212_442_live,Greeting / Rapport,Neutral,0,0
20180828-190212_442_live,Charity Awareness Probe,Neutral,1,1
20180828-190212_442_live,Non-persuasive Other,Neutral,2,2
20180828-190212_442_live,Rational Appeal,Neutral,3,3
20180828-190212_442_live,Framing,Not Interested,5,5
20180828-190212_442_live,Reciprocity,Not Interested,6,6
20180828-190212_442_live,Guilt Induction,Interested,7,7
20180828-190212_442_live,Foot-in-the-door,Interested,8,8
20180828-190212_442_live,Acknowledgement,Neutral,9,9
20180828-190347_623_live,Greeting / Rapport,Neutral,0,0
20180828-190347_623_live,Charity Awareness Probe,Neutral,1,1
20180828-190347_623_live,Empathy Appeal,Neutral,2,2
20180828-190347_623_live,Credibility Appeal,Interested,3,3
20180828-190347_623_live,Empathy Appeal,Neutral,4,4
20180828-190347_623_live,Credibility Appeal,Interested,6,6
20180828-190347_623_live,Moral Appeal,Neutral,7,7
20180828-190347_623_live,Commitment and Consistency,Interested,8,8
20180828-190347_623_live,Commitment and Consistency,Interested,9,9
20180828-190442_503_live,Greeting / Rapport,Not Interested,0,0
20180828-190442_503_live,Charity Awareness Probe,Neutral,1,1
20180828-190442_503_live,Charity Awareness Probe,Neutral,2,2
20180828-190442_503_live,Reciprocity,Neutral,3,3
20180828-190442_503_live,Logistics / Coordination,Neutral,5,5
20180828-190442_503_live,Appeal to Values,Neutral,6,6
20180828-190442_503_live,Rational Appeal,Neutral,7,7
20180828-190442_503_live,Moral Appeal,Neutral,8,8
20180828-190442_503_live,Call to Action,Neutral,9,9
20180828-190447_206_live,Greeting / Rapport,Not Interested,0,0
20180828-190447_206_live,Donation Baseline / Habit Probe,Not Interested,1,1
20180828-190447_206_live,Reciprocity,Interested,2,2
20180828-190447_206_live,Credibility Appeal,Interested,3,3
20180828-190447_206_live,Social Proof,Interested,5,5
20180828-190447_206_live,Commitment and Consistency,Interested,6,6
20180828-190447_206_live,Self-feeling Appeal,Interested,7,7
20180828-190447_206_live,Self-feeling Appeal,Not Interested,8,8
20180828-190447_206_live,Conversation Closing,Not Interested,9,9
20180828-190746_441_live,Greeting / Rapport,Not Interested,0,0
20180828-190746_441_live,Greeting / Rapport,Not Interested,1,1
20180828-190746_441_live,Greeting / Rapport,Not Interested,2,2
20180828-190746_441_live,Non-persuasive Other,Not Interested,3,3
20180828-190746_441_live,Greeting / Rapport,Not Interested,4,4
20180828-190746_441_live,Greeting / Rapport,Not Interested,6,6
20180828-190746_441_live,Charity Awareness Probe,Not Interested,7,7
20180828-190746_441_live,Call to Action,Interested,8,8
20180828-190746_441_live,Logistics / Coordination,Interested,9,9
20180828-191043_249_live,Greeting / Rapport,Neutral,0,0
20180828-191043_249_live,Donation Baseline / Habit Probe,Neutral,1,1
20180828-191043_249_live,Qualification / Segmentation,Neutral,2,2
20180828-191043_249_live,Framing,Interested,3,3
20180828-191043_249_live,Donation Baseline / Habit Probe,Neutral,5,5
20180828-191043_249_live,Donation Baseline / Habit Probe,Neutral,6,6
20180828-191043_249_live,Non-persuasive Other,Neutral,7,7
20180828-191043_249_live,Conversation Closing,Neutral,8,8
20180828-191043_249_live,Conversation Closing,Neutral,9,9
20180828-191127_844_live,Greeting / Rapport,Neutral,0,0
20180828-191127_844_live,Greeting / Rapport,Neutral,1,1
20180828-191127_844_live,Appeal to Values,Neutral,2,2
20180828-191127_844_live,Charity Awareness Probe,Interested,3,3
20180828-191127_844_live,Empathy Appeal,Interested,4,4
20180828-191127_844_live,Logistics / Coordination,Neutral,7,7
20180828-191127_844_live,Greeting / Rapport,Neutral,8,8
20180828-191127_844_live,Greeting / Rapport,Neutral,9,9
20180828-191127_844_live,Conversation Closing,Neutral,10,10
20180828-191128_16_live,Greeting / Rapport,Neutral,0,0
20180828-191128_16_live,Greeting / Rapport,Neutral,1,1
20180828-191128_16_live,Charity Awareness Probe,Neutral,2,2
20180828-191128_16_live,Appeal to Values,Neutral,3,3
20180828-191128_16_live,Moral Appeal,Interested,5,5
20180828-191128_16_live,Call to Action,Interested,6,6
20180828-191128_16_live,Acknowledgement,Neutral,7,7
20180828-191128_16_live,Appeal to Values,Neutral,8,8
20180828-191128_16_live,Appeal to Values,Neutral,9,9
20180828-191231_142_live,Framing,Neutral,0,0
20180828-191231_142_live,Logistics / Coordination,Neutral,1,1
20180828-191231_142_live,Empathy Appeal,Neutral,2,2
20180828-191231_142_live,Social Proof,Neutral,3,3
20180828-191231_142_live,Social Proof,Interested,5,5
20180828-191231_142_live,Framing,Interested,6,6
20180828-191231_142_live,Rational Appeal,Interested,7,7
20180828-191231_142_live,Appeal to Values,Interested,8,8
20180828-191231_142_live,Acknowledgement,Interested,9,9
20180828-191949_798_live,Greeting / Rapport,Neutral,0,0
20180828-191949_798_live,Acknowledgement,Neutral,1,1
20180828-191949_798_live,Logical Appeal,Neutral,2,2
20180828-191949_798_live,Rational Appeal,Neutral,3,3
20180828-191949_798_live,Non-persuasive Other,Neutral,5,5
20180828-191949_798_live,Fear Appeal,Neutral,6,6
20180828-191949_798_live,Rational Appeal,Neutral,7,7
20180828-191949_798_live,Appeal to Values,Not Interested,8,8
20180828-191949_798_live,Conversation Closing,Neutral,9,9
20180828-191951_61_live,Charity Awareness Probe,Neutral,0,0
20180828-191951_61_live,Greeting / Rapport,Neutral,1,1
20180828-191951_61_live,Appeal to Values,Neutral,2,2
20180828-191951_61_live,Appeal to Values,Neutral,3,3
20180828-191951_61_live,Appeal to Values,Neutral,5,5
20180828-191951_61_live,Credibility Appeal,Neutral,6,6
20180828-191951_61_live,Appeal to Values,Interested,7,7
20180828-191951_61_live,Acknowledgement,Interested,8,8
20180828-191951_61_live,Logistics / Coordination,Neutral,9,9
20180828-192007_353_live,Greeting / Rapport,Neutral,0,0
20180828-192007_353_live,Charity Awareness Probe,Neutral,1,1
20180828-192007_353_live,Fear Appeal,Not Interested,3,3
20180828-192007_353_live,Framing,Not Interested,4,4
20180828-192007_353_live,Storytelling,Not Interested,6,6
20180828-192007_353_live,Framing,Not Interested,7,7
20180828-192007_353_live,Door-in-the-face,Not Interested,8,8
20180828-192007_353_live,Call to Action,Not Interested,9,9
20180828-192202_602_live,Greeting / Rapport,Neutral,0,0
20180828-192202_602_live,Greeting / Rapport,Neutral,1,1
20180828-192202_602_live,Moral Appeal,Neutral,2,2
20180828-192202_602_live,Credibility Appeal,Neutral,3,3
20180828-192202_602_live,Rational Appeal,Neutral,5,5
20180828-192202_602_live,Emotional Appeal,Neutral,6,6
20180828-192202_602_live,Call to Action,Interested,7,7
20180828-192202_602_live,Commitment and Consistency,Interested,8,8
20180828-192202_602_live,Acknowledgement,Interested,9,9
20180828-192229_245_live,Call to Action,Neutral,0,0
20180828-192229_245_live,Non-persuasive Other,Neutral,1,1
20180828-192229_245_live,Framing,Neutral,2,2
20180828-192229_245_live,Moral Appeal,Interested,3,3
20180828-192229_245_live,Charity Awareness Probe,Interested,4,4
20180828-192229_245_live,Greeting / Rapport,Neutral,6,6
20180828-192229_245_live,Non-persuasive Other,Neutral,7,7
20180828-192229_245_live,Donation Baseline / Habit Probe,Neutral,8,8
20180828-192229_245_live,Donation Baseline / Habit Probe,Neutral,9,9
20180828-192522_122_live,Moral Appeal,Neutral,0,0
20180828-192522_122_live,Charity Awareness Probe,Neutral,1,1
20180828-192522_122_live,Credibility Appeal,Neutral,2,2
20180828-192522_122_live,Call to Action,Interested,3,3
20180828-192522_122_live,Appeal to Values,Neutral,4,4
20180828-192522_122_live,Non-persuasive Other,Neutral,6,6
20180828-192522_122_live,Framing,Neutral,7,7
20180828-192522_122_live,Logistics / Coordination,Interested,8,8
20180828-192522_122_live,Call to Action,Interested,9,9
20180828-192601_768_live,Call to Action,Neutral,0,0
20180828-192601_768_live,Credibility Appeal,Neutral,1,1
20180828-192601_768_live,Rational Appeal,Neutral,2,2
20180828-192601_768_live,Rational Appeal,Neutral,3,3
20180828-192601_768_live,Rational Appeal,Interested,5,5
20180828-192601_768_live,Acknowledgement,Neutral,6,6
20180828-192601_768_live,Logistics / Coordination,Neutral,7,7
20180828-192601_768_live,Acknowledgement,Neutral,8,8
20180828-192601_768_live,Conversation Closing,Neutral,9,9
20180828-192744_15_live,Greeting / Rapport,Neutral,0,0
20180828-192744_15_live,Credibility Appeal,Not Interested,1,1
20180828-192744_15_live,Appeal to Values,Not Interested,2,2
20180828-192744_15_live,Empathy Appeal,Not Interested,3,3
20180828-192744_15_live,Activation of Personal Commitment,Not Interested,5,5
20180828-192744_15_live,Appeal to Values,Not Interested,6,6
20180828-192744_15_live,Framing,Interested,7,7
20180828-192744_15_live,Logistics / Coordination,Interested,8,8
20180828-192744_15_live,Acknowledgement,Interested,9,9
20180828-192750_297_live,Greeting / Rapport,Neutral,0,0
20180828-192750_297_live,Greeting / Rapport,Neutral,1,1
20180828-192750_297_live,Non-persuasive Other,Neutral,2,2
20180828-192750_297_live,Call to Action,Not Interested,3,3
20180828-192750_297_live,Acknowledgement,Neutral,4,4
20180828-192750_297_live,Non-persuasive Other,Neutral,6,6
20180828-192750_297_live,Moral Appeal,Neutral,7,7
20180828-192750_297_live,Rewarding Activity,Neutral,8,8
20180828-192750_297_live,Greeting / Rapport,Neutral,9,9
20180828-192750_297_live,Conversation Closing,Neutral,10,10
20180828-192913_631_live,Charity Awareness Probe,Interested,0,0
20180828-192913_631_live,Qualification / Segmentation,Neutral,1,1
20180828-192913_631_live,Appeal to Values,Interested,2,2
20180828-192913_631_live,Credibility Appeal,Interested,3,3
20180828-192913_631_live,Acknowledgement,Neutral,6,6
20180828-192913_631_live,Acknowledgement,Interested,7,7
20180828-192913_631_live,Framing,Neutral,8,8
20180828-192913_631_live,Framing,Interested,9,9
20180828-192913_631_live,Conversation Closing,Neutral,10,10
20180828-194258_519_live,Greeting / Rapport,Neutral,0,0
20180828-194258_519_live,Greeting / Rapport,Neutral,1,1
20180828-194258_519_live,Empathy Appeal,Interested,2,2
20180828-194258_519_live,Moral Appeal,Neutral,3,3
20180828-194258_519_live,Call to Action,Interested,4,4
20180828-194258_519_live,Conversation Closing,Neutral,6,6
20180828-194258_519_live,Logistics / Coordination,Neutral,7,7
20180828-194258_519_live,Logistics / Coordination,Neutral,8,8
20180828-194258_519_live,Self-feeling Appeal,Not Interested,9,9
20180828-194341_225_live,Call to Action,Not Interested,0,0
20180828-194341_225_live,Moral Appeal,Not Interested,1,1
20180828-194341_225_live,Qualification / Segmentation,Neutral,2,2
20180828-194341_225_live,Moral Appeal,Not Interested,3,3
20180828-194341_225_live,Empathy Appeal,Not Interested,5,5
20180828-194341_225_live,Door-in-the-face,Not Interested,6,6
20180828-194341_225_live,Permission / Time Check,Not Interested,7,7
20180828-194341_225_live,Conversation Closing,Neutral,8,8
20180828-194341_225_live,Credibility Appeal,Neutral,9,9
20180828-194737_511_live,Donation Baseline / Habit Probe,Neutral,0,0
20180828-194737_511_live,Charity Awareness Probe,Neutral,1,1
20180828-194737_511_live,Rational Appeal,Neutral,2,2
20180828-194737_511_live,Greeting / Rapport,Neutral,3,3
20180828-194737_511_live,Unity,Interested,4,4
20180828-194737_511_live,Empathy Appeal,Interested,6,6
20180828-194737_511_live,Moral Appeal,Neutral,7,7
20180828-194737_511_live,Empathy Appeal,Neutral,8,8
20180828-194737_511_live,Call to Action,Interested,9,9
20180828-194737_511_live,Acknowledgement,Neutral,10,10
20180828-194952_902_live,Charity Awareness Probe,Not Interested,0,0
20180828-194952_902_live,Framing,Neutral,1,1
20180828-194952_902_live,Logistics / Coordination,Neutral,2,2
20180828-194952_902_live,Rewarding Activity,Interested,3,3
20180828-194952_902_live,Rational Appeal,Neutral,5,5
20180828-194952_902_live,Rational Appeal,Neutral,6,6
20180828-194952_902_live,Framing,Interested,7,7
20180828-194952_902_live,Framing,Neutral,8,8
20180828-194952_902_live,Reciprocity,Interested,9,9
20180828-195304_313_live,Greeting / Rapport,Neutral,0,0
20180828-195304_313_live,Qualification / Segmentation,Interested,1,1
20180828-195304_313_live,Framing,Neutral,2,2
20180828-195304_313_live,Charity Awareness Probe,Interested,3,3
20180828-195304_313_live,Credibility Appeal,Interested,5,5
20180828-195304_313_live,Rational Appeal,Interested,6,6
20180828-195304_313_live,Empathy Appeal,Interested,7,7
20180828-195304_313_live,Fear Appeal,Interested,8,8
20180828-200654_46_live,Greeting / Rapport,Neutral,0,0
20180828-200654_46_live,Greeting / Rapport,Neutral,1,1
20180828-200654_46_live,Self-feeling Appeal,Neutral,2,2
20180828-200654_46_live,Self-feeling Appeal,Neutral,3,3
20180828-200654_46_live,Framing,Interested,5,5
20180828-200654_46_live,Framing,Interested,6,6
20180828-200654_46_live,Acknowledgement,Neutral,7,7
20180828-200654_46_live,Conversation Closing,Neutral,8,8
20180828-200654_46_live,Conversation Closing,Neutral,9,9
20180828-200947_596_live,Greeting / Rapport,Neutral,0,0
20180828-200947_596_live,Charity Awareness Probe,Neutral,1,1
20180828-200947_596_live,Non-persuasive Other,Neutral,2,2
20180828-200947_596_live,Moral Appeal,Neutral,3,3
20180828-200947_596_live,Storytelling,Neutral,5,5
20180828-200947_596_live,Credibility Appeal,Neutral,6,6
20180828-200947_596_live,Credibility Appeal,Neutral,7,7
20180828-200947_596_live,Moral Appeal,Neutral,8,8
20180828-200947_596_live,Call to Action,Not Interested,9,9
20180828-201354_18_live,Call to Action,Neutral,0,0
20180828-201354_18_live,Rational Appeal,Neutral,1,1
20180828-201354_18_live,Appeal to Values,Neutral,2,2
20180828-201354_18_live,Donation Baseline / Habit Probe,Neutral,3,3
20180828-201354_18_live,Debt,Interested,5,5
20180828-201354_18_live,Framing,Interested,6,6
20180828-201354_18_live,Guilt Induction,Interested,7,7
20180828-201354_18_live,Acknowledgement,Neutral,8,8
20180828-201354_18_live,Moral Appeal,Neutral,9,9
20180828-201439_804_live,Greeting / Rapport,Neutral,0,0
20180828-201439_804_live,Charity Awareness Probe,Interested,1,1
20180828-201439_804_live,Framing,Neutral,2,2
20180828-201439_804_live,Commitment and Consistency,Neutral,3,3
20180828-201439_804_live,Empathy Appeal,Neutral,5,5
20180828-201439_804_live,Rational Appeal,Neutral,6,6
20180828-201439_804_live,Appeal to Values,Neutral,7,7
20180828-201439_804_live,Non-persuasive Other,Neutral,8,8
20180828-201439_804_live,Call to Action,Interested,9,9
20180828-202033_549_live,Call to Action,Interested,0,0
20180828-202033_549_live,Acknowledgement,Neutral,1,1
20180828-202033_549_live,Empathy Appeal,Interested,2,2
20180828-202033_549_live,Rational Appeal,Neutral,3,3
20180828-202033_549_live,Credibility Appeal,Neutral,4,4
20180828-202033_549_live,Acknowledgement,Neutral,6,6
20180828-202033_549_live,Acknowledgement,Neutral,7,7
20180828-202033_549_live,Non-persuasive Other,Neutral,8,8
20180828-202033_549_live,Greeting / Rapport,Neutral,9,9
20180828-202033_549_live,Conversation Closing,Neutral,10,10
20180828-202206_260_live,Empathy Appeal,Interested,0,0
20180828-202206_260_live,Empathy Appeal,Neutral,1,1
20180828-202206_260_live,Sympathy Appeal,Neutral,2,2
20180828-202206_260_live,Framing,Neutral,3,3
20180828-202206_260_live,Moral Appeal,Neutral,5,5
20180828-202206_260_live,Credibility Appeal,Neutral,6,6
20180828-202206_260_live,Rational Appeal,Neutral,7,7
20180828-202206_260_live,Rational Appeal,Interested,8,8
20180828-202206_260_live,Acknowledgement,Interested,9,9
20180828-204943_168_live,Greeting / Rapport,Neutral,0,0
20180828-204943_168_live,Greeting / Rapport,Neutral,1,1
20180828-204943_168_live,Self-feeling Appeal,Neutral,2,2
20180828-204943_168_live,Self-feeling Appeal,Neutral,3,3
20180828-204943_168_live,Credibility Appeal,Interested,5,5
20180828-204943_168_live,Conversation Closing,Neutral,7,7
20180828-204943_168_live,Conversation Closing,Neutral,8,8
20180828-204943_168_live,Conversation Closing,Neutral,9,9
20180828-204944_288_live,Greeting / Rapport,Neutral,0,0
20180828-204944_288_live,Greeting / Rapport,Neutral,1,1
20180828-204944_288_live,Charity Awareness Probe,Interested,2,2
20180828-204944_288_live,Appeal to Values,Neutral,3,3
20180828-204944_288_live,Call to Action,Neutral,5,5
20180828-204944_288_live,Acknowledgement,Neutral,7,7
20180828-204944_288_live,Appeal to Values,Neutral,8,8
20180828-204944_288_live,Charity Awareness Probe,Neutral,9,9
20180828-212320_295_live,Greeting / Rapport,Not Interested,0,0
20180828-212320_295_live,Greeting / Rapport,Neutral,1,1
20180828-212320_295_live,Charity Awareness Probe,Neutral,2,2
20180828-212320_295_live,Moral Appeal,Neutral,3,3
20180828-212320_295_live,Acknowledgement,Interested,4,4
20180828-212320_295_live,Framing,Interested,6,6
20180828-212320_295_live,Logistics / Coordination,Neutral,7,7
20180828-212320_295_live,Acknowledgement,Neutral,8,8
20180828-212320_295_live,Empathy Appeal,Interested,9,9
20180828-213210_462_live,Greeting / Rapport,Neutral,0,0
20180828-213210_462_live,Non-persuasive Other,Neutral,1,1
20180828-213210_462_live,Charity Awareness Probe,Interested,2,2
20180828-213210_462_live,Non-persuasive Other,Interested,3,3
20180828-213210_462_live,Logistics / Coordination,Neutral,4,4
20180828-213210_462_live,Debt,Neutral,7,7
20180828-213210_462_live,Commitment and Consistency,Interested,8,8
20180828-213210_462_live,Conversation Closing,Interested,9,9
20180828-213210_53_live,Moral Appeal,Interested,0,0
20180828-213210_53_live,Commitment and Consistency,Neutral,1,1
20180828-213210_53_live,Rational Appeal,Interested,2,2
20180828-213210_53_live,Framing,Neutral,3,3
20180828-213210_53_live,Social Proof,Neutral,5,5
20180828-213210_53_live,Framing,Neutral,6,6
20180828-213210_53_live,Acknowledgement,Neutral,7,7
20180828-213210_53_live,Credibility Appeal,Interested,8,8
20180828-213210_53_live,Acknowledgement,Neutral,9,9
20180828-215629_975_live,Greeting / Rapport,Neutral,0,0
20180828-215629_975_live,Call to Action,Neutral,1,1
20180828-215629_975_live,Credibility Appeal,Not Interested,2,2
20180828-215629_975_live,Credibility Appeal,Neutral,3,3
20180828-215629_975_live,Rational Appeal,Neutral,4,4
20180828-215629_975_live,Pre-giving,Neutral,6,6
20180828-215629_975_live,Non-persuasive Other,Neutral,7,7
20180828-215629_975_live,Moral Appeal,Neutral,8,8
20180828-215629_975_live,Framing,Interested,9,9
20180828-215629_975_live,Acknowledgement,Neutral,10,10
20180828-220218_164_live,Permission / Time Check,Neutral,0,0
20180828-220218_164_live,Rational Appeal,Neutral,1,1
20180828-220218_164_live,Rational Appeal,Neutral,2,2
20180828-220218_164_live,Storytelling,Neutral,3,3
20180828-220218_164_live,Credibility Appeal,Neutral,5,5
20180828-220218_164_live,Rational Appeal,Neutral,6,6
20180828-220218_164_live,Credibility Appeal,Neutral,7,7
20180828-220218_164_live,Framing,Not Interested,8,8
20180828-220218_164_live,Conversation Closing,Neutral,9,9
20180828-220746_854_live,Greeting / Rapport,Neutral,0,0
20180828-220746_854_live,Pre-giving,Neutral,1,1
20180828-220746_854_live,Credibility Appeal,Neutral,2,2
20180828-220746_854_live,Non-persuasive Other,Neutral,3,3
20180828-220746_854_live,Framing,Neutral,4,4
20180828-220746_854_live,Framing,Not Interested,6,6
20180828-220746_854_live,Rational Appeal,Neutral,7,7
20180828-220746_854_live,Social Proof,Interested,9,9
20180828-220746_854_live,Donation Baseline / Habit Probe,Interested,10,10
20180828-220746_854_live,Acknowledgement,Neutral,11,11
20180828-221141_79_live,Charity Awareness Probe,Neutral,0,0
20180828-221141_79_live,Charity Awareness Probe,Neutral,1,1
20180828-221141_79_live,Charity Awareness Probe,Neutral,2,2
20180828-221141_79_live,Framing,Neutral,3,3
20180828-221141_79_live,Credibility Appeal,Neutral,5,5
20180828-221141_79_live,Framing,Neutral,6,6
20180828-221141_79_live,Credibility Appeal,Neutral,7,7
20180828-221141_79_live,Framing,Interested,8,8
20180828-221141_79_live,Acknowledgement,Neutral,9,9
20180828-224234_567_live,Charity Awareness Probe,Neutral,0,0
20180828-224234_567_live,Moral Appeal,Interested,1,1
20180828-224234_567_live,Rational Appeal,Neutral,2,2
20180828-224234_567_live,Rational Appeal,Neutral,3,3
20180828-224234_567_live,Acknowledgement,Neutral,5,5
20180828-224234_567_live,Acknowledgement,Neutral,6,6
20180828-224234_567_live,Framing,Neutral,7,7
20180828-224234_567_live,Logistics / Coordination,Interested,8,8
20180828-224234_567_live,Logistics / Coordination,Interested,9,9
20180828-230057_631_live,Call to Action,Neutral,0,0
20180828-230057_631_live,Emotional Appeal,Neutral,1,1
20180828-230057_631_live,Donation Baseline / Habit Probe,Not Interested,2,2
20180828-230057_631_live,Appeal to Values,Not Interested,3,3
20180828-230057_631_live,Credibility Appeal,Not Interested,5,5
20180828-230057_631_live,Framing,Neutral,6,6
20180828-230057_631_live,Appeal to Values,Not Interested,7,7
20180828-230057_631_live,Moral Appeal,Not Interested,8,8
20180828-230057_631_live,Loss Aversion Appeal,Not Interested,9,9
20180829-010424_398_live,Greeting / Rapport,Not Interested,0,0
20180829-010424_398_live,Greeting / Rapport,Not Interested,1,1
20180829-010424_398_live,Unity,Not Interested,2,2
20180829-010424_398_live,Non-persuasive Other,Not Interested,3,3
20180829-010424_398_live,Charity Awareness Probe,Not Interested,4,4
20180829-010424_398_live,Appeal to Values,Not Interested,5,5
20180829-010424_398_live,Moral Appeal,Neutral,7,7
20180829-010424_398_live,Non-persuasive Other,Not Interested,8,8
20180829-010424_398_live,Credibility Appeal,Not Interested,9,9
20180829-010424_398_live,Framing,Interested,10,10
20180829-010424_398_live,Acknowledgement,Not Interested,11,11
20180829-013801_68_live,Greeting / Rapport,Neutral,0,0
20180829-013801_68_live,Greeting / Rapport,Neutral,1,1
20180829-013801_68_live,Donation Baseline / Habit Probe,Neutral,2,2
20180829-013801_68_live,Framing,Neutral,3,3
20180829-013801_68_live,Credibility Appeal,Not Interested,5,5
20180829-013801_68_live,Empathy Appeal,Neutral,6,6
20180829-013801_68_live,Framing,Interested,7,7
20180829-013801_68_live,Conversation Closing,Neutral,9,9
20180829-023457_929_live,Greeting / Rapport,Neutral,0,0
20180829-023457_929_live,Greeting / Rapport,Neutral,1,1
20180829-023457_929_live,Charity Awareness Probe,Neutral,2,2
20180829-023457_929_live,Charity Awareness Probe,Neutral,3,3
20180829-023457_929_live,Framing,Interested,5,5
20180829-023457_929_live,Conversation Closing,Neutral,7,7
20180829-023457_929_live,Acknowledgement,Neutral,8,8
20180829-023457_929_live,Conversation Closing,Neutral,9,9
20180829-024934_543_live,Charity Awareness Probe,Neutral,0,0
20180829-024934_543_live,Greeting / Rapport,Neutral,1,1
20180829-024934_543_live,Qualification / Segmentation,Neutral,2,2
20180829-024934_543_live,Rational Appeal,Neutral,3,3
20180829-024934_543_live,Qualification / Segmentation,Interested,4,4
20180829-024934_543_live,Logistics / Coordination,Neutral,6,6
20180829-024934_543_live,Framing,Neutral,7,7
20180829-024934_543_live,Credibility Appeal,Interested,9,9
20180829-025613_845_live,Greeting / Rapport,Neutral,0,0
20180829-025613_845_live,Permission / Time Check,Neutral,1,1
20180829-025613_845_live,Donation Baseline / Habit Probe,Interested,2,2
20180829-025613_845_live,Charity Awareness Probe,Neutral,3,3
20180829-025613_845_live,Activation of Personal Commitment,Neutral,5,5
20180829-025613_845_live,Reciprocity,Neutral,6,6
20180829-025613_845_live,Commitment and Consistency,Interested,7,7
20180829-025613_845_live,Appeal to Values,Neutral,8,8
20180829-025613_845_live,Conversation Closing,Neutral,9,9
20180829-031039_439_live,Greeting / Rapport,Neutral,0,0
20180829-031039_439_live,Charity Awareness Probe,Neutral,1,1
20180829-031039_439_live,Moral Appeal,Interested,2,2
20180829-031039_439_live,Framing,Neutral,3,3
20180829-031039_439_live,Acknowledgement,Neutral,5,5
20180829-031039_439_live,Logistics / Coordination,Neutral,6,6
20180829-031039_439_live,Rational Appeal,Neutral,7,7
20180829-031039_439_live,Rational Appeal,Neutral,8,8
20180829-031039_439_live,Sympathy Appeal,Neutral,9,9
20180829-032426_132_live,Charity Awareness Probe,Not Interested,0,0
20180829-032426_132_live,Charity Awareness Probe,Neutral,1,1
20180829-032426_132_live,Appeal to Values,Neutral,2,2
20180829-032426_132_live,Moral Appeal,Neutral,3,3
20180829-032426_132_live,Rational Appeal,Neutral,4,4
20180829-032426_132_live,Credibility Appeal,Neutral,6,6
20180829-032426_132_live,Framing,Interested,7,7
20180829-032426_132_live,Rational Appeal,Neutral,8,8
20180829-032426_132_live,Donation Baseline / Habit Probe,Interested,9,9
20180829-032923_105_live,Greeting / Rapport,Neutral,0,0
20180829-032923_105_live,Greeting / Rapport,Neutral,1,1
20180829-032923_105_live,Greeting / Rapport,Neutral,2,2
20180829-032923_105_live,Charity Awareness Probe,Interested,3,3
20180829-032923_105_live,Charity Awareness Probe,Interested,4,4
20180829-032923_105_live,Rational Appeal,Neutral,6,6
20180829-032923_105_live,Credibility Appeal,Neutral,7,7
20180829-032923_105_live,Framing,Interested,8,8
20180829-032923_105_live,Framing,Interested,9,9
20180829-032923_105_live,Acknowledgement,Neutral,10,10
20180829-034023_393_live,Greeting / Rapport,Neutral,0,0
20180829-034023_393_live,Charity Awareness Probe,Interested,1,1
20180829-034023_393_live,Charity Awareness Probe,Neutral,2,2
20180829-034023_393_live,Non-persuasive Other,Interested,3,3
20180829-034023_393_live,Framing,Interested,5,5
20180829-034023_393_live,Logistics / Coordination,Neutral,6,6
20180829-034023_393_live,Rational Appeal,Interested,7,7
20180829-034023_393_live,Call to Action,Not Interested,8,8
20180829-034023_393_live,Conversation Closing,Neutral,9,9
20180829-041046_968_live,Greeting / Rapport,Not Interested,0,0
20180829-041046_968_live,Storytelling,Neutral,1,1
20180829-041046_968_live,Sympathy Appeal,Neutral,2,2
20180829-041046_968_live,Sympathy Appeal,Neutral,3,3
20180829-041046_968_live,Moral Appeal,Neutral,4,4
20180829-041046_968_live,Rewarding Activity,Neutral,6,6
20180829-041046_968_live,Social Proof,Neutral,7,7
20180829-041046_968_live,Framing,Neutral,8,8
20180829-041046_968_live,Framing,Neutral,9,9
20180829-042052_972_live,Greeting / Rapport,Neutral,0,0
20180829-042052_972_live,Charity Awareness Probe,Neutral,1,1
20180829-042052_972_live,Charity Awareness Probe,Neutral,2,2
20180829-042052_972_live,Rational Appeal,Neutral,3,3
20180829-042052_972_live,Commitment and Consistency,Interested,5,5
20180829-042052_972_live,Empathy Appeal,Neutral,6,6
20180829-042052_972_live,Appeal to Values,Neutral,7,7
20180829-042052_972_live,Qualification / Segmentation,Interested,8,8
20180829-042052_972_live,Donation Baseline / Habit Probe,Interested,9,9
20180829-043732_518_live,Greeting / Rapport,Not Interested,0,0
20180829-043732_518_live,Donation Baseline / Habit Probe,Interested,1,1
20180829-043732_518_live,Charity Awareness Probe,Neutral,2,2
20180829-043732_518_live,Appeal to Values,Neutral,3,3
20180829-043732_518_live,Reciprocity,Interested,4,4
20180829-043732_518_live,Moral Appeal,Interested,6,6
20180829-043732_518_live,Greeting / Rapport,Neutral,7,7
20180829-043732_518_live,Charity Awareness Probe,Interested,8,8
20180829-043732_518_live,Unity,Interested,9,9
20180829-045325_336_live,Greeting / Rapport,Not Interested,0,0
20180829-045325_336_live,Donation Baseline / Habit Probe,Interested,1,1
20180829-045325_336_live,Rational Appeal,Not Interested,2,2
20180829-045325_336_live,Charity Awareness Probe,Not Interested,3,3
20180829-045325_336_live,Moral Appeal,Not Interested,6,6
20180829-045325_336_live,Moral Appeal,Neutral,7,7
20180829-045325_336_live,Call to Action,Interested,8,8
20180829-045325_336_live,Call to Action,Interested,9,9
20180829-051330_889_live,Greeting / Rapport,Neutral,0,0
20180829-051330_889_live,Non-persuasive Other,Neutral,1,1
20180829-051330_889_live,Rational Appeal,Neutral,2,2
20180829-051330_889_live,Moral Appeal,Neutral,3,3
20180829-051330_889_live,Rational Appeal,Neutral,5,5
20180829-051330_889_live,Authority,Neutral,6,6
20180829-051330_889_live,Credibility Appeal,Neutral,7,7
20180829-051330_889_live,Qualification / Segmentation,Neutral,8,8
20180829-051330_889_live,Rational Appeal,Neutral,9,9
20180829-051452_929_live,Greeting / Rapport,Neutral,0,0
20180829-051452_929_live,Rational Appeal,Interested,1,1
20180829-051452_929_live,Storytelling,Interested,2,2
20180829-051452_929_live,Fear Appeal,Neutral,3,3
20180829-051452_929_live,Rational Appeal,Interested,5,5
20180829-051452_929_live,Rational Appeal,Neutral,6,6
20180829-051452_929_live,Credibility Appeal,Neutral,7,7
20180829-051452_929_live,Rational Appeal,Neutral,8,8
20180829-051452_929_live,Call to Action,Interested,9,9
20180829-051511_813_live,Donation Baseline / Habit Probe,Not Interested,0,0
20180829-051511_813_live,Framing,Neutral,1,1
20180829-051511_813_live,Charity Awareness Probe,Neutral,2,2
20180829-051511_813_live,Credibility Appeal,Neutral,3,3
20180829-051511_813_live,Framing,Neutral,5,5
20180829-051511_813_live,Credibility Appeal,Interested,6,6
20180829-051511_813_live,Logistics / Coordination,Neutral,7,7
20180829-051511_813_live,Credibility Appeal,Interested,8,8
20180829-051511_813_live,Acknowledgement,Interested,9,9
20180829-054652_429_live,Greeting / Rapport,Not Interested,0,0
20180829-054652_429_live,Acknowledgement,Neutral,1,1
20180829-054652_429_live,Greeting / Rapport,Neutral,2,2
20180829-054652_429_live,Donation Baseline / Habit Probe,Interested,3,3
20180829-054652_429_live,Rational Appeal,Interested,5,5
20180829-054652_429_live,Framing,Interested,7,7
20180829-054652_429_live,Emotional Appeal,Neutral,8,8
20180829-054652_429_live,Conversation Closing,Neutral,9,9
20180829-054846_569_live,Greeting / Rapport,Neutral,0,0
20180829-054846_569_live,Charity Awareness Probe,Neutral,1,1
20180829-054846_569_live,Appeal to Values,Interested,2,2
20180829-054846_569_live,Acknowledgement,Neutral,3,3
20180829-054846_569_live,Charity Awareness Probe,Neutral,5,5
20180829-054846_569_live,Charity Awareness Probe,Neutral,6,6
20180829-054846_569_live,Non-persuasive Other,Neutral,7,7
20180829-054846_569_live,Call to Action,Neutral,8,8
20180829-054846_569_live,Framing,Interested,9,9
20180829-055223_138_live,Charity Awareness Probe,Neutral,0,0
20180829-055223_138_live,Appeal to Values,Neutral,1,1
20180829-055223_138_live,Donation Baseline / Habit Probe,Interested,2,2
20180829-055223_138_live,Empathy Appeal,Neutral,3,3
20180829-055223_138_live,Moral Appeal,Not Interested,4,4
20180829-055223_138_live,Moral Appeal,Not Interested,6,6
20180829-055223_138_live,Rational Appeal,Not Interested,7,7
20180829-055223_138_live,Guilt Induction,Neutral,8,8
20180829-055223_138_live,Framing,Not Interested,9,9
20180829-055321_359_live,Greeting / Rapport,Neutral,0,0
20180829-055321_359_live,Charity Awareness Probe,Neutral,1,1
20180829-055321_359_live,Framing,Neutral,2,2
20180829-055321_359_live,Moral Appeal,Neutral,3,3
20180829-055321_359_live,Appeal to Values,Neutral,5,5
20180829-055321_359_live,Framing,Neutral,6,6
20180829-055321_359_live,Framing,Neutral,7,7
20180829-055321_359_live,Non-persuasive Other,Interested,8,8
20180829-055321_359_live,Non-persuasive Other,Neutral,9,9
20180829-055552_578_live,Charity Awareness Probe,Neutral,0,0
20180829-055552_578_live,Moral Appeal,Neutral,1,1
20180829-055552_578_live,Credibility Appeal,Interested,2,2
20180829-055552_578_live,Commitment and Consistency,Not Interested,3,3
20180829-055552_578_live,Qualification / Segmentation,Not Interested,4,4
20180829-055552_578_live,Framing,Interested,6,6
20180829-055552_578_live,Logical Appeal,Neutral,7,7
20180829-055552_578_live,Social Proof,Not Interested,8,8
20180829-055552_578_live,Loss Aversion Appeal,Not Interested,9,9
20180829-055930_101_live,Call to Action,Neutral,0,0
20180829-055930_101_live,Appeal to Values,Neutral,1,1
20180829-055930_101_live,Framing,Neutral,2,2
20180829-055930_101_live,Framing,Interested,3,3
20180829-055930_101_live,Foot-in-the-door,Neutral,5,5
20180829-055930_101_live,Acknowledgement,Interested,6,6
20180829-055930_101_live,Self-feeling Appeal,Neutral,7,7
20180829-055930_101_live,Pre-giving,Neutral,8,8
20180829-055930_101_live,Acknowledgement,Neutral,9,9
20180829-061510_908_live,Moral Appeal,Neutral,0,0
20180829-061510_908_live,Logical Appeal,Neutral,1,1
20180829-061510_908_live,Social Proof,Interested,2,2
20180829-061510_908_live,Commitment and Consistency,Interested,3,3
20180829-061510_908_live,Self-feeling Appeal,Interested,4,4
20180829-061510_908_live,Acknowledgement,Neutral,6,6
20180829-061510_908_live,Logistics / Coordination,Neutral,7,7
20180829-061510_908_live,Acknowledgement,Neutral,8,8
20180829-061510_908_live,Acknowledgement,Neutral,9,9
20180829-061717_888_live,Charity Awareness Probe,Neutral,0,0
20180829-061717_888_live,Non-persuasive Other,Neutral,1,1
20180829-061717_888_live,Moral Appeal,Interested,2,2
20180829-061717_888_live,Liking,Not Interested,3,3
20180829-061717_888_live,Framing,Interested,4,4
20180829-061717_888_live,Activation of Personal Commitment,Neutral,6,6
20180829-061717_888_live,Credibility Appeal,Neutral,7,7
20180829-061717_888_live,Credibility Appeal,Neutral,8,8
20180829-061717_888_live,Rational Appeal,Neutral,9,9
20180829-062941_49_live,Donation Baseline / Habit Probe,Neutral,0,0
20180829-062941_49_live,Qualification / Segmentation,Interested,1,1
20180829-062941_49_live,Qualification / Segmentation,Neutral,2,2
20180829-062941_49_live,Moral Appeal,Neutral,3,3
20180829-062941_49_live,Rational Appeal,Neutral,4,4
20180829-062941_49_live,Moral Appeal,Neutral,6,6
20180829-062941_49_live,Empathy Appeal,Interested,7,7
20180829-062941_49_live,Acknowledgement,Interested,8,8
20180829-062941_49_live,Framing,Interested,9,9
20180829-062941_49_live,Acknowledgement,Neutral,10,10
20180829-065354_687_live,Greeting / Rapport,Neutral,0,0
20180829-065354_687_live,Greeting / Rapport,Neutral,1,1
20180829-065354_687_live,Charity Awareness Probe,Neutral,2,2
20180829-065354_687_live,Moral Appeal,Neutral,3,3
20180829-065354_687_live,Rational Appeal,Neutral,4,4
20180829-065354_687_live,Rational Appeal,Neutral,5,5
20180829-065354_687_live,Rational Appeal,Neutral,7,7
20180829-065354_687_live,Rational Appeal,Neutral,8,8
20180829-065354_687_live,Acknowledgement,Neutral,9,9
20180829-065354_687_live,Call to Action,Interested,10,10
20180829-065354_687_live,Acknowledgement,Neutral,11,11
20180829-065704_482_live,Greeting / Rapport,Not Interested,0,0
20180829-065704_482_live,Call to Action,Neutral,1,1
20180829-065704_482_live,Social Proof,Neutral,2,2
20180829-065704_482_live,Rational Appeal,Neutral,3,3
20180829-065704_482_live,Rational Appeal,Neutral,4,4
20180829-065704_482_live,Fear Appeal,Neutral,6,6
20180829-065704_482_live,Empathy Appeal,Interested,7,7
20180829-065704_482_live,Moral Appeal,Interested,8,8
20180829-065704_482_live,Moral Appeal,Interested,9,9
20180829-065854_948_live,Greeting / Rapport,Neutral,0,0
20180829-065854_948_live,Greeting / Rapport,Neutral,1,1
20180829-065854_948_live,Empathy Appeal,Neutral,2,2
20180829-065854_948_live,Donation Baseline / Habit Probe,Not Interested,3,3
20180829-065854_948_live,Logical Appeal,Neutral,5,5
20180829-065854_948_live,Charity Awareness Probe,Neutral,6,6
20180829-065854_948_live,Moral Appeal,Neutral,7,7
20180829-065854_948_live,Call to Action,Neutral,9,9
20180829-070821_517_live,Greeting / Rapport,Neutral,0,0
20180829-070821_517_live,Greeting / Rapport,Neutral,1,1
20180829-070821_517_live,Greeting / Rapport,Neutral,2,2
20180829-070821_517_live,Charity Awareness Probe,Neutral,3,3
20180829-070821_517_live,Logistics / Coordination,Neutral,5,5
20180829-070821_517_live,Empathy Appeal,Neutral,6,6
20180829-070821_517_live,Empathy Appeal,Neutral,7,7
20180829-070821_517_live,Acknowledgement,Interested,8,8
20180829-070821_517_live,Conversation Closing,Neutral,9,9
20180829-072646_214_live,Greeting / Rapport,Neutral,0,0
20180829-072646_214_live,Acknowledgement,Neutral,1,1
20180829-072646_214_live,Permission / Time Check,Neutral,2,2
20180829-072646_214_live,Charity Awareness Probe,Neutral,3,3
20180829-072646_214_live,Framing,Neutral,4,4
20180829-072646_214_live,Storytelling,Interested,6,6
20180829-072646_214_live,Logical Appeal,Interested,8,8
20180829-072646_214_live,Call to Action,Interested,9,9
20180829-073415_966_live,Greeting / Rapport,Not Interested,0,0
20180829-073415_966_live,Acknowledgement,Not Interested,1,1
20180829-073415_966_live,Charity Awareness Probe,Neutral,2,2
20180829-073415_966_live,Rational Appeal,Interested,3,3
20180829-073415_966_live,Call to Action,Neutral,5,5
20180829-073415_966_live,Framing,Neutral,6,6
20180829-073415_966_live,Credibility Appeal,Interested,7,7
20180829-073415_966_live,Self-feeling Appeal,Interested,8,8
20180829-073415_966_live,Logistics / Coordination,Interested,9,9
20180829-074215_511_live,Credibility Appeal,Not Interested,0,0
20180829-074215_511_live,Moral Appeal,Neutral,1,1
20180829-074215_511_live,Credibility Appeal,Not Interested,2,2
20180829-074215_511_live,Framing,Not Interested,3,3
20180829-074215_511_live,Moral Appeal,Not Interested,5,5
20180829-074215_511_live,Framing,Not Interested,6,6
20180829-074215_511_live,Guilt Induction,Neutral,7,7
20180829-074215_511_live,Framing,Not Interested,8,8
20180829-074215_511_live,Pre-giving,Not Interested,9,9
20180829-075322_267_live,Greeting / Rapport,Neutral,0,0
20180829-075322_267_live,Call to Action,Interested,1,1
20180829-075322_267_live,Acknowledgement,Neutral,2,2
20180829-075322_267_live,Acknowledgement,Neutral,3,3
20180829-075322_267_live,Self-feeling Appeal,Neutral,4,4
20180829-075322_267_live,Acknowledgement,Neutral,6,6
20180829-075322_267_live,Moral Appeal,Neutral,7,7
20180829-075322_267_live,Acknowledgement,Neutral,8,8
20180829-075322_267_live,Appeal to Values,Interested,9,9
20180829-080320_760_live,Greeting / Rapport,Neutral,0,0
20180829-080320_760_live,Charity Awareness Probe,Not Interested,1,1
20180829-080320_760_live,Credibility Appeal,Neutral,2,2
20180829-080320_760_live,Rational Appeal,Not Interested,3,3
20180829-080320_760_live,Storytelling,Not Interested,5,5
20180829-080320_760_live,Rational Appeal,Neutral,6,6
20180829-080320_760_live,Moral Appeal,Not Interested,7,7
20180829-080320_760_live,Framing,Neutral,8,8
20180829-080320_760_live,Acknowledgement,Neutral,9,9
20180829-081138_317_live,Call to Action,Not Interested,0,0
20180829-081138_317_live,Credibility Appeal,Neutral,1,1
20180829-081138_317_live,Framing,Interested,2,2
20180829-081138_317_live,Self-feeling Appeal,Not Interested,3,3
20180829-081138_317_live,Empathy Appeal,Neutral,4,4
20180829-081138_317_live,Rational Appeal,Neutral,6,6
20180829-081138_317_live,Framing,Neutral,7,7
20180829-081138_317_live,Activation of Personal Commitment,Neutral,8,8
20180829-081138_317_live,Acknowledgement,Not Interested,9,9
20180829-081919_384_live,Charity Awareness Probe,Neutral,0,0
20180829-081919_384_live,Empathy Appeal,Neutral,1,1
20180829-081919_384_live,Rational Appeal,Interested,2,2
20180829-081919_384_live,Logistics / Coordination,Interested,3,3
20180829-081919_384_live,Acknowledgement,Neutral,5,5
20180829-081919_384_live,Acknowledgement,Neutral,6,6
20180829-081919_384_live,Non-persuasive Other,Neutral,7,7
20180829-081919_384_live,Social Proof,Neutral,8,8
20180829-081919_384_live,Framing,Neutral,9,9
20180829-082113_449_live,Greeting / Rapport,Neutral,0,0
20180829-082113_449_live,Greeting / Rapport,Neutral,1,1
20180829-082113_449_live,Greeting / Rapport,Neutral,2,2
20180829-082113_449_live,Greeting / Rapport,Neutral,3,3
20180829-082113_449_live,Permission / Time Check,Neutral,4,4
20180829-082113_449_live,Credibility Appeal,Neutral,6,6
20180829-082113_449_live,Non-persuasive Other,Neutral,7,7
20180829-082113_449_live,Social Proof,Interested,8,8
20180829-082113_449_live,Acknowledgement,Neutral,9,9
20180829-082505_548_live,Qualification / Segmentation,Not Interested,0,0
20180829-082505_548_live,Storytelling,Neutral,1,1
20180829-082505_548_live,Credibility Appeal,Not Interested,2,2
20180829-082505_548_live,Rational Appeal,Interested,3,3
20180829-082505_548_live,Rational Appeal,Neutral,5,5
20180829-082505_548_live,Guilt Induction,Interested,6,6
20180829-082505_548_live,Commitment and Consistency,Interested,7,7
20180829-082505_548_live,Logistics / Coordination,Neutral,8,8
20180829-082505_548_live,Acknowledgement,Neutral,9,9
20180829-082832_829_live,Greeting / Rapport,Neutral,0,0
20180829-082832_829_live,Acknowledgement,Neutral,1,1
20180829-082832_829_live,Acknowledgement,Neutral,2,2
20180829-082832_829_live,Charity Awareness Probe,Neutral,3,3
20180829-082832_829_live,Non-persuasive Other,Neutral,4,4
20180829-082832_829_live,Framing,Interested,6,6
20180829-082832_829_live,Acknowledgement,Neutral,7,7
20180829-082832_829_live,Rational Appeal,Neutral,8,8
20180829-082832_829_live,Rational Appeal,Neutral,9,9
20180829-083014_221_live,Greeting / Rapport,Neutral,0,0
20180829-083014_221_live,Acknowledgement,Neutral,1,1
20180829-083014_221_live,Moral Appeal,Neutral,2,2
20180829-083014_221_live,Non-persuasive Other,Neutral,3,3
20180829-083014_221_live,Pre-giving,Neutral,6,6
20180829-083014_221_live,Framing,Neutral,7,7
20180829-083014_221_live,Charity Awareness Probe,Neutral,8,8
20180829-083014_221_live,Framing,Interested,9,9
20180829-083433_500_live,Charity Awareness Probe,Neutral,0,0
20180829-083433_500_live,Rational Appeal,Neutral,1,1
20180829-083433_500_live,Rational Appeal,Neutral,2,2
20180829-083433_500_live,Credibility Appeal,Neutral,3,3
20180829-083433_500_live,Credibility Appeal,Neutral,4,4
20180829-083433_500_live,Logistics / Coordination,Interested,6,6
20180829-083433_500_live,Framing,Neutral,7,7
20180829-083433_500_live,Acknowledgement,Neutral,8,8
20180829-083433_500_live,Activation of Personal Commitment,Neutral,9,9
20180829-084042_694_live,Greeting / Rapport,Not Interested,0,0
20180829-084042_694_live,Call to Action,Interested,1,1
20180829-084042_694_live,Call to Action,Neutral,2,2
20180829-084042_694_live,Appeal to Values,Interested,3,3
20180829-084042_694_live,Qualification / Segmentation,Interested,5,5
20180829-084042_694_live,Acknowledgement,Neutral,6,6
20180829-084042_694_live,Moral Appeal,Neutral,7,7
20180829-084042_694_live,Acknowledgement,Neutral,8,8
20180829-084042_694_live,Logistics / Coordination,Neutral,9,9
20180829-085544_678_live,Greeting / Rapport,Neutral,0,0
20180829-085544_678_live,Charity Awareness Probe,Neutral,1,1
20180829-085544_678_live,Non-persuasive Other,Neutral,2,2
20180829-085544_678_live,Social Proof,Neutral,3,3
20180829-085544_678_live,Logistics / Coordination,Interested,4,4
20180829-085544_678_live,Rational Appeal,Neutral,6,6
20180829-085544_678_live,Charity Awareness Probe,Interested,7,7
20180829-085544_678_live,Non-persuasive Other,Neutral,8,8
20180829-085544_678_live,Acknowledgement,Interested,9,9
20180829-090546_237_live,Greeting / Rapport,Neutral,0,0
20180829-090546_237_live,Greeting / Rapport,Neutral,1,1
20180829-090546_237_live,Acknowledgement,Neutral,2,2
20180829-090546_237_live,Greeting / Rapport,Neutral,3,3
20180829-090546_237_live,Social Proof,Neutral,6,6
20180829-090546_237_live,Logical Appeal,Neutral,7,7
20180829-090546_237_live,Charity Awareness Probe,Neutral,8,8
20180829-090546_237_live,Acknowledgement,Neutral,9,9
20180829-092612_565_live,Greeting / Rapport,Neutral,0,0
20180829-092612_565_live,Permission / Time Check,Neutral,1,1
20180829-092612_565_live,Charity Awareness Probe,Neutral,2,2
20180829-092612_565_live,Charity Awareness Probe,Neutral,3,3
20180829-092612_565_live,Rational Appeal,Neutral,5,5
20180829-092612_565_live,Call to Action,Interested,6,6
20180829-092612_565_live,Logistics / Coordination,Neutral,7,7
20180829-092612_565_live,Acknowledgement,Neutral,8,8
20180829-092612_565_live,Acknowledgement,Neutral,9,9
20180829-093239_896_live,Greeting / Rapport,Neutral,0,0
20180829-093239_896_live,Charity Awareness Probe,Neutral,1,1
20180829-093239_896_live,Non-persuasive Other,Neutral,2,2
20180829-093239_896_live,Empathy Appeal,Interested,3,3
20180829-093239_896_live,Logistics / Coordination,Neutral,5,5
20180829-093239_896_live,Framing,Interested,6,6
20180829-093239_896_live,Credibility Appeal,Neutral,7,7
20180829-093239_896_live,Acknowledgement,Neutral,8,8
20180829-093239_896_live,Acknowledgement,Neutral,9,9
20180829-094538_696_live,Greeting / Rapport,Not Interested,0,0
20180829-094538_696_live,Greeting / Rapport,Neutral,1,1
20180829-094538_696_live,Rational Appeal,Interested,2,2
20180829-094538_696_live,Storytelling,Neutral,3,3
20180829-094538_696_live,Sympathy Appeal,Interested,4,4
20180829-094538_696_live,Credibility Appeal,Neutral,6,6
20180829-094538_696_live,Rational Appeal,Neutral,7,7
20180829-094538_696_live,Credibility Appeal,Neutral,8,8
20180829-094538_696_live,Logistics / Coordination,Interested,10,10
20180829-094538_696_live,Acknowledgement,Not Interested,11,11
20180829-100816_672_live,Greeting / Rapport,Neutral,0,0
20180829-100816_672_live,Acknowledgement,Neutral,1,1
20180829-100816_672_live,Acknowledgement,Neutral,2,2
20180829-100816_672_live,Non-persuasive Other,Neutral,3,3
20180829-100816_672_live,Non-persuasive Other,Neutral,4,4
20180829-100816_672_live,Call to Action,Neutral,6,6
20180829-100816_672_live,Credibility Appeal,Neutral,7,7
20180829-100816_672_live,Greeting / Rapport,Neutral,8,8
20180829-100816_672_live,Donation Baseline / Habit Probe,Not Interested,9,9
20180829-101807_380_live,Greeting / Rapport,Neutral,0,0
20180829-101807_380_live,Charity Awareness Probe,Interested,1,1
20180829-101807_380_live,Rational Appeal,Interested,2,2
20180829-101807_380_live,Acknowledgement,Neutral,3,3
20180829-101807_380_live,Credibility Appeal,Neutral,5,5
20180829-101807_380_live,Moral Appeal,Interested,6,6
20180829-101807_380_live,Charity Awareness Probe,Neutral,7,7
20180829-101807_380_live,Non-persuasive Other,Neutral,8,8
20180829-101807_380_live,Rational Appeal,Neutral,9,9
20180829-102237_489_live,Appeal to Values,Neutral,0,0
20180829-102237_489_live,Moral Appeal,Neutral,1,1
20180829-102237_489_live,Credibility Appeal,Neutral,2,2
20180829-102237_489_live,Credibility Appeal,Neutral,3,3
20180829-102237_489_live,Rational Appeal,Neutral,4,4
20180829-102237_489_live,Rational Appeal,Neutral,6,6
20180829-102237_489_live,Charity Awareness Probe,Neutral,7,7
20180829-102237_489_live,Credibility Appeal,Neutral,8,8
20180829-102237_489_live,Rational Appeal,Not Interested,9,9
20180829-114825_64_live,Framing,Neutral,0,0
20180829-114825_64_live,Self-feeling Appeal,Neutral,1,1
20180829-114825_64_live,Appeal to Values,Neutral,2,2
20180829-114825_64_live,Appeal to Values,Neutral,3,3
20180829-114825_64_live,Appeal to Values,Interested,4,4
20180829-114825_64_live,Foot-in-the-door,Neutral,6,6
20180829-114825_64_live,Non-persuasive Other,Neutral,7,7
20180829-114825_64_live,Call to Action,Interested,8,8
20180829-114825_64_live,Acknowledgement,Neutral,9,9
20180829-114825_64_live,Acknowledgement,Neutral,10,10
20180829-115223_595_live,Greeting / Rapport,Not Interested,0,0
20180829-115223_595_live,Greeting / Rapport,Not Interested,1,1
20180829-115223_595_live,Greeting / Rapport,Not Interested,2,2
20180829-115223_595_live,Non-persuasive Other,Not Interested,3,3
20180829-115223_595_live,Call to Action,Interested,5,5
20180829-115223_595_live,Appeal to Values,Interested,6,6
20180829-115223_595_live,Commitment and Consistency,Interested,7,7
20180829-115223_595_live,Appeal to Values,Interested,8,8
20180829-115223_595_live,Call to Action,Interested,9,9
20180829-120113_628_live,Guilt Induction,Interested,0,0
20180829-120113_628_live,Charity Awareness Probe,Neutral,1,1
20180829-120113_628_live,Fear Appeal,Neutral,2,2
20180829-120113_628_live,Rational Appeal,Neutral,3,3
20180829-120113_628_live,Rational Appeal,Interested,5,5
20180829-120113_628_live,Acknowledgement,Interested,6,6
20180829-120113_628_live,Acknowledgement,Neutral,7,7
20180829-120113_628_live,Conversation Closing,Neutral,8,8
20180829-120113_628_live,Conversation Closing,Neutral,9,9
20180829-122147_798_live,Donation Baseline / Habit Probe,Not Interested,0,0
20180829-122147_798_live,Rational Appeal,Neutral,1,1
20180829-122147_798_live,Call to Action,Neutral,2,2
20180829-122147_798_live,Social Proof,Neutral,3,3
20180829-122147_798_live,Acknowledgement,Neutral,5,5
20180829-122147_798_live,Donation Baseline / Habit Probe,Interested,6,6
20180829-122147_798_live,Appeal to Values,Neutral,7,7
20180829-122147_798_live,Appeal to Values,Neutral,8,8
20180829-122147_798_live,Greeting / Rapport,Not Interested,9,9
20180829-123437_970_live,Greeting / Rapport,Neutral,0,0
20180829-123437_970_live,Charity Awareness Probe,Neutral,1,1
20180829-123437_970_live,Acknowledgement,Neutral,2,2
20180829-123437_970_live,Empathy Appeal,Neutral,3,3
20180829-123437_970_live,Charity Awareness Probe,Neutral,5,5
20180829-123437_970_live,Moral Appeal,Interested,6,6
20180829-123437_970_live,Commitment and Consistency,Interested,7,7
20180829-123437_970_live,Commitment and Consistency,Neutral,8,8
20180829-123437_970_live,Acknowledgement,Neutral,9,9
20180829-131217_757_live,Greeting / Rapport,Not Interested,0,0
20180829-131217_757_live,Call to Action,Interested,1,1
20180829-131217_757_live,Appeal to Values,Neutral,2,2
20180829-131217_757_live,Credibility Appeal,Neutral,3,3
20180829-131217_757_live,Fear Appeal,Neutral,5,5
20180829-131217_757_live,Framing,Neutral,6,6
20180829-131217_757_live,Self-feeling Appeal,Neutral,7,7
20180829-131217_757_live,Conversation Closing,Neutral,8,8
20180829-131217_757_live,Call to Action,Neutral,9,9
20180829-133047_305_live,Call to Action,Neutral,0,0
20180829-133047_305_live,Appeal to Values,Neutral,1,1
20180829-133047_305_live,Rational Appeal,Interested,2,2
20180829-133047_305_live,Credibility Appeal,Neutral,3,3
20180829-133047_305_live,Credibility Appeal,Interested,4,4
20180829-133047_305_live,Framing,Neutral,6,6
20180829-133047_305_live,Self-feeling Appeal,Neutral,7,7
20180829-133047_305_live,Credibility Appeal,Neutral,8,8
20180829-133047_305_live,Acknowledgement,Neutral,9,9
20180829-133221_419_live,Greeting / Rapport,Not Interested,0,0
20180829-133221_419_live,Greeting / Rapport,Not Interested,1,1
20180829-133221_419_live,Charity Awareness Probe,Not Interested,2,2
20180829-133221_419_live,Rational Appeal,Neutral,3,3
20180829-133221_419_live,Call to Action,Neutral,5,5
20180829-133221_419_live,Moral Appeal,Neutral,6,6
20180829-133221_419_live,Logistics / Coordination,Interested,7,7
20180829-133221_419_live,Call to Action,Interested,8,8
20180829-133221_419_live,Conversation Closing,Not Interested,9,9
20180829-140252_910_live,Greeting / Rapport,Neutral,0,0
20180829-140252_910_live,Call to Action,Neutral,1,1
20180829-140252_910_live,Credibility Appeal,Neutral,2,2
20180829-140252_910_live,Framing,Interested,3,3
20180829-140252_910_live,Conversation Closing,Interested,4,4
20180829-140252_910_live,Logistics / Coordination,Neutral,6,6
20180829-140252_910_live,Qualification / Segmentation,Neutral,7,7
20180829-140252_910_live,Donation Baseline / Habit Probe,Not Interested,8,8
20180829-140252_910_live,Logistics / Coordination,Neutral,9,9
20180829-141003_666_live,Call to Action,Interested,0,0
20180829-141003_666_live,Donation Baseline / Habit Probe,Interested,1,1
20180829-141003_666_live,Commitment and Consistency,Interested,2,2
20180829-141003_666_live,Appeal to Values,Neutral,3,3
20180829-141003_666_live,Rational Appeal,Neutral,5,5
20180829-141003_666_live,Moral Appeal,Neutral,6,6
20180829-141003_666_live,Moral Appeal,Neutral,7,7
20180829-141003_666_live,Appeal to Values,Neutral,8,8
20180829-141003_666_live,Commitment and Consistency,Neutral,9,9
20180829-141125_448_live,Charity Awareness Probe,Neutral,0,0
20180829-141125_448_live,Credibility Appeal,Neutral,1,1
20180829-141125_448_live,Rational Appeal,Not Interested,2,2
20180829-141125_448_live,Fear Appeal,Interested,3,3
20180829-141125_448_live,Activation of Personal Commitment,Neutral,5,5
20180829-141125_448_live,Emotional Appeal,Neutral,6,6
20180829-141125_448_live,Framing,Neutral,7,7
20180829-141125_448_live,Credibility Appeal,Neutral,8,8
20180829-141125_448_live,Call to Action,Interested,9,9
20180829-143714_241_live,Greeting / Rapport,Neutral,0,0
20180829-143714_241_live,Qualification / Segmentation,Neutral,1,1
20180829-143714_241_live,Greeting / Rapport,Neutral,2,2
20180829-143714_241_live,Empathy Appeal,Neutral,3,3
20180829-143714_241_live,Appeal to Values,Neutral,4,4
20180829-143714_241_live,Greeting / Rapport,Neutral,6,6
20180829-143714_241_live,Appeal to Values,Interested,7,7
20180829-143714_241_live,Appeal to Values,Neutral,8,8
20180829-143714_241_live,Credibility Appeal,Neutral,9,9
20180829-143714_241_live,Fear Appeal,Not Interested,10,10
20180829-144704_720_live,Call to Action,Neutral,0,0
20180829-144704_720_live,Foot-in-the-door,Not Interested,1,1
20180829-144704_720_live,Emotional Appeal,Interested,2,2
20180829-144704_720_live,Acknowledgement,Neutral,3,3
20180829-144704_720_live,Conversation Closing,Not Interested,5,5
20180829-144704_720_live,Logistics / Coordination,Interested,6,6
20180829-144704_720_live,Logistics / Coordination,Neutral,7,7
20180829-144704_720_live,Logistics / Coordination,Not Interested,8,8
20180829-144704_720_live,Acknowledgement,Interested,9,9
20180829-145732_91_live,Greeting / Rapport,Neutral,0,0
20180829-145732_91_live,Permission / Time Check,Neutral,1,1
20180829-145732_91_live,Storytelling,Neutral,2,2
20180829-145732_91_live,Guilt Induction,Neutral,3,3
20180829-145732_91_live,Call to Action,Interested,5,5
20180829-145732_91_live,Acknowledgement,Neutral,6,6
20180829-145732_91_live,Charity Awareness Probe,Interested,7,7
20180829-145732_91_live,Empathy Appeal,Interested,8,8
20180829-145732_91_live,Conversation Closing,Neutral,9,9
20180829-161850_275_live,Greeting / Rapport,Neutral,0,0
20180829-161850_275_live,Call to Action,Interested,1,1
20180829-161850_275_live,Rational Appeal,Neutral,2,2
20180829-161850_275_live,Moral Appeal,Interested,3,3
20180829-161850_275_live,Empathy Appeal,Interested,5,5
20180829-161850_275_live,Rational Appeal,Neutral,6,6
20180829-161850_275_live,Empathy Appeal,Neutral,7,7
20180829-161850_275_live,Social Proof,Neutral,8,8
20180829-161850_275_live,Commitment and Consistency,Interested,9,9
20180829-212706_883_live,Charity Awareness Probe,Neutral,0,0
20180829-212706_883_live,Non-persuasive Other,Neutral,1,1
20180829-212706_883_live,Non-persuasive Other,Neutral,2,2
20180829-212706_883_live,Rational Appeal,Neutral,3,3
20180829-212706_883_live,Credibility Appeal,Neutral,4,4
20180829-212706_883_live,Call to Action,Neutral,6,6
20180829-212706_883_live,Rational Appeal,Neutral,7,7
20180829-212706_883_live,Credibility Appeal,Neutral,8,8
20180829-212706_883_live,Rational Appeal,Interested,9,9
20180829-222938_760_live,Greeting / Rapport,Neutral,0,0
20180829-222938_760_live,Donation Baseline / Habit Probe,Not Interested,1,1
20180829-222938_760_live,Charity Awareness Probe,Neutral,2,2
20180829-222938_760_live,Appeal to Values,Neutral,3,3
20180829-222938_760_live,Credibility Appeal,Neutral,4,4
20180829-222938_760_live,Guilt Induction,Neutral,6,6
20180829-222938_760_live,Empathy Appeal,Interested,7,7
20180829-222938_760_live,Reciprocity,Interested,8,8
20180829-222938_760_live,Acknowledgement,Neutral,9,9
20180830-152840_138_live,Empathy Appeal,Neutral,0,0
20180830-152840_138_live,Rational Appeal,Neutral,1,1
20180830-152840_138_live,Rational Appeal,Interested,2,2
20180830-152840_138_live,Call to Action,Interested,3,3
20180830-152840_138_live,Appeal to Values,Interested,5,5
20180830-152840_138_live,Moral Appeal,Neutral,6,6
20180830-152840_138_live,Acknowledgement,Neutral,7,7
20180830-152840_138_live,Call to Action,Interested,8,8
20180830-152840_138_live,Acknowledgement,Neutral,9,9
20180830-153627_498_live,Moral Appeal,Neutral,0,0
20180830-153627_498_live,Moral Appeal,Not Interested,1,1
20180830-153627_498_live,Moral Appeal,Not Interested,2,2
20180830-153627_498_live,Moral Appeal,Not Interested,3,3
20180830-153627_498_live,Loss Aversion Appeal,Not Interested,5,5
20180830-153627_498_live,Social Proof,Not Interested,6,6
20180830-153627_498_live,Self-feeling Appeal,Not Interested,7,7
20180830-153627_498_live,Self-feeling Appeal,Not Interested,8,8
20180830-153627_498_live,Guilt Induction,Not Interested,9,9
20180830-153926_427_live,Greeting / Rapport,Neutral,0,0
20180830-153926_427_live,Charity Awareness Probe,Neutral,1,1
20180830-153926_427_live,Non-persuasive Other,Neutral,2,2
20180830-153926_427_live,Rational Appeal,Neutral,3,3
20180830-153926_427_live,Appeal to Values,Neutral,4,4
20180830-153926_427_live,Credibility Appeal,Neutral,6,6
20180830-153926_427_live,Moral Appeal,Neutral,7,7
20180830-153926_427_live,Rational Appeal,Interested,8,8
20180830-153926_427_live,Acknowledgement,Neutral,9,9
20180830-154221_116_live,Greeting / Rapport,Not Interested,0,0
20180830-154221_116_live,Charity Awareness Probe,Neutral,1,1
20180830-154221_116_live,Qualification / Segmentation,Neutral,2,2
20180830-154221_116_live,Credibility Appeal,Neutral,3,3
20180830-154221_116_live,Credibility Appeal,Neutral,4,4
20180830-154221_116_live,Credibility Appeal,Neutral,6,6
20180830-154221_116_live,Rational Appeal,Interested,7,7
20180830-154221_116_live,Acknowledgement,Neutral,8,8
20180830-154221_116_live,Conversation Closing,Neutral,9,9
20180830-154401_340_live,Greeting / Rapport,Neutral,0,0
20180830-154401_340_live,Charity Awareness Probe,Neutral,1,1
20180830-154401_340_live,Moral Appeal,Neutral,2,2
20180830-154401_340_live,Non-persuasive Other,Neutral,3,3
20180830-154401_340_live,Empathy Appeal,Neutral,4,4
20180830-154401_340_live,Logistics / Coordination,Neutral,6,6
20180830-154401_340_live,Donation Baseline / Habit Probe,Neutral,7,7
20180830-154401_340_live,Framing,Not Interested,8,8
20180830-154401_340_live,Rational Appeal,Neutral,9,9
20180830-154545_725_live,Greeting / Rapport,Not Interested,0,0
20180830-154545_725_live,Greeting / Rapport,Not Interested,1,1
20180830-154545_725_live,Non-persuasive Other,Not Interested,2,2
20180830-154545_725_live,Acknowledgement,Not Interested,3,3
20180830-154545_725_live,Acknowledgement,Not Interested,5,5
20180830-154545_725_live,Acknowledgement,Not Interested,6,6
20180830-154545_725_live,Framing,Neutral,7,7
20180830-154545_725_live,Acknowledgement,Interested,8,8
20180830-154545_725_live,Social Proof,Interested,9,9
20180830-154613_158_live,Greeting / Rapport,Not Interested,0,0
20180830-154613_158_live,Call to Action,Neutral,1,1
20180830-154613_158_live,Donation Baseline / Habit Probe,Interested,2,2
20180830-154613_158_live,Credibility Appeal,Interested,3,3
20180830-154613_158_live,Logistics / Coordination,Interested,5,5
20180830-154613_158_live,Acknowledgement,Neutral,6,6
20180830-154613_158_live,Acknowledgement,Neutral,7,7
20180830-154613_158_live,Conversation Closing,Neutral,8,8
20180830-154613_158_live,Social Positioning,Neutral,9,9
20180830-154623_7_live,Greeting / Rapport,Neutral,0,0
20180830-154623_7_live,Charity Awareness Probe,Neutral,1,1
20180830-154623_7_live,Permission / Time Check,Neutral,2,2
20180830-154623_7_live,Appeal to Values,Neutral,3,3
20180830-154623_7_live,Fear Appeal,Interested,4,4
20180830-154623_7_live,Rational Appeal,Neutral,6,6
20180830-154623_7_live,Social Proof,Neutral,7,7
20180830-154623_7_live,Call to Action,Neutral,8,8
20180830-154623_7_live,Framing,Interested,9,9
20180830-154630_337_live,Greeting / Rapport,Neutral,0,0
20180830-154630_337_live,Call to Action,Neutral,1,1
20180830-154630_337_live,Rational Appeal,Neutral,2,2
20180830-154630_337_live,Rational Appeal,Neutral,3,3
20180830-154630_337_live,Rational Appeal,Neutral,5,5
20180830-154630_337_live,Credibility Appeal,Neutral,6,6
20180830-154630_337_live,Credibility Appeal,Neutral,7,7
20180830-154630_337_live,Non-persuasive Other,Interested,8,8
20180830-154630_337_live,Framing,Interested,9,9
20180830-154653_979_live,Greeting / Rapport,Not Interested,0,0
20180830-154653_979_live,Framing,Neutral,1,1
20180830-154653_979_live,Non-persuasive Other,Not Interested,2,2
20180830-154653_979_live,Framing,Not Interested,3,3
20180830-154653_979_live,Moral Appeal,Neutral,4,4
20180830-154653_979_live,Call to Action,Neutral,6,6
20180830-154653_979_live,Credibility Appeal,Neutral,7,7
20180830-154653_979_live,Framing,Neutral,8,8
20180830-154653_979_live,Logistics / Coordination,Interested,9,9
20180830-155048_517_live,Greeting / Rapport,Neutral,0,0
20180830-155048_517_live,Charity Awareness Probe,Neutral,1,1
20180830-155048_517_live,Appeal to Values,Neutral,2,2
20180830-155048_517_live,Rational Appeal,Neutral,3,3
20180830-155048_517_live,Framing,Interested,5,5
20180830-155048_517_live,Self-feeling Appeal,Neutral,6,6
20180830-155048_517_live,Appeal to Values,Neutral,7,7
20180830-155048_517_live,Activation of Personal Commitment,Interested,8,8
20180830-155048_517_live,Conversation Closing,Neutral,9,9
20180830-155510_301_live,Greeting / Rapport,Neutral,0,0
20180830-155510_301_live,Acknowledgement,Neutral,1,1
20180830-155510_301_live,Greeting / Rapport,Neutral,2,2
20180830-155510_301_live,Greeting / Rapport,Neutral,3,3
20180830-155510_301_live,Greeting / Rapport,Neutral,4,4
20180830-155510_301_live,Non-persuasive Other,Neutral,5,5
20180830-155510_301_live,Acknowledgement,Neutral,7,7
20180830-155510_301_live,Acknowledgement,Neutral,8,8
20180830-155510_301_live,Acknowledgement,Neutral,9,9
20180830-155510_301_live,Credibility Appeal,Neutral,10,10
20180830-155510_301_live,Call to Action,Interested,11,11
20180830-155510_301_live,Acknowledgement,Neutral,12,12
20180830-155925_759_live,Charity Awareness Probe,Neutral,0,0
20180830-155925_759_live,Charity Awareness Probe,Neutral,1,1
20180830-155925_759_live,Logistics / Coordination,Neutral,2,2
20180830-155925_759_live,Appeal to Values,Neutral,3,3
20180830-155925_759_live,Self-feeling Appeal,Not Interested,5,5
20180830-155925_759_live,Appeal to Values,Not Interested,6,6
20180830-155925_759_live,Acknowledgement,Neutral,7,7
20180830-155925_759_live,Acknowledgement,Neutral,8,8
20180830-155925_759_live,Conversation Closing,Neutral,9,9
20180830-160532_624_live,Charity Awareness Probe,Neutral,0,0
20180830-160532_624_live,Donation Baseline / Habit Probe,Neutral,1,1
20180830-160532_624_live,Credibility Appeal,Neutral,2,2
20180830-160532_624_live,Charity Awareness Probe,Neutral,3,3
20180830-160532_624_live,Appeal to Values,Neutral,4,4
20180830-160532_624_live,Non-persuasive Other,Neutral,6,6
20180830-160532_624_live,Guilt Induction,Neutral,7,7
20180830-160532_624_live,Charity Awareness Probe,Neutral,8,8
20180830-160532_624_live,Acknowledgement,Neutral,9,9
20180830-160755_786_live,Charity Awareness Probe,Neutral,0,0
20180830-160755_786_live,Charity Awareness Probe,Neutral,1,1
20180830-160755_786_live,Credibility Appeal,Interested,2,2
20180830-160755_786_live,Rational Appeal,Neutral,3,3
20180830-160755_786_live,Guilt Induction,Neutral,4,4
20180830-160755_786_live,Logical Appeal,Neutral,6,6
20180830-160755_786_live,Moral Appeal,Not Interested,7,7
20180830-160755_786_live,Unity,Neutral,8,8
20180830-160755_786_live,Non-persuasive Other,Neutral,9,9
20180830-162916_957_live,Reciprocity,Neutral,0,0
20180830-162916_957_live,Pre-giving,Neutral,1,1
20180830-162916_957_live,Empathy Appeal,Neutral,2,2
20180830-162916_957_live,Storytelling,Neutral,3,3
20180830-162916_957_live,Credibility Appeal,Neutral,4,4
20180830-162916_957_live,Reciprocity,Interested,6,6
20180830-162916_957_live,Pre-giving,Interested,7,7
20180830-162916_957_live,Logistics / Coordination,Neutral,8,8
20180830-162916_957_live,Acknowledgement,Neutral,9,9
20180830-163555_445_live,Charity Awareness Probe,Neutral,0,0
20180830-163555_445_live,Non-persuasive Other,Neutral,1,1
20180830-163555_445_live,Donation Baseline / Habit Probe,Neutral,2,2
20180830-163555_445_live,Credibility Appeal,Neutral,3,3
20180830-163555_445_live,Appeal to Values,Interested,5,5
20180830-163555_445_live,Call to Action,Interested,6,6
20180830-163555_445_live,Credibility Appeal,Neutral,7,7
20180830-163555_445_live,Social Proof,Neutral,8,8
20180830-163555_445_live,Moral Appeal,Neutral,9,9
20180830-164240_852_live,Permission / Time Check,Neutral,0,0
20180830-164240_852_live,Non-persuasive Other,Neutral,1,1
20180830-164240_852_live,Appeal to Values,Neutral,2,2
20180830-164240_852_live,Credibility Appeal,Interested,3,3
20180830-164240_852_live,Rational Appeal,Interested,5,5
20180830-164240_852_live,Storytelling,Interested,6,6
20180830-164240_852_live,Logistics / Coordination,Interested,8,8
20180830-164240_852_live,Acknowledgement,Neutral,9,9
20180830-171517_934_live,Permission / Time Check,Neutral,0,0
20180830-171517_934_live,Charity Awareness Probe,Neutral,1,1
20180830-171517_934_live,Rational Appeal,Interested,2,2
20180830-171517_934_live,Appeal to Values,Interested,3,3
20180830-171517_934_live,Activation of Personal Commitment,Neutral,5,5
20180830-171517_934_live,Logistics / Coordination,Interested,6,6
20180830-171517_934_live,Donation Baseline / Habit Probe,Interested,7,7
20180830-171517_934_live,Appeal to Values,Neutral,8,8
20180830-171517_934_live,Pre-giving,Interested,9,9
20180830-171814_382_live,Charity Awareness Probe,Neutral,0,0
20180830-171814_382_live,Non-persuasive Other,Neutral,1,1
20180830-171814_382_live,Moral Appeal,Interested,2,2
20180830-171814_382_live,Call to Action,Neutral,3,3
20180830-171814_382_live,Logistics / Coordination,Neutral,4,4
20180830-171814_382_live,Credibility Appeal,Neutral,6,6
20180830-171814_382_live,Non-persuasive Other,Neutral,7,7
20180830-171814_382_live,Non-persuasive Other,Neutral,8,8
20180830-171814_382_live,Moral Appeal,Interested,9,9
20180830-173320_897_live,Greeting / Rapport,Not Interested,0,0
20180830-173320_897_live,Charity Awareness Probe,Neutral,1,1
20180830-173320_897_live,Framing,Interested,2,2
20180830-173320_897_live,Call to Action,Interested,3,3
20180830-173320_897_live,Acknowledgement,Interested,4,4
20180830-173320_897_live,Credibility Appeal,Interested,6,6
20180830-173320_897_live,Rewarding Activity,Interested,7,7
20180830-173320_897_live,Logistics / Coordination,Interested,8,8
20180830-173320_897_live,Call to Action,Interested,9,9
20180830-173642_791_live,Greeting / Rapport,Neutral,0,0
20180830-173642_791_live,Donation Baseline / Habit Probe,Interested,1,1
20180830-173642_791_live,Charity Awareness Probe,Interested,2,2
20180830-173642_791_live,Call to Action,Interested,3,3
20180830-173642_791_live,Appeal to Values,Neutral,5,5
20180830-173642_791_live,Rational Appeal,Interested,6,6
20180830-173642_791_live,Credibility Appeal,Neutral,7,7
20180830-173642_791_live,Framing,Interested,8,8
20180830-173642_791_live,Rational Appeal,Interested,9,9
20180830-174134_253_live,Greeting / Rapport,Neutral,0,0
20180830-174134_253_live,Greeting / Rapport,Neutral,1,1
20180830-174134_253_live,Charity Awareness Probe,Neutral,2,2
20180830-174134_253_live,Rational Appeal,Neutral,3,3
20180830-174134_253_live,Rational Appeal,Neutral,5,5
20180830-174134_253_live,Guilt Induction,Interested,6,6
20180830-174134_253_live,Acknowledgement,Neutral,7,7
20180830-174134_253_live,Logistics / Coordination,Neutral,8,8
20180830-174134_253_live,Acknowledgement,Neutral,9,9
20180830-174222_391_live,Greeting / Rapport,Neutral,0,0
20180830-174222_391_live,Moral Appeal,Neutral,1,1
20180830-174222_391_live,Sympathy Appeal,Neutral,2,2
20180830-174222_391_live,Empathy Appeal,Neutral,3,3
20180830-174222_391_live,Acknowledgement,Neutral,4,4
20180830-174222_391_live,Social Proof,Neutral,6,6
20180830-174222_391_live,Call to Action,Interested,7,7
20180830-174222_391_live,Foot-in-the-door,Interested,8,8
20180830-174222_391_live,Door-in-the-face,Interested,9,9
20180830-174222_391_live,Acknowledgement,Interested,10,10
20180830-174307_818_live,Greeting / Rapport,Neutral,0,0
20180830-174307_818_live,Greeting / Rapport,Neutral,1,1
20180830-174307_818_live,Charity Awareness Probe,Neutral,2,2
20180830-174307_818_live,Rational Appeal,Neutral,3,3
20180830-174307_818_live,Framing,Neutral,5,5
20180830-174307_818_live,Framing,Interested,6,6
20180830-174307_818_live,Acknowledgement,Neutral,7,7
20180830-174307_818_live,Empathy Appeal,Neutral,8,8
20180830-174307_818_live,Greeting / Rapport,Neutral,9,9
20180830-174339_981_live,Greeting / Rapport,Neutral,0,0
20180830-174339_981_live,Greeting / Rapport,Neutral,1,1
20180830-174339_981_live,Greeting / Rapport,Neutral,2,2
20180830-174339_981_live,Non-persuasive Other,Neutral,3,3
20180830-174339_981_live,Greeting / Rapport,Neutral,4,4
20180830-174339_981_live,Non-persuasive Other,Neutral,5,5
20180830-174339_981_live,Rational Appeal,Neutral,7,7
20180830-174339_981_live,Rational Appeal,Neutral,8,8
20180830-174339_981_live,Rational Appeal,Neutral,9,9
20180830-174339_981_live,Credibility Appeal,Not Interested,10,10
20180830-174339_981_live,Emotional Manipulation,Not Interested,11,11
20180830-174602_584_live,Greeting / Rapport,Neutral,0,0
20180830-174602_584_live,Greeting / Rapport,Neutral,1,1
20180830-174602_584_live,Donation Baseline / Habit Probe,Interested,2,2
20180830-174602_584_live,Framing,Interested,3,3
20180830-174602_584_live,Charity Awareness Probe,Neutral,4,4
20180830-174602_584_live,Framing,Neutral,6,6
20180830-174602_584_live,Pre-giving,Not Interested,7,7
20180830-174602_584_live,Loss Aversion Appeal,Neutral,8,8
20180830-174602_584_live,Reciprocity,Neutral,9,9
20180830-175159_432_live,Greeting / Rapport,Not Interested,0,0
20180830-175159_432_live,Charity Awareness Probe,Neutral,1,1
20180830-175159_432_live,Greeting / Rapport,Neutral,2,2
20180830-175159_432_live,Non-persuasive Other,Neutral,3,3
20180830-175159_432_live,Empathy Appeal,Neutral,4,4
20180830-175159_432_live,Framing,Neutral,5,5
20180830-175159_432_live,Empathy Appeal,Neutral,7,7
20180830-175159_432_live,Rational Appeal,Neutral,8,8
20180830-175159_432_live,Credibility Appeal,Neutral,9,9
20180830-175159_432_live,Appeal to Values,Interested,11,11
20180830-180642_988_live,Greeting / Rapport,Neutral,0,0
20180830-180642_988_live,Appeal to Values,Neutral,1,1
20180830-180642_988_live,Credibility Appeal,Neutral,2,2
20180830-180642_988_live,Expertise,Interested,3,3
20180830-180642_988_live,Storytelling,Interested,4,4
20180830-180642_988_live,Greeting / Rapport,Neutral,6,6
20180830-180642_988_live,Greeting / Rapport,Neutral,7,7
20180830-180642_988_live,Greeting / Rapport,Neutral,8,8
20180830-180642_988_live,Conversation Closing,Neutral,9,9
20180830-180646_25_live,Donation Baseline / Habit Probe,Interested,0,0
20180830-180646_25_live,Charity Awareness Probe,Neutral,1,1
20180830-180646_25_live,Non-persuasive Other,Neutral,2,2
20180830-180646_25_live,Moral Appeal,Neutral,3,3
20180830-180646_25_live,Rational Appeal,Neutral,5,5
20180830-180646_25_live,Activation of Personal Commitment,Neutral,6,6
20180830-180646_25_live,Framing,Neutral,7,7
20180830-180646_25_live,Rational Appeal,Interested,8,8
20180830-180646_25_live,Conversation Closing,Interested,9,9
20180830-181256_736_live,Greeting / Rapport,Neutral,0,0
20180830-181256_736_live,Greeting / Rapport,Neutral,1,1
20180830-181256_736_live,Guilt Induction,Neutral,2,2
20180830-181256_736_live,Appeal to Values,Neutral,3,3
20180830-181256_736_live,Empathy Appeal,Neutral,4,4
20180830-181256_736_live,Appeal to Values,Not Interested,6,6
20180830-181256_736_live,Reciprocity,Neutral,7,7
20180830-181256_736_live,Storytelling,Neutral,8,8
20180830-181256_736_live,Reciprocity,Interested,9,9
20180830-181817_436_live,Greeting / Rapport,Neutral,0,0
20180830-181817_436_live,Donation Baseline / Habit Probe,Not Interested,1,1
20180830-181817_436_live,Permission / Time Check,Neutral,2,2
20180830-181817_436_live,Framing,Neutral,3,3
20180830-181817_436_live,Framing,Not Interested,5,5
20180830-181817_436_live,Framing,Not Interested,6,6
20180830-181817_436_live,Framing,Neutral,7,7
20180830-181817_436_live,Appeal to Values,Neutral,8,8
20180830-181817_436_live,Activation of Personal Commitment,Neutral,9,9
20180830-182037_288_live,Greeting / Rapport,Neutral,0,0
20180830-182037_288_live,Greeting / Rapport,Neutral,1,1
20180830-182037_288_live,Permission / Time Check,Neutral,2,2
20180830-182037_288_live,Framing,Interested,3,3
20180830-182037_288_live,Charity Awareness Probe,Interested,4,4
20180830-182037_288_live,Appeal to Values,Neutral,6,6
20180830-182037_288_live,Framing,Neutral,7,7
20180830-182037_288_live,Framing,Interested,8,8
20180830-182037_288_live,Acknowledgement,Neutral,9,9
20180830-182713_515_live,Charity Awareness Probe,Not Interested,0,0
20180830-182713_515_live,Moral Appeal,Neutral,1,1
20180830-182713_515_live,Appeal to Values,Neutral,2,2
20180830-182713_515_live,Moral Appeal,Neutral,3,3
20180830-182713_515_live,Appeal to Values,Neutral,4,4
20180830-182713_515_live,Framing,Neutral,6,6
20180830-182713_515_live,Moral Appeal,Interested,7,7
20180830-182713_515_live,Charity Awareness Probe,Neutral,8,8
20180830-182713_515_live,Foot-in-the-door,Interested,9,9
20180830-182713_515_live,Call to Action,Interested,10,10
20180830-183859_317_live,Emotional Appeal,Neutral,0,0
20180830-183859_317_live,Framing,Neutral,1,1
20180830-183859_317_live,Rational Appeal,Neutral,2,2
20180830-183859_317_live,Storytelling,Neutral,3,3
20180830-183859_317_live,Acknowledgement,Neutral,5,5
20180830-183859_317_live,Rational Appeal,Neutral,6,6
20180830-183859_317_live,Rational Appeal,Interested,7,7
20180830-183859_317_live,Acknowledgement,Interested,8,8
20180830-183859_317_live,Acknowledgement,Neutral,9,9
20180830-184045_958_live,Greeting / Rapport,Neutral,0,0
20180830-184045_958_live,Non-persuasive Other,Neutral,1,1
20180830-184045_958_live,Rational Appeal,Neutral,2,2
20180830-184045_958_live,Moral Appeal,Neutral,3,3
20180830-184045_958_live,Greeting / Rapport,Neutral,5,5
20180830-184045_958_live,Acknowledgement,Neutral,6,6
20180830-184045_958_live,Donation Baseline / Habit Probe,Neutral,7,7
20180830-184045_958_live,Acknowledgement,Neutral,9,9
20180830-185013_499_live,Greeting / Rapport,Neutral,0,0
20180830-185013_499_live,Rational Appeal,Neutral,2,2
20180830-185013_499_live,Storytelling,Neutral,3,3
20180830-185013_499_live,Empathy Appeal,Interested,5,5
20180830-185013_499_live,Framing,Interested,6,6
20180830-185013_499_live,Call to Action,Interested,7,7
20180830-185013_499_live,Acknowledgement,Neutral,8,8
20180830-185013_499_live,Conversation Closing,Neutral,9,9
20180830-185816_181_live,Greeting / Rapport,Neutral,0,0
20180830-185816_181_live,Charity Awareness Probe,Not Interested,1,1
20180830-185816_181_live,Framing,Neutral,2,2
20180830-185816_181_live,Appeal to Values,Not Interested,3,3
20180830-185816_181_live,Acknowledgement,Interested,4,4
20180830-185816_181_live,Moral Appeal,Neutral,6,6
20180830-185816_181_live,Moral Appeal,Not Interested,7,7
20180830-185816_181_live,Rational Appeal,Neutral,8,8
20180830-185816_181_live,Framing,Interested,9,9
20180830-185816_181_live,Conversation Closing,Neutral,10,10
20180830-185954_395_live,Greeting / Rapport,Neutral,0,0
20180830-185954_395_live,Greeting / Rapport,Neutral,1,1
20180830-185954_395_live,Charity Awareness Probe,Not Interested,3,3
20180830-185954_395_live,Rational Appeal,Interested,5,5
20180830-185954_395_live,Appeal to Values,Interested,6,6
20180830-185954_395_live,Acknowledgement,Interested,7,7
20180830-185954_395_live,Acknowledgement,Interested,8,8
20180830-185954_395_live,Commitment and Consistency,Interested,9,9
20180830-190109_662_live,Greeting / Rapport,Neutral,0,0
20180830-190109_662_live,Charity Awareness Probe,Neutral,1,1
20180830-190109_662_live,Appeal to Values,Neutral,2,2
20180830-190109_662_live,Call to Action,Neutral,3,3
20180830-190109_662_live,Framing,Interested,5,5
20180830-190109_662_live,Acknowledgement,Neutral,6,6
20180830-190109_662_live,Non-persuasive Other,Neutral,7,7
20180830-190109_662_live,Conversation Closing,Neutral,8,8
20180830-190109_662_live,Conversation Closing,Neutral,9,9
20180830-191022_810_live,Greeting / Rapport,Neutral,0,0
20180830-191022_810_live,Rational Appeal,Neutral,1,1
20180830-191022_810_live,Credibility Appeal,Not Interested,2,2
20180830-191022_810_live,Appeal to Values,Not Interested,4,4
20180830-191022_810_live,Logical Appeal,Neutral,6,6
20180830-191022_810_live,Logical Appeal,Neutral,7,7
20180830-191022_810_live,Rational Appeal,Neutral,8,8
20180830-191022_810_live,Storytelling,Neutral,9,9
20180830-191620_965_live,Appeal to Values,Interested,0,0
20180830-191620_965_live,Storytelling,Interested,1,1
20180830-191620_965_live,Appeal to Values,Interested,2,2
20180830-191620_965_live,Guilt Induction,Neutral,3,3
20180830-191620_965_live,Charity Awareness Probe,Neutral,4,4
20180830-191620_965_live,Rational Appeal,Neutral,6,6
20180830-191620_965_live,Logistics / Coordination,Neutral,7,7
20180830-191620_965_live,Storytelling,Interested,8,8
20180830-191620_965_live,Call to Action,Interested,9,9
20180830-191620_965_live,Acknowledgement,Interested,10,10
20180830-191932_932_live,Charity Awareness Probe,Neutral,0,0
20180830-191932_932_live,Charity Awareness Probe,Neutral,1,1
20180830-191932_932_live,Non-persuasive Other,Neutral,2,2
20180830-191932_932_live,Call to Action,Not Interested,3,3
20180830-191932_932_live,Moral Appeal,Not Interested,4,4
20180830-191932_932_live,Guilt Induction,Not Interested,6,6
20180830-191932_932_live,Guilt Induction,Not Interested,7,7
20180830-191932_932_live,Moral Appeal,Neutral,8,8
20180830-191932_932_live,Credibility Appeal,Neutral,9,9
20180830-192317_46_live,Greeting / Rapport,Not Interested,0,0
20180830-192317_46_live,Greeting / Rapport,Not Interested,1,1
20180830-192317_46_live,Empathy Appeal,Not Interested,2,2
20180830-192317_46_live,Moral Appeal,Not Interested,3,3
20180830-192317_46_live,Charity Awareness Probe,Not Interested,5,5
20180830-192317_46_live,Call to Action,Not Interested,6,6
20180830-192317_46_live,Framing,Not Interested,7,7
20180830-192317_46_live,Empathy Appeal,Not Interested,8,8
20180830-192317_46_live,Framing,Not Interested,9,9
20180830-194021_927_live,Greeting / Rapport,Neutral,0,0
20180830-194021_927_live,Greeting / Rapport,Neutral,1,1
20180830-194021_927_live,Non-persuasive Other,Neutral,2,2
20180830-194021_927_live,Moral Appeal,Neutral,3,3
20180830-194021_927_live,Credibility Appeal,Neutral,5,5
20180830-194021_927_live,Appeal to Values,Interested,6,6
20180830-194021_927_live,Fear Appeal,Not Interested,7,7
20180830-194021_927_live,Acknowledgement,Neutral,8,8
20180830-194021_927_live,Acknowledgement,Neutral,9,9
20180830-194201_156_live,Charity Awareness Probe,Neutral,0,0
20180830-194201_156_live,Charity Awareness Probe,Neutral,1,1
20180830-194201_156_live,Appeal to Values,Neutral,2,2
20180830-194201_156_live,Credibility Appeal,Neutral,3,3
20180830-194201_156_live,Call to Action,Interested,5,5
20180830-194201_156_live,Call to Action,Interested,6,6
20180830-194201_156_live,Rational Appeal,Interested,7,7
20180830-194201_156_live,Framing,Neutral,8,8
20180830-200148_992_live,Moral Appeal,Interested,0,0
20180830-200148_992_live,Charity Awareness Probe,Neutral,1,1
20180830-200148_992_live,Charity Awareness Probe,Interested,2,2
20180830-200148_992_live,Rational Appeal,Neutral,3,3
20180830-200148_992_live,Call to Action,Interested,5,5
20180830-200148_992_live,Call to Action,Interested,6,6
20180830-200148_992_live,Foot-in-the-door,Interested,7,7
20180830-200148_992_live,Acknowledgement,Interested,8,8
20180830-200148_992_live,Acknowledgement,Interested,9,9
20180830-201035_956_live,Greeting / Rapport,Neutral,0,0
20180830-201035_956_live,Greeting / Rapport,Neutral,1,1
20180830-201035_956_live,Acknowledgement,Neutral,2,2
20180830-201035_956_live,Greeting / Rapport,Neutral,3,3
20180830-201035_956_live,Framing,Neutral,5,5
20180830-201035_956_live,Empathy Appeal,Interested,6,6
20180830-201035_956_live,Credibility Appeal,Neutral,7,7
20180830-201035_956_live,Social Proof,Interested,8,8
20180830-201035_956_live,Logistics / Coordination,Interested,9,9
20180830-202306_689_live,Call to Action,Neutral,0,0
20180830-202306_689_live,Donation Baseline / Habit Probe,Neutral,1,1
20180830-202306_689_live,Credibility Appeal,Neutral,2,2
20180830-202306_689_live,Moral Appeal,Interested,3,3
20180830-202306_689_live,Rational Appeal,Interested,4,4
20180830-202306_689_live,Credibility Appeal,Interested,6,6
20180830-202306_689_live,Guilt Induction,Interested,7,7
20180830-202306_689_live,Acknowledgement,Interested,8,8
20180830-202306_689_live,Non-persuasive Other,Interested,9,9
20180830-204841_559_live,Greeting / Rapport,Neutral,0,0
20180830-204841_559_live,Charity Awareness Probe,Neutral,1,1
20180830-204841_559_live,Non-persuasive Other,Neutral,2,2
20180830-204841_559_live,Rational Appeal,Neutral,3,3
20180830-204841_559_live,Framing,Neutral,5,5
20180830-204841_559_live,Framing,Neutral,6,6
20180830-204841_559_live,Logistics / Coordination,Neutral,7,7
20180830-204841_559_live,Commitment and Consistency,Interested,8,8
20180830-204841_559_live,Conversation Closing,Neutral,9,9
20180830-212956_406_live,Greeting / Rapport,Neutral,0,0
20180830-212956_406_live,Charity Awareness Probe,Not Interested,1,1
20180830-212956_406_live,Donation Baseline / Habit Probe,Neutral,2,2
20180830-212956_406_live,Non-persuasive Other,Neutral,3,3
20180830-212956_406_live,Non-persuasive Other,Neutral,5,5
20180830-212956_406_live,Rational Appeal,Neutral,6,6
20180830-212956_406_live,Moral Appeal,Not Interested,7,7
20180830-212956_406_live,Acknowledgement,Neutral,8,8
20180830-212956_406_live,Acknowledgement,Neutral,9,9
20180830-213219_625_live,Call to Action,Neutral,0,0
20180830-213219_625_live,Moral Appeal,Neutral,1,1
20180830-213219_625_live,Rational Appeal,Neutral,2,2
20180830-213219_625_live,Moral Appeal,Neutral,3,3
20180830-213219_625_live,Call to Action,Interested,4,4
20180830-213219_625_live,Moral Appeal,Neutral,6,6
20180830-213219_625_live,Non-persuasive Other,Neutral,7,7
20180830-213219_625_live,Donation Baseline / Habit Probe,Neutral,8,8
20180830-213219_625_live,Moral Appeal,Neutral,9,9
20180830-213440_640_live,Charity Awareness Probe,Neutral,0,0
20180830-213440_640_live,Rational Appeal,Neutral,1,1
20180830-213440_640_live,Rational Appeal,Neutral,2,2
20180830-213440_640_live,Rational Appeal,Neutral,3,3
20180830-213440_640_live,Storytelling,Neutral,4,4
20180830-213440_640_live,Donation Baseline / Habit Probe,Neutral,6,6
20180830-213440_640_live,Rational Appeal,Interested,8,8
20180830-213440_640_live,Framing,Interested,9,9
20180830-223344_362_live,Greeting / Rapport,Neutral,0,0
20180830-223344_362_live,Charity Awareness Probe,Neutral,1,1
20180830-223344_362_live,Non-persuasive Other,Neutral,2,2
20180830-223344_362_live,Non-persuasive Other,Interested,3,3
20180830-223344_362_live,Credibility Appeal,Neutral,5,5
20180830-223344_362_live,Framing,Neutral,6,6
20180830-223344_362_live,Permission / Time Check,Interested,7,7
20180830-223344_362_live,Framing,Interested,8,8
20180830-223344_362_live,Acknowledgement,Neutral,9,9
20180830-225222_66_live,Greeting / Rapport,Neutral,0,0
20180830-225222_66_live,Greeting / Rapport,Neutral,1,1
20180830-225222_66_live,Greeting / Rapport,Neutral,2,2
20180830-225222_66_live,Greeting / Rapport,Neutral,3,3
20180830-225222_66_live,Non-persuasive Other,Neutral,4,4
20180830-225222_66_live,Charity Awareness Probe,Neutral,6,6
20180830-225222_66_live,Non-persuasive Other,Neutral,7,7
20180830-225222_66_live,Charity Awareness Probe,Neutral,8,8
20180830-225222_66_live,Donation Baseline / Habit Probe,Neutral,9,9
20180830-232642_468_live,Greeting / Rapport,Neutral,0,0
20180830-232642_468_live,Charity Awareness Probe,Neutral,1,1
20180830-232642_468_live,Credibility Appeal,Neutral,2,2
20180830-232642_468_live,Call to Action,Interested,3,3
20180830-232642_468_live,Framing,Neutral,4,4
20180830-232642_468_live,Rational Appeal,Neutral,6,6
20180830-232642_468_live,Rational Appeal,Neutral,7,7
20180830-232642_468_live,Rational Appeal,Neutral,8,8
20180830-232642_468_live,Call to Action,Interested,9,9
20180830-232642_468_live,Acknowledgement,Neutral,10,10
20180830-232824_365_live,Greeting / Rapport,Not Interested,0,0
20180830-232824_365_live,Qualification / Segmentation,Neutral,1,1
20180830-232824_365_live,Appeal to Values,Not Interested,2,2
20180830-232824_365_live,Appeal to Values,Not Interested,3,3
20180830-232824_365_live,Charity Awareness Probe,Not Interested,4,4
20180830-232824_365_live,Call to Action,Interested,6,6
20180830-232824_365_live,Rational Appeal,Interested,7,7
20180830-232824_365_live,Charity Awareness Probe,Not Interested,8,8
20180830-232824_365_live,Call to Action,Interested,9,9
20180831-012053_911_live,Greeting / Rapport,Not Interested,0,0
20180831-012053_911_live,Greeting / Rapport,Neutral,1,1
20180831-012053_911_live,Charity Awareness Probe,Interested,2,2
20180831-012053_911_live,Charity Awareness Probe,Neutral,3,3
20180831-012053_911_live,Credibility Appeal,Neutral,5,5
20180831-012053_911_live,Appeal to Values,Neutral,6,6
20180831-012053_911_live,Non-persuasive Other,Interested,7,7
20180831-012053_911_live,Acknowledgement,Interested,8,8
20180831-012053_911_live,Non-persuasive Other,Neutral,9,9
20180831-031446_408_live,Charity Awareness Probe,Neutral,0,0
20180831-031446_408_live,Appeal to Values,Neutral,1,1
20180831-031446_408_live,Credibility Appeal,Neutral,2,2
20180831-031446_408_live,Rational Appeal,Neutral,3,3
20180831-031446_408_live,Credibility Appeal,Neutral,5,5
20180831-031446_408_live,Credibility Appeal,Neutral,6,6
20180831-031446_408_live,Call to Action,Neutral,7,7
20180831-031446_408_live,Rational Appeal,Neutral,8,8
20180831-040908_90_live,Greeting / Rapport,Not Interested,0,0
20180831-040908_90_live,Greeting / Rapport,Neutral,1,1
20180831-040908_90_live,Framing,Interested,2,2
20180831-040908_90_live,Call to Action,Interested,3,3
20180831-040908_90_live,Rational Appeal,Interested,5,5
20180831-040908_90_live,Activation of Personal Commitment,Interested,6,6
20180831-040908_90_live,Logistics / Coordination,Neutral,7,7
20180831-040908_90_live,Self-feeling Appeal,Neutral,8,8
20180831-043947_465_live,Greeting / Rapport,Neutral,0,0
20180831-043947_465_live,Greeting / Rapport,Neutral,1,1
20180831-043947_465_live,Charity Awareness Probe,Neutral,2,2
20180831-043947_465_live,Appeal to Values,Neutral,3,3
20180831-043947_465_live,Logistics / Coordination,Neutral,5,5
20180831-043947_465_live,Empathy Appeal,Neutral,6,6
20180831-043947_465_live,Social Proof,Neutral,7,7
20180831-043947_465_live,Framing,Interested,8,8
20180831-043947_465_live,Logistics / Coordination,Interested,9,9
20180831-051326_212_live,Greeting / Rapport,Neutral,0,0
20180831-051326_212_live,Greeting / Rapport,Neutral,1,1
20180831-051326_212_live,Greeting / Rapport,Neutral,2,2
20180831-051326_212_live,Charity Awareness Probe,Neutral,3,3
20180831-051326_212_live,Logistics / Coordination,Interested,5,5
20180831-051326_212_live,Call to Action,Interested,6,6
20180831-051326_212_live,Rational Appeal,Neutral,7,7
20180831-051326_212_live,Framing,Neutral,8,8
20180831-051326_212_live,Acknowledgement,Interested,9,9
20180831-052816_178_live,Donation Baseline / Habit Probe,Neutral,0,0
20180831-052816_178_live,Moral Appeal,Neutral,1,1
20180831-052816_178_live,Framing,Neutral,2,2
20180831-052816_178_live,Moral Appeal,Neutral,3,3
20180831-052816_178_live,Appeal to Values,Interested,5,5
20180831-052816_178_live,Framing,Interested,6,6
20180831-052816_178_live,Acknowledgement,Neutral,7,7
20180831-052816_178_live,Non-persuasive Other,Neutral,8,8
20180831-052816_178_live,Non-persuasive Other,Neutral,9,9
20180831-053018_301_live,Charity Awareness Probe,Neutral,0,0
20180831-053018_301_live,Credibility Appeal,Neutral,1,1
20180831-053018_301_live,Empathy Appeal,Interested,2,2
20180831-053018_301_live,Urgency,Interested,3,3
20180831-053018_301_live,Logistics / Coordination,Neutral,4,4
20180831-053018_301_live,Credibility Appeal,Neutral,6,6
20180831-053018_301_live,Empathy Appeal,Neutral,7,7
20180831-053018_301_live,Empathy Appeal,Neutral,8,8
20180831-053018_301_live,Conversation Closing,Interested,9,9
20180831-053123_578_live,Greeting / Rapport,Not Interested,0,0
20180831-053123_578_live,Charity Awareness Probe,Neutral,1,1
20180831-053123_578_live,Non-persuasive Other,Neutral,2,2
20180831-053123_578_live,Non-persuasive Other,Neutral,3,3
20180831-053123_578_live,Activation of Personal Commitment,Interested,5,5
20180831-053123_578_live,Acknowledgement,Neutral,6,6
20180831-053123_578_live,Social Proof,Neutral,7,7
20180831-053123_578_live,Acknowledgement,Neutral,8,8
20180831-053123_578_live,Conversation Closing,Neutral,9,9
20180831-054654_563_live,Greeting / Rapport,Not Interested,0,0
20180831-054654_563_live,Appeal to Values,Interested,1,1
20180831-054654_563_live,Framing,Interested,2,2
20180831-054654_563_live,Pre-giving,Interested,3,3
20180831-054654_563_live,Acknowledgement,Interested,5,5
20180831-054654_563_live,Non-persuasive Other,Interested,6,6
20180831-054654_563_live,Acknowledgement,Interested,7,7
20180831-054654_563_live,Acknowledgement,Interested,8,8
20180831-054654_563_live,Acknowledgement,Neutral,9,9
20180831-063536_532_live,Greeting / Rapport,Neutral,0,0
20180831-063536_532_live,Appeal to Values,Neutral,1,1
20180831-063536_532_live,Framing,Interested,2,2
20180831-063536_532_live,Framing,Interested,3,3
20180831-063536_532_live,Acknowledgement,Neutral,5,5
20180831-063536_532_live,Acknowledgement,Neutral,6,6
20180831-063536_532_live,Acknowledgement,Neutral,7,7
20180831-063536_532_live,Moral Appeal,Neutral,8,8
20180831-063536_532_live,Unity,Interested,9,9
20180831-065311_853_live,Greeting / Rapport,Not Interested,0,0
20180831-065311_853_live,Charity Awareness Probe,Neutral,1,1
20180831-065311_853_live,Urgency,Interested,2,2
20180831-065311_853_live,Framing,Interested,3,3
20180831-065311_853_live,Acknowledgement,Interested,5,5
20180831-065311_853_live,Conversation Closing,Neutral,6,6
20180831-065311_853_live,Donation Baseline / Habit Probe,Interested,7,7
20180831-065311_853_live,Charity Awareness Probe,Neutral,8,8
20180831-065311_853_live,Qualification / Segmentation,Neutral,9,9
20180831-070455_353_live,Greeting / Rapport,Neutral,0,0
20180831-070455_353_live,Greeting / Rapport,Neutral,1,1
20180831-070455_353_live,Non-persuasive Other,Neutral,2,2
20180831-070455_353_live,Non-persuasive Other,Neutral,3,3
20180831-070455_353_live,Empathy Appeal,Neutral,4,4
20180831-070455_353_live,Rewarding Activity,Interested,6,6
20180831-070455_353_live,Reciprocity,Interested,7,7
20180831-070455_353_live,Pre-giving,Neutral,8,8
20180831-070455_353_live,Rational Appeal,Interested,9,9
20180831-071300_554_live,Greeting / Rapport,Not Interested,0,0
20180831-071300_554_live,Greeting / Rapport,Not Interested,1,1
20180831-071300_554_live,Acknowledgement,Not Interested,2,2
20180831-071300_554_live,Logistics / Coordination,Not Interested,3,3
20180831-071300_554_live,Call to Action,Interested,5,5
20180831-071300_554_live,Framing,Neutral,6,6
20180831-071300_554_live,Acknowledgement,Neutral,7,7
20180831-071300_554_live,Acknowledgement,Interested,8,8
20180831-071300_554_live,Conversation Closing,Not Interested,9,9
20180831-072612_12_live,Greeting / Rapport,Neutral,0,0
20180831-072612_12_live,Donation Baseline / Habit Probe,Neutral,1,1
20180831-072612_12_live,Greeting / Rapport,Interested,2,2
20180831-072612_12_live,Moral Appeal,Neutral,3,3
20180831-072612_12_live,Call to Action,Interested,5,5
20180831-072612_12_live,Social Proof,Interested,6,6
20180831-072612_12_live,Commitment and Consistency,Neutral,7,7
20180831-072612_12_live,Logical Appeal,Neutral,8,8
20180831-072612_12_live,Framing,Neutral,9,9
20180831-073753_874_live,Emotional Appeal,Interested,0,0
20180831-073753_874_live,Non-persuasive Other,Neutral,1,1
20180831-073753_874_live,Non-persuasive Other,Interested,2,2
20180831-073753_874_live,Moral Appeal,Interested,3,3
20180831-073753_874_live,Credibility Appeal,Neutral,5,5
20180831-073753_874_live,Rational Appeal,Neutral,6,6
20180831-073753_874_live,Rational Appeal,Neutral,7,7
20180831-073753_874_live,Pre-giving,Interested,8,8
20180831-073753_874_live,Unity,Neutral,9,9
20180831-073919_112_live,Greeting / Rapport,Neutral,0,0
20180831-073919_112_live,Charity Awareness Probe,Neutral,1,1
20180831-073919_112_live,Call to Action,Not Interested,2,2
20180831-073919_112_live,Rational Appeal,Not Interested,3,3
20180831-073919_112_live,Framing,Neutral,5,5
20180831-073919_112_live,Greeting / Rapport,Neutral,6,6
20180831-073919_112_live,Logistics / Coordination,Neutral,7,7
20180831-073919_112_live,Non-persuasive Other,Neutral,8,8
20180831-073919_112_live,Conversation Closing,Neutral,9,9
20180831-080306_985_live,Greeting / Rapport,Neutral,0,0
20180831-080306_985_live,Greeting / Rapport,Neutral,1,1
20180831-080306_985_live,Acknowledgement,Neutral,2,2
20180831-080306_985_live,Liking,Neutral,3,3
20180831-080306_985_live,Empathy Appeal,Interested,5,5
20180831-080306_985_live,Activation of Personal Commitment,Interested,6,6
20180831-080306_985_live,Activation of Personal Commitment,Interested,7,7
20180831-080306_985_live,Logistics / Coordination,Neutral,8,8
20180831-080306_985_live,Acknowledgement,Neutral,9,9
20180831-081945_112_live,Guilt Induction,Not Interested,0,0
20180831-081945_112_live,Credibility Appeal,Neutral,1,1
20180831-081945_112_live,Credibility Appeal,Not Interested,2,2
20180831-081945_112_live,Rational Appeal,Not Interested,3,3
20180831-081945_112_live,Door-in-the-face,Not Interested,5,5
20180831-081945_112_live,Framing,Neutral,6,6
20180831-081945_112_live,Empathy Appeal,Neutral,7,7
20180831-081945_112_live,Social Proof,Interested,8,8
20180831-081945_112_live,Acknowledgement,Neutral,9,9
20180831-082733_742_live,Greeting / Rapport,Neutral,0,0
20180831-082733_742_live,Acknowledgement,Neutral,1,1
20180831-082733_742_live,Donation Baseline / Habit Probe,Neutral,2,2
20180831-082733_742_live,Donation Baseline / Habit Probe,Neutral,3,3
20180831-082733_742_live,Call to Action,Neutral,6,6
20180831-082733_742_live,Commitment and Consistency,Neutral,7,7
20180831-082733_742_live,Rational Appeal,Interested,8,8
20180831-082733_742_live,Framing,Neutral,9,9
20180831-083027_46_live,Donation Baseline / Habit Probe,Neutral,0,0
20180831-083027_46_live,Greeting / Rapport,Interested,1,1
20180831-083027_46_live,Call to Action,Interested,2,2
20180831-083027_46_live,Appeal to Values,Interested,3,3
20180831-083027_46_live,Rational Appeal,Interested,5,5
20180831-083027_46_live,Rational Appeal,Interested,6,6
20180831-083027_46_live,Framing,Neutral,7,7
20180831-083027_46_live,Unity,Interested,8,8
20180831-083027_46_live,Conversation Closing,Neutral,9,9
20180831-094009_882_live,Greeting / Rapport,Neutral,0,0
20180831-094009_882_live,Charity Awareness Probe,Neutral,1,1
20180831-094009_882_live,Appeal to Values,Interested,2,2
20180831-094009_882_live,Rational Appeal,Interested,3,3
20180831-094009_882_live,Commitment and Consistency,Neutral,4,4
20180831-094009_882_live,Self-feeling Appeal,Neutral,6,6
20180831-094009_882_live,Appeal to Values,Neutral,7,7
20180831-094009_882_live,Self-feeling Appeal,Neutral,8,8
20180831-094009_882_live,Appeal to Values,Neutral,9,9
20180831-094601_58_live,Greeting / Rapport,Neutral,0,0
20180831-094601_58_live,Greeting / Rapport,Neutral,1,1
20180831-094601_58_live,Non-persuasive Other,Neutral,2,2
20180831-094601_58_live,Acknowledgement,Neutral,3,3
20180831-094601_58_live,Call to Action,Neutral,5,5
20180831-094601_58_live,Credibility Appeal,Neutral,6,6
20180831-094601_58_live,Appeal to Values,Neutral,7,7
20180831-094601_58_live,Credibility Appeal,Neutral,8,8
20180831-094601_58_live,Call to Action,Interested,9,9
20180831-100313_532_live,Call to Action,Neutral,0,0
20180831-100313_532_live,Non-persuasive Other,Interested,1,1
20180831-100313_532_live,Acknowledgement,Neutral,2,2
20180831-100313_532_live,Acknowledgement,Neutral,3,3
20180831-100313_532_live,Non-persuasive Other,Neutral,4,4
20180831-100313_532_live,Non-persuasive Other,Neutral,6,6
20180831-100313_532_live,Non-persuasive Other,Neutral,7,7
20180831-100313_532_live,Appeal to Values,Neutral,8,8
20180831-100313_532_live,Logistics / Coordination,Neutral,9,9
20180831-100313_532_live,Conversation Closing,Interested,10,10
20180831-103236_81_live,Greeting / Rapport,Neutral,0,0
20180831-103236_81_live,Non-persuasive Other,Neutral,1,1
20180831-103236_81_live,Charity Awareness Probe,Neutral,2,2
20180831-103236_81_live,Charity Awareness Probe,Neutral,3,3
20180831-103236_81_live,Moral Appeal,Interested,4,4
20180831-103236_81_live,Framing,Interested,6,6
20180831-103236_81_live,Pre-giving,Not Interested,7,7
20180831-103236_81_live,Commitment and Consistency,Neutral,8,8
20180831-103236_81_live,Appeal to Values,Neutral,9,9
20180831-111502_257_live,Greeting / Rapport,Neutral,0,0
20180831-111502_257_live,Greeting / Rapport,Neutral,1,1
20180831-111502_257_live,Acknowledgement,Neutral,2,2
20180831-111502_257_live,Non-persuasive Other,Neutral,3,3
20180831-111502_257_live,Charity Awareness Probe,Neutral,5,5
20180831-111502_257_live,Rational Appeal,Neutral,6,6
20180831-111502_257_live,Credibility Appeal,Interested,7,7
20180831-111502_257_live,Logistics / Coordination,Interested,8,8
20180831-111502_257_live,Framing,Neutral,9,9
20180831-115617_21_live,Charity Awareness Probe,Neutral,0,0
20180831-115617_21_live,Donation Baseline / Habit Probe,Interested,1,1
20180831-115617_21_live,Appeal to Values,Neutral,2,2
20180831-115617_21_live,Appeal to Values,Neutral,3,3
20180831-115617_21_live,Moral Appeal,Neutral,5,5
20180831-115617_21_live,Commitment and Consistency,Interested,7,7
20180831-115617_21_live,Non-persuasive Other,Not Interested,8,8
20180831-115617_21_live,Acknowledgement,Neutral,9,9
20180831-120243_533_live,Call to Action,Neutral,0,0
20180831-120243_533_live,Loss Aversion Appeal,Neutral,1,1
20180831-120243_533_live,Moral Appeal,Neutral,2,2
20180831-120243_533_live,Pre-giving,Neutral,3,3
20180831-120243_533_live,Moral Appeal,Interested,5,5
20180831-120243_533_live,Acknowledgement,Neutral,7,7
20180831-120243_533_live,Rewarding Activity,Interested,8,8
20180831-120243_533_live,Acknowledgement,Neutral,9,9
20180831-120603_285_live,Greeting / Rapport,Not Interested,0,0
20180831-120603_285_live,Greeting / Rapport,Not Interested,1,1
20180831-120603_285_live,Qualification / Segmentation,Not Interested,2,2
20180831-120603_285_live,Qualification / Segmentation,Not Interested,3,3
20180831-120603_285_live,Storytelling,Not Interested,4,4
20180831-120603_285_live,Charity Awareness Probe,Not Interested,6,6
20180831-120603_285_live,Activation of Personal Commitment,Not Interested,7,7
20180831-120603_285_live,Moral Appeal,Interested,8,8
20180831-120603_285_live,Framing,Interested,9,9
20180831-120603_285_live,Conversation Closing,Not Interested,10,10
20180831-122246_544_live,Greeting / Rapport,Not Interested,0,0
20180831-122246_544_live,Non-persuasive Other,Not Interested,1,1
20180831-122246_544_live,Guilt Induction,Not Interested,2,2
20180831-122246_544_live,Empathy Appeal,Not Interested,3,3
20180831-122246_544_live,Empathy Appeal,Not Interested,5,5
20180831-122246_544_live,Logical Appeal,Interested,7,7
20180831-122246_544_live,Commitment and Consistency,Interested,8,8
20180831-122246_544_live,Acknowledgement,Neutral,9,9
20180831-130348_981_live,Greeting / Rapport,Neutral,0,0
20180831-130348_981_live,Rational Appeal,Neutral,1,1
20180831-130348_981_live,Rational Appeal,Neutral,2,2
20180831-130348_981_live,Framing,Neutral,3,3
20180831-130348_981_live,Storytelling,Neutral,4,4
20180831-130348_981_live,Acknowledgement,Interested,6,6
20180831-130348_981_live,Call to Action,Interested,7,7
20180831-130348_981_live,Call to Action,Interested,8,8
20180831-130348_981_live,Moral Appeal,Neutral,9,9
20180831-131354_977_live,Charity Awareness Probe,Not Interested,0,0
20180831-131354_977_live,Guilt Induction,Not Interested,1,1
20180831-131354_977_live,Charity Awareness Probe,Neutral,2,2
20180831-131354_977_live,Rewarding Activity,Neutral,3,3
20180831-131354_977_live,Emotional Appeal,Not Interested,5,5
20180831-131354_977_live,Self-feeling Appeal,Interested,6,6
20180831-131354_977_live,Acknowledgement,Neutral,7,7
20180831-131354_977_live,Commitment and Consistency,Neutral,8,8
20180831-131354_977_live,Acknowledgement,Neutral,9,9
20180831-175558_427_live,Greeting / Rapport,Neutral,0,0
20180831-175558_427_live,Greeting / Rapport,Neutral,1,1
20180831-175558_427_live,Donation Baseline / Habit Probe,Neutral,2,2
20180831-175558_427_live,Charity Awareness Probe,Neutral,3,3
20180831-175558_427_live,Urgency,Neutral,5,5
20180831-175558_427_live,Appeal to Values,Interested,6,6
20180831-175558_427_live,Framing,Interested,7,7
20180831-175558_427_live,Acknowledgement,Neutral,8,8
20180831-175558_427_live,Acknowledgement,Neutral,9,9
20180831-175925_143_live,Greeting / Rapport,Neutral,0,0
20180831-175925_143_live,Qualification / Segmentation,Neutral,1,1
20180831-175925_143_live,Qualification / Segmentation,Neutral,2,2
20180831-175925_143_live,Appeal to Values,Interested,3,3
20180831-175925_143_live,Appeal to Values,Interested,4,4
20180831-175925_143_live,Foot-in-the-door,Neutral,6,6
20180831-175925_143_live,Charity Awareness Probe,Neutral,7,7
20180831-175925_143_live,Qualification / Segmentation,Neutral,8,8
20180831-175925_143_live,Credibility Appeal,Neutral,9,9
20180831-180309_707_live,Greeting / Rapport,Neutral,0,0
20180831-180309_707_live,Charity Awareness Probe,Neutral,1,1
20180831-180309_707_live,Credibility Appeal,Interested,2,2
20180831-180309_707_live,Commitment and Consistency,Interested,3,3
20180831-180309_707_live,Donation Baseline / Habit Probe,Interested,5,5
20180831-180309_707_live,Social Proof,Interested,6,6
20180831-180309_707_live,Credibility Appeal,Interested,7,7
20180831-180309_707_live,Rational Appeal,Neutral,8,8
20180831-180309_707_live,Call to Action,Interested,9,9
20180831-180355_992_live,Greeting / Rapport,Neutral,0,0
20180831-180355_992_live,Charity Awareness Probe,Neutral,1,1
20180831-180355_992_live,Non-persuasive Other,Neutral,2,2
20180831-180355_992_live,Appeal to Values,Not Interested,3,3
20180831-180355_992_live,Call to Action,Not Interested,5,5
20180831-180355_992_live,Guilt Induction,Neutral,6,6
20180831-180355_992_live,Guilt Induction,Not Interested,7,7
20180831-180355_992_live,Conversation Closing,Neutral,8,8
20180831-180355_992_live,Acknowledgement,Neutral,9,9
20180831-180851_529_live,Appeal to Values,Neutral,0,0
20180831-180851_529_live,Charity Awareness Probe,Neutral,1,1
20180831-180851_529_live,Guilt Induction,Neutral,2,2
20180831-180851_529_live,Framing,Neutral,3,3
20180831-180851_529_live,Framing,Neutral,4,4
20180831-180851_529_live,Acknowledgement,Not Interested,6,6
20180831-180851_529_live,Framing,Neutral,8,8
20180831-180851_529_live,Framing,Not Interested,9,9
20180831-181810_204_live,Donation Baseline / Habit Probe,Neutral,0,0
20180831-181810_204_live,Non-persuasive Other,Neutral,1,1
20180831-181810_204_live,Activation of Personal Commitment,Interested,2,2
20180831-181810_204_live,Charity Awareness Probe,Interested,3,3
20180831-181810_204_live,Rational Appeal,Interested,4,4
20180831-181810_204_live,Non-persuasive Other,Neutral,6,6
20180831-181810_204_live,Rational Appeal,Neutral,7,7
20180831-181810_204_live,Framing,Interested,8,8
20180831-181810_204_live,Acknowledgement,Interested,9,9
20180831-182245_152_live,Greeting / Rapport,Neutral,0,0
20180831-182245_152_live,Charity Awareness Probe,Neutral,1,1
20180831-182245_152_live,Donation Baseline / Habit Probe,Neutral,2,2
20180831-182245_152_live,Charity Awareness Probe,Neutral,3,3
20180831-182245_152_live,Credibility Appeal,Interested,5,5
20180831-182245_152_live,Rational Appeal,Neutral,6,6
20180831-182245_152_live,Pre-giving,Interested,7,7
20180831-182245_152_live,Acknowledgement,Interested,8,8
20180831-182245_152_live,Conversation Closing,Neutral,9,9
20180831-182914_929_live,Call to Action,Neutral,0,0
20180831-182914_929_live,Rational Appeal,Neutral,1,1
20180831-182914_929_live,Framing,Neutral,2,2
20180831-182914_929_live,Rational Appeal,Neutral,3,3
20180831-182914_929_live,Credibility Appeal,Neutral,4,4
20180831-182914_929_live,Moral Appeal,Interested,6,6
20180831-182914_929_live,Framing,Interested,7,7
20180831-182914_929_live,Commitment and Consistency,Interested,8,8
20180831-182914_929_live,Appeal to Values,Interested,9,9
20180831-182914_929_live,Acknowledgement,Interested,10,10
20180831-183431_357_live,Greeting / Rapport,Neutral,0,0
20180831-183431_357_live,Charity Awareness Probe,Neutral,1,1
20180831-183431_357_live,Appeal to Values,Neutral,2,2
20180831-183431_357_live,Rational Appeal,Neutral,3,3
20180831-183431_357_live,Call to Action,Not Interested,4,4
20180831-183431_357_live,Credibility Appeal,Not Interested,6,6
20180831-183431_357_live,Pre-giving,Neutral,7,7
20180831-183431_357_live,Non-persuasive Other,Neutral,8,8
20180831-183431_357_live,Social Proof,Neutral,9,9
20180831-184520_110_live,Greeting / Rapport,Not Interested,0,0
20180831-184520_110_live,Greeting / Rapport,Neutral,1,1
20180831-184520_110_live,Call to Action,Neutral,2,2
20180831-184520_110_live,Moral Appeal,Neutral,3,3
20180831-184520_110_live,Acknowledgement,Interested,5,5
20180831-184520_110_live,Logistics / Coordination,Neutral,6,6
20180831-184520_110_live,Logistics / Coordination,Interested,7,7
20180831-184520_110_live,Acknowledgement,Neutral,8,8
20180831-184520_110_live,Logistics / Coordination,Interested,9,9
20180831-184944_472_live,Greeting / Rapport,Neutral,0,0
20180831-184944_472_live,Acknowledgement,Neutral,1,1
20180831-184944_472_live,Charity Awareness Probe,Neutral,2,2
20180831-184944_472_live,Credibility Appeal,Neutral,3,3
20180831-184944_472_live,Credibility Appeal,Neutral,4,4
20180831-184944_472_live,Appeal to Values,Interested,6,6
20180831-184944_472_live,Appeal to Values,Interested,7,7
20180831-184944_472_live,Unity,Interested,8,8
20180831-184944_472_live,Logistics / Coordination,Interested,9,9
20180831-185408_698_live,Non-persuasive Other,Neutral,0,0
20180831-185408_698_live,Appeal to Values,Neutral,1,1
20180831-185408_698_live,Empathy Appeal,Neutral,2,2
20180831-185408_698_live,Rational Appeal,Neutral,3,3
20180831-185408_698_live,Credibility Appeal,Neutral,4,4
20180831-185408_698_live,Greeting / Rapport,Neutral,6,6
20180831-185408_698_live,Acknowledgement,Neutral,7,7
20180831-185408_698_live,Rational Appeal,Neutral,8,8
20180831-185408_698_live,Credibility Appeal,Neutral,9,9
20180831-185408_698_live,Call to Action,Interested,10,10
20180831-185836_687_live,Greeting / Rapport,Neutral,0,0
20180831-185836_687_live,Acknowledgement,Neutral,1,1
20180831-185836_687_live,Donation Baseline / Habit Probe,Interested,2,2
20180831-185836_687_live,Charity Awareness Probe,Interested,3,3
20180831-185836_687_live,Acknowledgement,Interested,5,5
20180831-185836_687_live,Rational Appeal,Neutral,6,6
20180831-185836_687_live,Social Proof,Neutral,7,7
20180831-185836_687_live,Appeal to Values,Neutral,8,8
20180831-185836_687_live,Conversation Closing,Neutral,9,9
20180831-190413_38_live,Greeting / Rapport,Not Interested,0,0
20180831-190413_38_live,Charity Awareness Probe,Neutral,1,1
20180831-190413_38_live,Framing,Interested,2,2
20180831-190413_38_live,Appeal to Values,Neutral,3,3
20180831-190413_38_live,Framing,Neutral,4,4
20180831-190413_38_live,Call to Action,Interested,6,6
20180831-190413_38_live,Framing,Neutral,7,7
20180831-190413_38_live,Framing,Neutral,8,8
20180831-190413_38_live,Credibility Appeal,Interested,9,9
20180831-191015_164_live,Greeting / Rapport,Neutral,0,0
20180831-191015_164_live,Greeting / Rapport,Neutral,1,1
20180831-191015_164_live,Charity Awareness Probe,Neutral,2,2
20180831-191015_164_live,Rational Appeal,Neutral,3,3
20180831-191015_164_live,Appeal to Values,Neutral,4,4
20180831-191015_164_live,Credibility Appeal,Neutral,6,6
20180831-191015_164_live,Rational Appeal,Not Interested,7,7
20180831-191015_164_live,Storytelling,Neutral,8,8
20180831-191015_164_live,Empathy Appeal,Neutral,9,9
20180831-191015_164_live,Appeal to Values,Neutral,10,10
20180831-191015_164_live,Donation Baseline / Habit Probe,Not Interested,11,11
20180831-191711_71_live,Greeting / Rapport,Neutral,0,0
20180831-191711_71_live,Greeting / Rapport,Neutral,1,1
20180831-191711_71_live,Greeting / Rapport,Neutral,2,2
20180831-191711_71_live,Greeting / Rapport,Neutral,3,3
20180831-191711_71_live,Appeal to Values,Neutral,4,4
20180831-191711_71_live,Charity Awareness Probe,Interested,6,6
20180831-191711_71_live,Self-feeling Appeal,Interested,7,7
20180831-191711_71_live,Guilt Induction,Interested,8,8
20180831-191711_71_live,Framing,Interested,9,9
20180831-191911_779_live,Greeting / Rapport,Neutral,0,0
20180831-191911_779_live,Greeting / Rapport,Neutral,1,1
20180831-191911_779_live,Donation Baseline / Habit Probe,Neutral,2,2
20180831-191911_779_live,Empathy Appeal,Neutral,3,3
20180831-191911_779_live,Rational Appeal,Interested,5,5
20180831-191911_779_live,Activation of Personal Commitment,Interested,6,6
20180831-191911_779_live,Donation Baseline / Habit Probe,Neutral,7,7
20180831-191911_779_live,Qualification / Segmentation,Neutral,8,8
20180831-191911_779_live,Charity Awareness Probe,Neutral,9,9
20180831-191926_666_live,Greeting / Rapport,Neutral,0,0
20180831-191926_666_live,Charity Awareness Probe,Neutral,1,1
20180831-191926_666_live,Non-persuasive Other,Neutral,2,2
20180831-191926_666_live,Rational Appeal,Neutral,3,3
20180831-191926_666_live,Foot-in-the-door,Interested,5,5
20180831-191926_666_live,Greeting / Rapport,Neutral,6,6
20180831-191926_666_live,Rational Appeal,Interested,7,7
20180831-191926_666_live,Acknowledgement,Neutral,8,8
20180831-193934_858_live,Greeting / Rapport,Not Interested,0,0
20180831-193934_858_live,Greeting / Rapport,Not Interested,1,1
20180831-193934_858_live,Donation Baseline / Habit Probe,Interested,2,2
20180831-193934_858_live,Self-feeling Appeal,Neutral,3,3
20180831-193934_858_live,Charity Awareness Probe,Neutral,4,4
20180831-193934_858_live,Reciprocity,Interested,6,6
20180831-193934_858_live,Commitment and Consistency,Interested,7,7
20180831-193934_858_live,Conversation Closing,Not Interested,8,8
20180831-193934_858_live,Conversation Closing,Not Interested,9,9
20180831-200600_498_live,Greeting / Rapport,Neutral,0,0
20180831-200600_498_live,Acknowledgement,Neutral,1,1
20180831-200600_498_live,Charity Awareness Probe,Neutral,2,2
20180831-200600_498_live,Credibility Appeal,Neutral,3,3
20180831-200600_498_live,Moral Appeal,Neutral,5,5
20180831-200600_498_live,Acknowledgement,Neutral,6,6
20180831-200600_498_live,Call to Action,Interested,7,7
20180831-200600_498_live,Acknowledgement,Neutral,8,8
20180831-200600_498_live,Acknowledgement,Neutral,9,9
20180831-205301_781_live,Greeting / Rapport,Neutral,0,0
20180831-205301_781_live,Acknowledgement,Neutral,1,1
20180831-205301_781_live,Guilt Induction,Neutral,2,2
20180831-205301_781_live,Guilt Induction,Neutral,3,3
20180831-205301_781_live,Non-persuasive Other,Neutral,4,4
20180831-205301_781_live,Credibility Appeal,Interested,6,6
20180831-205301_781_live,Framing,Neutral,7,7
20180831-205301_781_live,Credibility Appeal,Neutral,8,8
20180831-205301_781_live,Acknowledgement,Neutral,9,9
20180831-211050_995_live,Greeting / Rapport,Neutral,0,0
20180831-211050_995_live,Qualification / Segmentation,Neutral,1,1
20180831-211050_995_live,Greeting / Rapport,Neutral,2,2
20180831-211050_995_live,Storytelling,Neutral,3,3
20180831-211050_995_live,Storytelling,Neutral,4,4
20180831-211050_995_live,Greeting / Rapport,Neutral,6,6
20180831-211050_995_live,Framing,Not Interested,7,7
20180831-211050_995_live,Social Proof,Not Interested,8,8
20180831-211050_995_live,Moral Appeal,Not Interested,9,9
20180831-211130_630_live,Greeting / Rapport,Neutral,0,0
20180831-211130_630_live,Charity Awareness Probe,Neutral,1,1
20180831-211130_630_live,Acknowledgement,Neutral,2,2
20180831-211130_630_live,Charity Awareness Probe,Neutral,3,3
20180831-211130_630_live,Rational Appeal,Neutral,5,5
20180831-211130_630_live,Self-feeling Appeal,Interested,6,6
20180831-211130_630_live,Urgency,Interested,7,7
20180831-211130_630_live,Framing,Neutral,8,8
20180831-211130_630_live,Framing,Neutral,9,9
20180831-211837_377_live,Greeting / Rapport,Neutral,0,0
20180831-211837_377_live,Charity Awareness Probe,Neutral,1,1
20180831-211837_377_live,Non-persuasive Other,Neutral,2,2
20180831-211837_377_live,Donation Baseline / Habit Probe,Neutral,3,3
20180831-211837_377_live,Non-persuasive Other,Neutral,5,5
20180831-211837_377_live,Qualification / Segmentation,Neutral,6,6
20180831-211837_377_live,Acknowledgement,Interested,7,7
20180831-211837_377_live,Acknowledgement,Interested,8,8
20180831-211837_377_live,Social Proof,Interested,9,9
20180831-215137_413_live,Charity Awareness Probe,Neutral,0,0
20180831-215137_413_live,Charity Awareness Probe,Neutral,1,1
20180831-215137_413_live,Donation Baseline / Habit Probe,Neutral,2,2
20180831-215137_413_live,Storytelling,Neutral,3,3
20180831-215137_413_live,Social Proof,Neutral,4,4
20180831-215137_413_live,Activation of Personal Commitment,Interested,6,6
20180831-215137_413_live,Self-feeling Appeal,Interested,7,7
20180831-215137_413_live,Framing,Neutral,8,8
20180831-215137_413_live,Logistics / Coordination,Interested,9,9
20180831-215137_413_live,Conversation Closing,Interested,10,10
20180831-221232_645_live,Moral Appeal,Neutral,0,0
20180831-221232_645_live,Appeal to Values,Neutral,1,1
20180831-221232_645_live,Moral Appeal,Neutral,2,2
20180831-221232_645_live,Call to Action,Neutral,3,3
20180831-221232_645_live,Reciprocity,Neutral,5,5
20180831-221232_645_live,Empathy Appeal,Neutral,6,6
20180831-221232_645_live,Credibility Appeal,Neutral,7,7
20180831-221232_645_live,Credibility Appeal,Interested,8,8
20180831-221232_645_live,Acknowledgement,Neutral,9,9
20180831-222729_66_live,Donation Baseline / Habit Probe,Neutral,0,0
20180831-222729_66_live,Donation Baseline / Habit Probe,Neutral,1,1
20180831-222729_66_live,Donation Baseline / Habit Probe,Neutral,2,2
20180831-222729_66_live,Social Proof,Neutral,3,3
20180831-222729_66_live,Social Proof,Neutral,4,4
20180831-222729_66_live,Self-feeling Appeal,Neutral,5,5
20180831-222729_66_live,Charity Awareness Probe,Neutral,7,7
20180831-222729_66_live,Rational Appeal,Neutral,8,8
20180831-222729_66_live,Credibility Appeal,Neutral,9,9
20180831-222729_66_live,Framing,Interested,10,10
20180831-222729_66_live,Commitment and Consistency,Interested,11,11
20180831-223214_28_live,Greeting / Rapport,Neutral,0,0
20180831-223214_28_live,Moral Appeal,Neutral,1,1
20180831-223214_28_live,Rational Appeal,Neutral,2,2
20180831-223214_28_live,Storytelling,Neutral,3,3
20180831-223214_28_live,Framing,Interested,6,6
20180831-223214_28_live,Framing,Neutral,7,7
20180831-223214_28_live,Rational Appeal,Interested,8,8
20180831-223214_28_live,Logistics / Coordination,Neutral,9,9
20180831-224726_732_live,Greeting / Rapport,Neutral,0,0
20180831-224726_732_live,Greeting / Rapport,Neutral,1,1
20180831-224726_732_live,Donation Baseline / Habit Probe,Interested,2,2
20180831-224726_732_live,Storytelling,Neutral,3,3
20180831-224726_732_live,Empathy Appeal,Interested,4,4
20180831-224726_732_live,Acknowledgement,Interested,6,6
20180831-224726_732_live,Empathy Appeal,Neutral,8,8
20180831-224726_732_live,Appeal to Values,Neutral,9,9
20180831-231032_102_live,Greeting / Rapport,Not Interested,0,0
20180831-231032_102_live,Moral Appeal,Neutral,1,1
20180831-231032_102_live,Appeal to Values,Not Interested,2,2
20180831-231032_102_live,Credibility Appeal,Neutral,3,3
20180831-231032_102_live,Call to Action,Neutral,5,5
20180831-231032_102_live,Moral Appeal,Interested,6,6
20180831-231032_102_live,Unity,Neutral,7,7
20180831-231032_102_live,Urgency,Interested,8,8
20180831-231032_102_live,Acknowledgement,Neutral,9,9
20180831-231226_976_live,Greeting / Rapport,Neutral,0,0
20180831-231226_976_live,Permission / Time Check,Neutral,1,1
20180831-231226_976_live,Charity Awareness Probe,Neutral,2,2
20180831-231226_976_live,Rational Appeal,Neutral,3,3
20180831-231226_976_live,Framing,Neutral,5,5
20180831-231226_976_live,Framing,Neutral,6,6
20180831-231226_976_live,Framing,Interested,7,7
20180831-231226_976_live,Framing,Interested,8,8
20180831-231226_976_live,Acknowledgement,Neutral,9,9
20180901-001137_507_live,Greeting / Rapport,Neutral,0,0
20180901-001137_507_live,Charity Awareness Probe,Neutral,1,1
20180901-001137_507_live,Charity Awareness Probe,Neutral,2,2
20180901-001137_507_live,Credibility Appeal,Neutral,3,3
20180901-001137_507_live,Rational Appeal,Neutral,5,5
20180901-001137_507_live,Non-persuasive Other,Neutral,6,6
20180901-001137_507_live,Logistics / Coordination,Neutral,7,7
20180901-001137_507_live,Non-persuasive Other,Neutral,8,8
20180901-001137_507_live,Rational Appeal,Interested,9,9
20180901-001917_173_live,Greeting / Rapport,Neutral,0,0
20180901-001917_173_live,Moral Appeal,Neutral,1,1
20180901-001917_173_live,Credibility Appeal,Neutral,2,2
20180901-001917_173_live,Credibility Appeal,Neutral,3,3
20180901-001917_173_live,Fear Appeal,Interested,5,5
20180901-001917_173_live,Donation Baseline / Habit Probe,Neutral,6,6
20180901-001917_173_live,Commitment and Consistency,Interested,7,7
20180901-001917_173_live,Acknowledgement,Interested,8,8
20180901-001917_173_live,Acknowledgement,Interested,9,9
20180901-003311_274_live,Greeting / Rapport,Neutral,0,0
20180901-003311_274_live,Greeting / Rapport,Neutral,1,1
20180901-003311_274_live,Donation Baseline / Habit Probe,Interested,2,2
20180901-003311_274_live,Charity Awareness Probe,Neutral,3,3
20180901-003311_274_live,Framing,Interested,5,5
20180901-003311_274_live,Acknowledgement,Interested,6,6
20180901-003311_274_live,Commitment and Consistency,Interested,7,7
20180901-003311_274_live,Non-persuasive Other,Neutral,8,8
20180901-003311_274_live,Conversation Closing,Neutral,9,9
20180901-004406_582_live,Permission / Time Check,Neutral,0,0
20180901-004406_582_live,Moral Appeal,Interested,1,1
20180901-004406_582_live,Empathy Appeal,Interested,2,2
20180901-004406_582_live,Framing,Neutral,3,3
20180901-004406_582_live,Credibility Appeal,Interested,4,4
20180901-004406_582_live,Moral Appeal,Neutral,6,6
20180901-004406_582_live,Acknowledgement,Neutral,7,7
20180901-004406_582_live,Rational Appeal,Neutral,8,8
20180901-004406_582_live,Appeal to Values,Interested,9,9
20180901-020126_11_live,Rewarding Activity,Neutral,0,0
20180901-020126_11_live,Acknowledgement,Neutral,1,1
20180901-020126_11_live,Appeal to Values,Neutral,2,2
20180901-020126_11_live,Moral Appeal,Neutral,3,3
20180901-020126_11_live,Framing,Neutral,4,4
20180901-020126_11_live,Framing,Neutral,6,6
20180901-020126_11_live,Framing,Neutral,7,7
20180901-020126_11_live,Acknowledgement,Interested,8,8
20180901-020126_11_live,Commitment and Consistency,Interested,9,9
20180901-045936_842_live,Call to Action,Neutral,0,0
20180901-045936_842_live,Credibility Appeal,Interested,1,1
20180901-045936_842_live,Logistics / Coordination,Interested,2,2
20180901-045936_842_live,Acknowledgement,Neutral,3,3
20180901-045936_842_live,Commitment and Consistency,Neutral,5,5
20180901-045936_842_live,Appeal to Values,Interested,6,6
20180901-045936_842_live,Greeting / Rapport,Neutral,7,7
20180901-045936_842_live,Empathy Appeal,Neutral,8,8
20180901-045936_842_live,Greeting / Rapport,Neutral,9,9
20180901-055511_376_live,Greeting / Rapport,Neutral,0,0
20180901-055511_376_live,Acknowledgement,Neutral,1,1
20180901-055511_376_live,Non-persuasive Other,Neutral,2,2
20180901-055511_376_live,Non-persuasive Other,Neutral,3,3
20180901-055511_376_live,Charity Awareness Probe,Interested,4,4
20180901-055511_376_live,Framing,Neutral,6,6
20180901-055511_376_live,Framing,Interested,7,7
20180901-055511_376_live,Logistics / Coordination,Interested,8,8
20180901-055511_376_live,Commitment and Consistency,Interested,9,9
20180901-055511_376_live,Acknowledgement,Neutral,10,10
20180901-060959_922_live,Greeting / Rapport,Neutral,0,0
20180901-060959_922_live,Rational Appeal,Neutral,1,1
20180901-060959_922_live,Rewarding Activity,Neutral,2,2
20180901-060959_922_live,Appeal to Values,Neutral,3,3
20180901-060959_922_live,Rational Appeal,Neutral,5,5
20180901-060959_922_live,Social Proof,Neutral,6,6
20180901-060959_922_live,Charity Awareness Probe,Neutral,7,7
20180901-060959_922_live,Credibility Appeal,Neutral,8,8
20180901-060959_922_live,Call to Action,Not Interested,9,9
20180901-061738_750_live,Framing,Interested,0,0
20180901-061738_750_live,Credibility Appeal,Interested,1,1
20180901-061738_750_live,Moral Appeal,Interested,2,2
20180901-061738_750_live,Appeal to Values,Neutral,3,3
20180901-061738_750_live,Credibility Appeal,Interested,5,5
20180901-061738_750_live,Commitment and Consistency,Interested,6,6
20180901-061738_750_live,Framing,Interested,7,7
20180901-061738_750_live,Framing,Interested,8,8
20180901-061738_750_live,Rational Appeal,Neutral,9,9
20180901-062656_249_live,Rational Appeal,Not Interested,0,0
20180901-062656_249_live,Guilt Induction,Not Interested,1,1
20180901-062656_249_live,Guilt Induction,Interested,3,3
20180901-062656_249_live,Self-feeling Appeal,Not Interested,5,5
20180901-062656_249_live,Self-feeling Appeal,Not Interested,6,6
20180901-062656_249_live,Conversation Closing,Not Interested,7,7
20180901-062656_249_live,Charity Awareness Probe,Interested,8,8
20180901-062656_249_live,Acknowledgement,Interested,9,9
20180901-063841_657_live,Greeting / Rapport,Neutral,0,0
20180901-063841_657_live,Charity Awareness Probe,Neutral,1,1
20180901-063841_657_live,Acknowledgement,Neutral,2,2
20180901-063841_657_live,Rational Appeal,Neutral,3,3
20180901-063841_657_live,Rational Appeal,Neutral,5,5
20180901-063841_657_live,Rational Appeal,Neutral,6,6
20180901-063841_657_live,Call to Action,Interested,7,7
20180901-063841_657_live,Framing,Interested,8,8
20180901-063841_657_live,Activation of Personal Commitment,Interested,9,9
20180901-064502_492_live,Greeting / Rapport,Neutral,0,0
20180901-064502_492_live,Charity Awareness Probe,Neutral,1,1
20180901-064502_492_live,Moral Appeal,Neutral,2,2
20180901-064502_492_live,Framing,Neutral,3,3
20180901-064502_492_live,Acknowledgement,Neutral,4,4
20180901-064502_492_live,Call to Action,Interested,6,6
20180901-064502_492_live,Commitment and Consistency,Neutral,7,7
20180901-064502_492_live,Empathy Appeal,Neutral,8,8
20180901-064502_492_live,Moral Appeal,Not Interested,9,9
20180901-071043_291_live,Greeting / Rapport,Neutral,0,0
20180901-071043_291_live,Greeting / Rapport,Neutral,1,1
20180901-071043_291_live,Expertise,Neutral,2,2
20180901-071043_291_live,Non-persuasive Other,Neutral,3,3
20180901-071043_291_live,Non-persuasive Other,Neutral,5,5
20180901-071043_291_live,Expertise,Neutral,6,6
20180901-071043_291_live,Framing,Neutral,7,7
20180901-071043_291_live,Moral Appeal,Interested,8,8
20180901-071043_291_live,Credibility Appeal,Interested,9,9
20180901-073405_760_live,Charity Awareness Probe,Not Interested,0,0
20180901-073405_760_live,Non-persuasive Other,Neutral,1,1
20180901-073405_760_live,Appeal to Values,Neutral,2,2
20180901-073405_760_live,Greeting / Rapport,Neutral,3,3
20180901-073405_760_live,Rational Appeal,Neutral,4,4
20180901-073405_760_live,Conversation Closing,Interested,6,6
20180901-073405_760_live,Conversation Closing,Interested,7,7
20180901-073405_760_live,Commitment and Consistency,Interested,8,8
20180901-073405_760_live,Commitment and Consistency,Interested,9,9
20180901-074748_167_live,Greeting / Rapport,Neutral,0,0
20180901-074748_167_live,Charity Awareness Probe,Neutral,1,1
20180901-074748_167_live,Empathy Appeal,Neutral,2,2
20180901-074748_167_live,Call to Action,Interested,3,3
20180901-074748_167_live,Non-persuasive Other,Neutral,5,5
20180901-074748_167_live,Non-persuasive Other,Neutral,6,6
20180901-074748_167_live,Charity Awareness Probe,Neutral,7,7
20180901-074748_167_live,Greeting / Rapport,Neutral,8,8
20180901-074748_167_live,Non-persuasive Other,Neutral,9,9
20180901-075346_269_live,Donation Baseline / Habit Probe,Neutral,0,0
20180901-075346_269_live,Charity Awareness Probe,Neutral,1,1
20180901-075346_269_live,Credibility Appeal,Neutral,2,2
20180901-075346_269_live,Appeal to Values,Neutral,3,3
20180901-075346_269_live,Credibility Appeal,Neutral,5,5
20180901-075346_269_live,Appeal to Values,Neutral,6,6
20180901-075346_269_live,Reciprocity,Interested,7,7
20180901-075346_269_live,Credibility Appeal,Interested,8,8
20180901-075346_269_live,Conversation Closing,Neutral,9,9
20180901-075720_707_live,Qualification / Segmentation,Not Interested,0,0
20180901-075720_707_live,Charity Awareness Probe,Neutral,1,1
20180901-075720_707_live,Credibility Appeal,Interested,2,2
20180901-075720_707_live,Framing,Interested,5,5
20180901-075720_707_live,Call to Action,Interested,6,6
20180901-075720_707_live,Call to Action,Interested,7,7
20180901-075720_707_live,Framing,Interested,8,8
20180901-075720_707_live,Acknowledgement,Interested,9,9
20180901-081612_655_live,Greeting / Rapport,Not Interested,0,0
20180901-081612_655_live,Donation Baseline / Habit Probe,Interested,1,1
20180901-081612_655_live,Donation Baseline / Habit Probe,Interested,2,2
20180901-081612_655_live,Charity Awareness Probe,Neutral,3,3
20180901-081612_655_live,Credibility Appeal,Interested,5,5
20180901-081612_655_live,Acknowledgement,Neutral,6,6
20180901-081612_655_live,Non-persuasive Other,Neutral,7,7
20180901-081612_655_live,Social Proof,Neutral,8,8
20180901-081612_655_live,Call to Action,Interested,9,9
20180901-082120_803_live,Greeting / Rapport,Neutral,0,0
20180901-082120_803_live,Greeting / Rapport,Neutral,1,1
20180901-082120_803_live,Non-persuasive Other,Neutral,2,2
20180901-082120_803_live,Charity Awareness Probe,Neutral,3,3
20180901-082120_803_live,Logistics / Coordination,Interested,5,5
20180901-082120_803_live,Social Proof,Interested,6,6
20180901-082120_803_live,Social Proof,Neutral,7,7
20180901-082120_803_live,Social Proof,Neutral,8,8
20180901-082120_803_live,Logistics / Coordination,Neutral,9,9
20180901-083851_418_live,Greeting / Rapport,Neutral,0,0
20180901-083851_418_live,Charity Awareness Probe,Neutral,1,1
20180901-083851_418_live,Non-persuasive Other,Neutral,2,2
20180901-083851_418_live,Sympathy Appeal,Neutral,3,3
20180901-083851_418_live,Empathy Appeal,Neutral,5,5
20180901-083851_418_live,Rational Appeal,Neutral,6,6
20180901-083851_418_live,Rational Appeal,Neutral,7,7
20180901-083851_418_live,Call to Action,Interested,8,8
20180901-083851_418_live,Commitment and Consistency,Neutral,9,9
20180901-091456_160_live,Greeting / Rapport,Neutral,0,0
20180901-091456_160_live,Acknowledgement,Neutral,1,1
20180901-091456_160_live,Donation Baseline / Habit Probe,Neutral,2,2
20180901-091456_160_live,Donation Baseline / Habit Probe,Neutral,3,3
20180901-091456_160_live,Donation Baseline / Habit Probe,Neutral,4,4
20180901-091456_160_live,Framing,Neutral,6,6
20180901-091456_160_live,Qualification / Segmentation,Neutral,7,7
20180901-091456_160_live,Credibility Appeal,Interested,8,8
20180901-091456_160_live,Logistics / Coordination,Interested,9,9
20180901-093058_490_live,Greeting / Rapport,Neutral,0,0
20180901-093058_490_live,Greeting / Rapport,Neutral,1,1
20180901-093058_490_live,Permission / Time Check,Neutral,2,2
20180901-093058_490_live,Greeting / Rapport,Neutral,3,3
20180901-093058_490_live,Greeting / Rapport,Neutral,4,4
20180901-093058_490_live,Non-persuasive Other,Neutral,6,6
20180901-093058_490_live,Greeting / Rapport,Neutral,7,7
20180901-093058_490_live,Appeal to Values,Neutral,8,8
20180901-093058_490_live,Non-persuasive Other,Interested,9,9
20180901-100753_363_live,Charity Awareness Probe,Neutral,0,0
20180901-100753_363_live,Appeal to Values,Interested,1,1
20180901-100753_363_live,Logistics / Coordination,Neutral,2,2
20180901-100753_363_live,Framing,Interested,3,3
20180901-100753_363_live,Framing,Interested,4,4
20180901-100753_363_live,Urgency,Interested,6,6
20180901-100753_363_live,Moral Appeal,Neutral,7,7
20180901-100753_363_live,Framing,Interested,8,8
20180901-100753_363_live,Logistics / Coordination,Neutral,9,9
20180901-101051_687_live,Greeting / Rapport,Neutral,0,0
20180901-101051_687_live,Charity Awareness Probe,Neutral,1,1
20180901-101051_687_live,Empathy Appeal,Neutral,2,2
20180901-101051_687_live,Donation Baseline / Habit Probe,Interested,3,3
20180901-101051_687_live,Commitment and Consistency,Interested,4,4
20180901-101051_687_live,Logical Appeal,Interested,6,6
20180901-101051_687_live,Appeal to Values,Neutral,7,7
20180901-101051_687_live,Moral Appeal,Interested,8,8
20180901-101051_687_live,Reciprocity,Interested,9,9
20180901-101814_540_live,Greeting / Rapport,Neutral,0,0
20180901-101814_540_live,Charity Awareness Probe,Neutral,1,1
20180901-101814_540_live,Non-persuasive Other,Neutral,2,2
20180901-101814_540_live,Moral Appeal,Neutral,3,3
20180901-101814_540_live,Non-persuasive Other,Neutral,5,5
20180901-101814_540_live,Appeal to Values,Neutral,6,6
20180901-101814_540_live,Rational Appeal,Interested,7,7
20180901-101814_540_live,Acknowledgement,Interested,8,8
20180901-101814_540_live,Appeal to Values,Neutral,9,9
20180901-112714_568_live,Greeting / Rapport,Not Interested,0,0
20180901-112714_568_live,Greeting / Rapport,Not Interested,1,1
20180901-112714_568_live,Non-persuasive Other,Not Interested,2,2
20180901-112714_568_live,Greeting / Rapport,Not Interested,3,3
20180901-112714_568_live,Donation Baseline / Habit Probe,Neutral,4,4
20180901-112714_568_live,Credibility Appeal,Neutral,6,6
20180901-112714_568_live,Credibility Appeal,Neutral,7,7
20180901-112714_568_live,Rational Appeal,Neutral,8,8
20180901-112714_568_live,Call to Action,Interested,9,9
20180901-112714_568_live,Conversation Closing,Not Interested,10,10
20180901-112814_354_live,Greeting / Rapport,Not Interested,0,0
20180901-112814_354_live,Permission / Time Check,Neutral,1,1
20180901-112814_354_live,Donation Baseline / Habit Probe,Interested,2,2
20180901-112814_354_live,Charity Awareness Probe,Neutral,3,3
20180901-112814_354_live,Acknowledgement,Neutral,4,4
20180901-112814_354_live,Framing,Not Interested,6,6
20180901-112814_354_live,Empathy Appeal,Not Interested,7,7
20180901-112814_354_live,Charity Awareness Probe,Neutral,8,8
20180901-112814_354_live,Rational Appeal,Neutral,9,9
20180901-112824_44_live,Greeting / Rapport,Neutral,0,0
20180901-112824_44_live,Charity Awareness Probe,Not Interested,1,1
20180901-112824_44_live,Permission / Time Check,Neutral,2,2
20180901-112824_44_live,Non-persuasive Other,Not Interested,3,3
20180901-112824_44_live,Framing,Interested,5,5
20180901-112824_44_live,Acknowledgement,Interested,6,6
20180901-112824_44_live,Rewarding Activity,Neutral,7,7
20180901-112824_44_live,Appeal to Values,Neutral,8,8
20180901-112824_44_live,Unity,Neutral,9,9
20180901-112903_682_live,Greeting / Rapport,Not Interested,0,0
20180901-112903_682_live,Permission / Time Check,Neutral,1,1
20180901-112903_682_live,Storytelling,Neutral,2,2
20180901-112903_682_live,Guilt Induction,Neutral,3,3
20180901-112903_682_live,Self-feeling Appeal,Neutral,5,5
20180901-112903_682_live,Rational Appeal,Interested,6,6
20180901-112903_682_live,Framing,Neutral,7,7
20180901-112903_682_live,Logistics / Coordination,Neutral,8,8
20180901-112903_682_live,Conversation Closing,Not Interested,9,9
20180901-114608_710_live,Greeting / Rapport,Neutral,0,0
20180901-114608_710_live,Charity Awareness Probe,Neutral,1,1
20180901-114608_710_live,Charity Awareness Probe,Neutral,2,2
20180901-114608_710_live,Rational Appeal,Neutral,3,3
20180901-114608_710_live,Framing,Neutral,5,5
20180901-114608_710_live,Rational Appeal,Interested,6,6
20180901-114608_710_live,Donation Baseline / Habit Probe,Neutral,7,7
20180901-114608_710_live,Commitment and Consistency,Interested,8,8
20180901-114608_710_live,Acknowledgement,Interested,9,9
20180901-121302_185_live,Greeting / Rapport,Neutral,0,0
20180901-121302_185_live,Qualification / Segmentation,Neutral,1,1
20180901-121302_185_live,Permission / Time Check,Neutral,2,2
20180901-121302_185_live,Charity Awareness Probe,Neutral,3,3
20180901-121302_185_live,Commitment and Consistency,Not Interested,5,5
20180901-121302_185_live,Empathy Appeal,Not Interested,6,6
20180901-121302_185_live,Commitment and Consistency,Not Interested,8,8
20180901-121302_185_live,Conversation Closing,Neutral,9,9
20180901-121329_807_live,Charity Awareness Probe,Neutral,0,0
20180901-121329_807_live,Framing,Interested,2,2
20180901-121329_807_live,Logistics / Coordination,Neutral,5,5
20180901-121329_807_live,Logistics / Coordination,Interested,6,6
20180901-121329_807_live,Rational Appeal,Interested,7,7
20180901-121329_807_live,Reciprocity,Interested,8,8
20180901-121329_807_live,Commitment and Consistency,Interested,9,9
20180901-121417_346_live,Charity Awareness Probe,Neutral,0,0
20180901-121417_346_live,Empathy Appeal,Neutral,1,1
20180901-121417_346_live,Storytelling,Neutral,2,2
20180901-121417_346_live,Storytelling,Interested,3,3
20180901-121417_346_live,Acknowledgement,Neutral,5,5
20180901-121417_346_live,Framing,Neutral,7,7
20180901-121417_346_live,Credibility Appeal,Neutral,8,8
20180901-121417_346_live,Acknowledgement,Neutral,9,9
20180901-121932_143_live,Greeting / Rapport,Neutral,0,0
20180901-121932_143_live,Greeting / Rapport,Neutral,1,1
20180901-121932_143_live,Qualification / Segmentation,Neutral,2,2
20180901-121932_143_live,Non-persuasive Other,Neutral,3,3
20180901-121932_143_live,Empathy Appeal,Neutral,4,4
20180901-121932_143_live,Qualification / Segmentation,Neutral,5,5
20180901-121932_143_live,Commitment and Consistency,Not Interested,7,7
20180901-121932_143_live,Framing,Neutral,8,8
20180901-121932_143_live,Commitment and Consistency,Interested,9,9
20180901-121932_143_live,Foot-in-the-door,Interested,10,10
20180901-121932_143_live,Reciprocity,Interested,11,11
20180901-125341_302_live,Greeting / Rapport,Neutral,0,0
20180901-125341_302_live,Qualification / Segmentation,Neutral,1,1
20180901-125341_302_live,Greeting / Rapport,Neutral,2,2
20180901-125341_302_live,Greeting / Rapport,Neutral,3,3
20180901-125341_302_live,Call to Action,Interested,4,4
20180901-125341_302_live,Storytelling,Neutral,6,6
20180901-125341_302_live,Credibility Appeal,Interested,7,7
20180901-125341_302_live,Call to Action,Interested,8,8
20180901-125341_302_live,Commitment and Consistency,Interested,9,9
20180901-125737_539_live,Greeting / Rapport,Neutral,0,0
20180901-125737_539_live,Greeting / Rapport,Neutral,1,1
20180901-125737_539_live,Charity Awareness Probe,Neutral,2,2
20180901-125737_539_live,Storytelling,Neutral,3,3
20180901-125737_539_live,Storytelling,Neutral,4,4
20180901-125737_539_live,Rational Appeal,Interested,6,6
20180901-125737_539_live,Credibility Appeal,Neutral,7,7
20180901-125737_539_live,Framing,Neutral,8,8
20180901-125737_539_live,Acknowledgement,Neutral,9,9
20180901-125737_539_live,Donation Baseline / Habit Probe,Interested,10,10
20180901-142346_317_live,Greeting / Rapport,Neutral,0,0
20180901-142346_317_live,Acknowledgement,Neutral,1,1
20180901-142346_317_live,Charity Awareness Probe,Interested,2,2
20180901-142346_317_live,Commitment and Consistency,Neutral,3,3
20180901-142346_317_live,Logistics / Coordination,Neutral,5,5
20180901-142346_317_live,Acknowledgement,Neutral,6,6
20180901-142346_317_live,Acknowledgement,Neutral,7,7
20180901-142346_317_live,Permission / Time Check,Neutral,8,8
20180901-142346_317_live,Logistics / Coordination,Neutral,9,9
20180901-152528_222_live,Greeting / Rapport,Not Interested,0,0
20180901-152528_222_live,Charity Awareness Probe,Neutral,1,1
20180901-152528_222_live,Non-persuasive Other,Neutral,2,2
20180901-152528_222_live,Rational Appeal,Interested,3,3
20180901-152528_222_live,Unity,Interested,4,4
20180901-152528_222_live,Framing,Neutral,6,6
20180901-152528_222_live,Acknowledgement,Neutral,7,7
20180901-152528_222_live,Non-persuasive Other,Neutral,8,8
20180901-152528_222_live,Call to Action,Interested,9,9
20180901-152528_222_live,Acknowledgement,Not Interested,10,10
20180901-154211_517_live,Greeting / Rapport,Neutral,0,0
20180901-154211_517_live,Donation Baseline / Habit Probe,Neutral,1,1
20180901-154211_517_live,Non-persuasive Other,Neutral,2,2
20180901-154211_517_live,Empathy Appeal,Neutral,3,3
20180901-154211_517_live,Fear Appeal,Neutral,5,5
20180901-154211_517_live,Rational Appeal,Neutral,6,6
20180901-154211_517_live,Call to Action,Neutral,7,7
20180901-154211_517_live,Guilt Induction,Neutral,8,8
20180901-154211_517_live,Call to Action,Neutral,9,9
20180901-160047_444_live,Greeting / Rapport,Neutral,0,0
20180901-160047_444_live,Greeting / Rapport,Neutral,1,1
20180901-160047_444_live,Charity Awareness Probe,Neutral,2,2
20180901-160047_444_live,Non-persuasive Other,Neutral,3,3
20180901-160047_444_live,Moral Appeal,Neutral,4,4
20180901-160047_444_live,Appeal to Values,Neutral,6,6
20180901-160047_444_live,Logistics / Coordination,Neutral,7,7
20180901-160047_444_live,Framing,Neutral,8,8
20180901-160047_444_live,Empathy Appeal,Neutral,9,9
20180901-160047_444_live,Call to Action,Neutral,10,10
20180901-160047_444_live,Framing,Neutral,11,11
20180901-161656_635_live,Greeting / Rapport,Not Interested,0,0
20180901-161656_635_live,Charity Awareness Probe,Neutral,1,1
20180901-161656_635_live,Qualification / Segmentation,Neutral,2,2
20180901-161656_635_live,Credibility Appeal,Neutral,3,3
20180901-161656_635_live,Framing,Neutral,4,4
20180901-161656_635_live,Appeal to Values,Neutral,6,6
20180901-161656_635_live,Unity,Neutral,7,7
20180901-161656_635_live,Unity,Not Interested,8,8
20180901-161656_635_live,Acknowledgement,Neutral,9,9
20180901-164025_222_live,Greeting / Rapport,Neutral,0,0
20180901-164025_222_live,Non-persuasive Other,Neutral,1,1
20180901-164025_222_live,Storytelling,Neutral,2,2
20180901-164025_222_live,Framing,Interested,3,3
20180901-164025_222_live,Storytelling,Interested,4,4
20180901-164025_222_live,Framing,Interested,6,6
20180901-164025_222_live,Greeting / Rapport,Neutral,7,7
20180901-164025_222_live,Acknowledgement,Neutral,8,8
20180901-170812_961_live,Greeting / Rapport,Neutral,0,0
20180901-170812_961_live,Charity Awareness Probe,Neutral,1,1
20180901-170812_961_live,Moral Appeal,Neutral,2,2
20180901-170812_961_live,Rational Appeal,Neutral,3,3
20180901-170812_961_live,Charity Awareness Probe,Not Interested,4,4
20180901-170812_961_live,Framing,Not Interested,7,7
20180901-170812_961_live,Guilt Induction,Neutral,8,8
20180901-170812_961_live,Guilt Induction,Neutral,9,9
20180901-171431_849_live,Greeting / Rapport,Neutral,0,0
20180901-171431_849_live,Call to Action,Neutral,1,1
20180901-171431_849_live,Donation Baseline / Habit Probe,Neutral,2,2
20180901-171431_849_live,Donation Baseline / Habit Probe,Neutral,3,3
20180901-171431_849_live,Framing,Not Interested,5,5
20180901-171431_849_live,Charity Awareness Probe,Neutral,6,6
20180901-171431_849_live,Donation Baseline / Habit Probe,Neutral,7,7
20180901-171431_849_live,Charity Awareness Probe,Neutral,8,8
20180901-171431_849_live,Storytelling,Neutral,9,9
20180901-180119_88_live,Greeting / Rapport,Neutral,0,0
20180901-180119_88_live,Charity Awareness Probe,Interested,1,1
20180901-180119_88_live,Call to Action,Neutral,2,2
20180901-180119_88_live,Rational Appeal,Interested,3,3
20180901-180119_88_live,Acknowledgement,Neutral,5,5
20180901-180119_88_live,Door-in-the-face,Interested,6,6
20180901-180119_88_live,Donation Baseline / Habit Probe,Neutral,7,7
20180901-180119_88_live,Acknowledgement,Neutral,8,8
20180901-180119_88_live,Commitment and Consistency,Interested,9,9
20180901-180231_790_live,Greeting / Rapport,Neutral,0,0
20180901-180231_790_live,Non-persuasive Other,Neutral,1,1
20180901-180231_790_live,Rational Appeal,Neutral,2,2
20180901-180231_790_live,Credibility Appeal,Neutral,3,3
20180901-180231_790_live,Rational Appeal,Interested,5,5
20180901-180231_790_live,Acknowledgement,Neutral,6,6
20180901-180231_790_live,Rational Appeal,Neutral,7,7
20180901-180231_790_live,Framing,Neutral,8,8
20180901-180231_790_live,Conversation Closing,Neutral,9,9
20180901-180617_95_live,Greeting / Rapport,Neutral,0,0
20180901-180617_95_live,Greeting / Rapport,Neutral,1,1
20180901-180617_95_live,Charity Awareness Probe,Neutral,2,2
20180901-180617_95_live,Rational Appeal,Neutral,3,3
20180901-180617_95_live,Credibility Appeal,Neutral,4,4
20180901-180617_95_live,Call to Action,Interested,6,6
20180901-180617_95_live,Conversation Closing,Neutral,7,7
20180901-180617_95_live,Acknowledgement,Neutral,8,8
20180901-180617_95_live,Acknowledgement,Neutral,9,9
20180901-182115_809_live,Empathy Appeal,Neutral,0,0
20180901-182115_809_live,Moral Appeal,Neutral,1,1
20180901-182115_809_live,Donation Baseline / Habit Probe,Interested,2,2
20180901-182115_809_live,Appeal to Values,Neutral,3,3
20180901-182115_809_live,Rational Appeal,Neutral,5,5
20180901-182115_809_live,Non-persuasive Other,Interested,6,6
20180901-182115_809_live,Framing,Interested,7,7
20180901-182115_809_live,Reciprocity,Interested,8,8
20180901-182115_809_live,Acknowledgement,Interested,9,9
20180901-183912_261_live,Greeting / Rapport,Not Interested,0,0
20180901-183912_261_live,Non-persuasive Other,Not Interested,1,1
20180901-183912_261_live,Qualification / Segmentation,Not Interested,2,2
20180901-183912_261_live,Sympathy Appeal,Not Interested,4,4
20180901-183912_261_live,Greeting / Rapport,Not Interested,6,6
20180901-183912_261_live,Charity Awareness Probe,Not Interested,7,7
20180901-183912_261_live,Appeal to Values,Not Interested,8,8
20180901-183912_261_live,Rational Appeal,Interested,9,9
20180901-183912_261_live,Conversation Closing,Not Interested,10,10
20180901-190207_933_live,Greeting / Rapport,Neutral,0,0
20180901-190207_933_live,Charity Awareness Probe,Neutral,1,1
20180901-190207_933_live,Charity Awareness Probe,Neutral,2,2
20180901-190207_933_live,Rational Appeal,Neutral,3,3
20180901-190207_933_live,Moral Appeal,Not Interested,5,5
20180901-190207_933_live,Credibility Appeal,Neutral,6,6
20180901-190207_933_live,Framing,Neutral,7,7
20180901-190207_933_live,Framing,Neutral,8,8
20180901-190207_933_live,Reciprocity,Neutral,9,9
20180901-191816_441_live,Greeting / Rapport,Not Interested,0,0
20180901-191816_441_live,Non-persuasive Other,Neutral,1,1
20180901-191816_441_live,Appeal to Values,Neutral,2,2
20180901-191816_441_live,Framing,Interested,3,3
20180901-191816_441_live,Qualification / Segmentation,Interested,5,5
20180901-191816_441_live,Appeal to Values,Interested,6,6
20180901-191816_441_live,Moral Appeal,Interested,7,7
20180901-191816_441_live,Self-feeling Appeal,Neutral,8,8
20180901-191816_441_live,Moral Appeal,Interested,9,9
20180901-191837_893_live,Greeting / Rapport,Neutral,0,0
20180901-191837_893_live,Permission / Time Check,Neutral,1,1
20180901-191837_893_live,Acknowledgement,Neutral,2,2
20180901-191837_893_live,Framing,Interested,3,3
20180901-191837_893_live,Logistics / Coordination,Interested,5,5
20180901-191837_893_live,Rewarding Activity,Interested,6,6
20180901-191837_893_live,Appeal to Values,Neutral,7,7
20180901-191837_893_live,Rational Appeal,Neutral,8,8
20180901-191837_893_live,Rational Appeal,Interested,9,9
20180901-192142_112_live,Charity Awareness Probe,Interested,0,0
20180901-192142_112_live,Donation Baseline / Habit Probe,Interested,1,1
20180901-192142_112_live,Moral Appeal,Neutral,2,2
20180901-192142_112_live,Credibility Appeal,Neutral,3,3
20180901-192142_112_live,Empathy Appeal,Neutral,5,5
20180901-192142_112_live,Rational Appeal,Interested,6,6
20180901-192142_112_live,Acknowledgement,Neutral,7,7
20180901-192142_112_live,Logical Appeal,Interested,8,8
20180901-192142_112_live,Commitment and Consistency,Interested,9,9
20180901-200737_151_live,Greeting / Rapport,Neutral,0,0
20180901-200737_151_live,Call to Action,Interested,1,1
20180901-200737_151_live,Credibility Appeal,Interested,2,2
20180901-200737_151_live,Rational Appeal,Not Interested,3,3
20180901-200737_151_live,Storytelling,Interested,5,5
20180901-200737_151_live,Rational Appeal,Not Interested,6,6
20180901-200737_151_live,Rational Appeal,Not Interested,7,7
20180901-200737_151_live,Rational Appeal,Interested,8,8
20180901-200737_151_live,Framing,Not Interested,9,9
20180901-201717_518_live,Greeting / Rapport,Neutral,0,0
20180901-201717_518_live,Call to Action,Neutral,1,1
20180901-201717_518_live,Moral Appeal,Neutral,2,2
20180901-201717_518_live,Social Proof,Neutral,3,3
20180901-201717_518_live,Appeal to Values,Interested,4,4
20180901-201717_518_live,Non-persuasive Other,Interested,6,6
20180901-201717_518_live,Qualification / Segmentation,Neutral,7,7
20180901-201717_518_live,Greeting / Rapport,Neutral,8,8
20180901-201717_518_live,Greeting / Rapport,Neutral,9,9
20180901-201904_88_live,Greeting / Rapport,Neutral,0,0
20180901-201904_88_live,Charity Awareness Probe,Interested,1,1
20180901-201904_88_live,Non-persuasive Other,Neutral,2,2
20180901-201904_88_live,Non-persuasive Other,Neutral,3,3
20180901-201904_88_live,Moral Appeal,Neutral,5,5
20180901-201904_88_live,Call to Action,Interested,6,6
20180901-201904_88_live,Acknowledgement,Interested,7,7
20180901-201904_88_live,Acknowledgement,Interested,8,8
20180901-201904_88_live,Conversation Closing,Neutral,9,9
20180901-212528_32_live,Greeting / Rapport,Not Interested,0,0
20180901-212528_32_live,Unity,Neutral,1,1
20180901-212528_32_live,Non-persuasive Other,Not Interested,2,2
20180901-212528_32_live,Framing,Neutral,3,3
20180901-212528_32_live,Appeal to Values,Neutral,4,4
20180901-212528_32_live,Rational Appeal,Neutral,6,6
20180901-212528_32_live,Framing,Neutral,7,7
20180901-212528_32_live,Rational Appeal,Neutral,8,8
20180901-212528_32_live,Non-persuasive Other,Neutral,9,9
20180902-022448_481_live,Greeting / Rapport,Neutral,0,0
20180902-022448_481_live,Donation Baseline / Habit Probe,Neutral,1,1
20180902-022448_481_live,Donation Baseline / Habit Probe,Neutral,2,2
20180902-022448_481_live,Greeting / Rapport,Interested,3,3
20180902-022448_481_live,Charity Awareness Probe,Neutral,5,5
20180902-022448_481_live,Social Proof,Neutral,6,6
20180902-022448_481_live,Non-persuasive Other,Neutral,7,7
20180902-022448_481_live,Rational Appeal,Neutral,8,8
20180902-022448_481_live,Acknowledgement,Neutral,9,9
20180902-040108_507_live,Greeting / Rapport,Neutral,0,0
20180902-040108_507_live,Greeting / Rapport,Neutral,1,1
20180902-040108_507_live,Charity Awareness Probe,Neutral,2,2
20180902-040108_507_live,Moral Appeal,Neutral,3,3
20180902-040108_507_live,Rational Appeal,Neutral,4,4
20180902-040108_507_live,Framing,Neutral,6,6
20180902-040108_507_live,Logistics / Coordination,Neutral,7,7
20180902-040108_507_live,Rational Appeal,Neutral,8,8
20180902-040108_507_live,Call to Action,Interested,9,9
20180902-060425_57_live,Donation Baseline / Habit Probe,Neutral,0,0
20180902-060425_57_live,Charity Awareness Probe,Neutral,1,1
20180902-060425_57_live,Framing,Interested,2,2
20180902-060425_57_live,Non-persuasive Other,Neutral,3,3
20180902-060425_57_live,Empathy Appeal,Interested,5,5
20180902-060425_57_live,Credibility Appeal,Neutral,6,6
20180902-060425_57_live,Loss Aversion Appeal,Interested,7,7
20180902-060425_57_live,Logistics / Coordination,Neutral,8,8
20180902-060425_57_live,Acknowledgement,Neutral,9,9
20180902-061808_400_live,Greeting / Rapport,Interested,0,0
20180902-061808_400_live,Appeal to Values,Neutral,1,1
20180902-061808_400_live,Appeal to Values,Neutral,2,2
20180902-061808_400_live,Rational Appeal,Neutral,3,3
20180902-061808_400_live,Rational Appeal,Interested,5,5
20180902-061808_400_live,Logistics / Coordination,Interested,6,6
20180902-061808_400_live,Framing,Interested,7,7
20180902-061808_400_live,Conversation Closing,Neutral,8,8
20180902-061808_400_live,Conversation Closing,Neutral,9,9
20180902-065004_63_live,Greeting / Rapport,Neutral,0,0
20180902-065004_63_live,Greeting / Rapport,Neutral,1,1
20180902-065004_63_live,Charity Awareness Probe,Neutral,2,2
20180902-065004_63_live,Moral Appeal,Neutral,3,3
20180902-065004_63_live,Reciprocity,Interested,5,5
20180902-065004_63_live,Acknowledgement,Neutral,6,6
20180902-065004_63_live,Rational Appeal,Neutral,7,7
20180902-065004_63_live,Acknowledgement,Neutral,8,8
20180902-065004_63_live,Conversation Closing,Neutral,9,9
20180902-082304_216_live,Call to Action,Interested,0,0
20180902-082304_216_live,Acknowledgement,Neutral,1,1
20180902-082304_216_live,Acknowledgement,Neutral,2,2
20180902-082304_216_live,Greeting / Rapport,Neutral,3,3
20180902-082304_216_live,Acknowledgement,Neutral,5,5
20180902-082304_216_live,Acknowledgement,Neutral,6,6
20180902-082304_216_live,Acknowledgement,Neutral,7,7
20180902-082304_216_live,Acknowledgement,Neutral,8,8
20180902-082304_216_live,Acknowledgement,Neutral,9,9
20180902-082346_448_live,Greeting / Rapport,Neutral,0,0
20180902-082346_448_live,Permission / Time Check,Neutral,1,1
20180902-082346_448_live,Storytelling,Neutral,2,2
20180902-082346_448_live,Rational Appeal,Neutral,3,3
20180902-082346_448_live,Appeal to Values,Neutral,5,5
20180902-082346_448_live,Appeal to Values,Neutral,6,6
20180902-082346_448_live,Call to Action,Interested,7,7
20180902-082346_448_live,Rational Appeal,Interested,8,8
20180902-082346_448_live,Acknowledgement,Interested,9,9
20180902-084742_394_live,Charity Awareness Probe,Neutral,0,0
20180902-084742_394_live,Rational Appeal,Neutral,1,1
20180902-084742_394_live,Rational Appeal,Neutral,2,2
20180902-084742_394_live,Credibility Appeal,Neutral,3,3
20180902-084742_394_live,Empathy Appeal,Neutral,4,4
20180902-084742_394_live,Rational Appeal,Neutral,6,6
20180902-084742_394_live,Call to Action,Neutral,7,7
20180902-084742_394_live,Framing,Neutral,8,8
20180902-084742_394_live,Call to Action,Interested,9,9
20180902-150252_344_live,Greeting / Rapport,Neutral,0,0
20180902-150252_344_live,Charity Awareness Probe,Interested,1,1
20180902-150252_344_live,Greeting / Rapport,Neutral,2,2
20180902-150252_344_live,Storytelling,Neutral,3,3
20180902-150252_344_live,Activation of Personal Commitment,Interested,4,4
20180902-150252_344_live,Logistics / Coordination,Interested,6,6
20180902-150252_344_live,Rewarding Activity,Interested,7,7
20180902-150252_344_live,Acknowledgement,Neutral,8,8
20180902-150252_344_live,Acknowledgement,Neutral,9,9
20180902-150252_344_live,Conversation Closing,Interested,10,10
20180902-150252_344_live,Conversation Closing,Neutral,11,11
20180902-215344_542_live,Call to Action,Neutral,0,0
20180902-215344_542_live,Credibility Appeal,Neutral,1,1
20180902-215344_542_live,Credibility Appeal,Neutral,2,2
20180902-215344_542_live,Credibility Appeal,Neutral,3,3
20180902-215344_542_live,Rewarding Activity,Neutral,5,5
20180902-215344_542_live,Rational Appeal,Interested,6,6
20180902-215344_542_live,Emotional Appeal,Interested,7,7
20180902-215344_542_live,Commitment and Consistency,Neutral,8,8
20180902-215344_542_live,Conversation Closing,Neutral,9,9
20180902-215438_58_live,Greeting / Rapport,Neutral,0,0
20180902-215438_58_live,Greeting / Rapport,Neutral,1,1
20180902-215438_58_live,Donation Baseline / Habit Probe,Interested,2,2
20180902-215438_58_live,Charity Awareness Probe,Neutral,3,3
20180902-215438_58_live,Empathy Appeal,Neutral,4,4
20180902-215438_58_live,Call to Action,Interested,6,6
20180902-215438_58_live,Storytelling,Neutral,7,7
20180902-215438_58_live,Charity Awareness Probe,Neutral,8,8
20180902-215438_58_live,Non-persuasive Other,Neutral,9,9
20180902-215438_58_live,Rewarding Activity,Not Interested,10,10
20180902-215438_58_live,Conversation Closing,Neutral,11,11
20180902-220100_244_live,Greeting / Rapport,Not Interested,0,0
20180902-220100_244_live,Charity Awareness Probe,Neutral,1,1
20180902-220100_244_live,Rational Appeal,Neutral,2,2
20180902-220100_244_live,Framing,Interested,3,3
20180902-220100_244_live,Rational Appeal,Interested,4,4
20180902-220100_244_live,Self-feeling Appeal,Neutral,6,6
20180902-220100_244_live,Non-persuasive Other,Neutral,7,7
20180902-220100_244_live,Call to Action,Neutral,8,8
20180902-220100_244_live,Call to Action,Interested,9,9
20180902-220444_227_live,Greeting / Rapport,Neutral,0,0
20180902-220444_227_live,Charity Awareness Probe,Neutral,1,1
20180902-220444_227_live,Credibility Appeal,Neutral,2,2
20180902-220444_227_live,Moral Appeal,Neutral,3,3
20180902-220444_227_live,Moral Appeal,Interested,4,4
20180902-220444_227_live,Storytelling,Interested,6,6
20180902-220444_227_live,Call to Action,Interested,7,7
20180902-220444_227_live,Credibility Appeal,Interested,8,8
20180902-220444_227_live,Credibility Appeal,Interested,9,9
20180902-220705_493_live,Greeting / Rapport,Neutral,0,0
20180902-220705_493_live,Greeting / Rapport,Neutral,1,1
20180902-220705_493_live,Acknowledgement,Neutral,2,2
20180902-220705_493_live,Acknowledgement,Neutral,3,3
20180902-220705_493_live,Moral Appeal,Interested,5,5
20180902-220705_493_live,Acknowledgement,Neutral,6,6
20180902-220705_493_live,Conversation Closing,Neutral,7,7
20180902-220705_493_live,Conversation Closing,Neutral,8,8
20180902-220705_493_live,Conversation Closing,Neutral,9,9
20180902-221023_518_live,Charity Awareness Probe,Neutral,0,0
20180902-221023_518_live,Charity Awareness Probe,Neutral,1,1
20180902-221023_518_live,Empathy Appeal,Neutral,2,2
20180902-221023_518_live,Moral Appeal,Neutral,3,3
20180902-221023_518_live,Call to Action,Interested,6,6
20180902-221023_518_live,Foot-in-the-door,Interested,7,7
20180902-221023_518_live,Foot-in-the-door,Interested,8,8
20180902-221023_518_live,Moral Appeal,Neutral,9,9
20180902-222227_892_live,Greeting / Rapport,Neutral,0,0
20180902-222227_892_live,Charity Awareness Probe,Neutral,1,1
20180902-222227_892_live,Donation Baseline / Habit Probe,Neutral,2,2
20180902-222227_892_live,Rational Appeal,Neutral,3,3
20180902-222227_892_live,Rational Appeal,Neutral,4,4
20180902-222227_892_live,Empathy Appeal,Interested,6,6
20180902-222227_892_live,Framing,Interested,7,7
20180902-222227_892_live,Donation Baseline / Habit Probe,Interested,8,8
20180902-222227_892_live,Donation Baseline / Habit Probe,Interested,9,9
20180902-222227_892_live,Conversation Closing,Neutral,10,10
20180902-222301_80_live,Greeting / Rapport,Neutral,0,0
20180902-222301_80_live,Charity Awareness Probe,Neutral,1,1
20180902-222301_80_live,Donation Baseline / Habit Probe,Interested,2,2
20180902-222301_80_live,Charity Awareness Probe,Interested,3,3
20180902-222301_80_live,Rational Appeal,Neutral,5,5
20180902-222301_80_live,Appeal to Values,Neutral,6,6
20180902-222301_80_live,Rational Appeal,Interested,7,7
20180902-222301_80_live,Credibility Appeal,Interested,8,8
20180902-222301_80_live,Framing,Neutral,9,9
20180902-222414_572_live,Greeting / Rapport,Neutral,0,0
20180902-222414_572_live,Greeting / Rapport,Neutral,1,1
20180902-222414_572_live,Donation Baseline / Habit Probe,Neutral,2,2
20180902-222414_572_live,Charity Awareness Probe,Neutral,3,3
20180902-222414_572_live,Credibility Appeal,Neutral,4,4
20180902-222414_572_live,Social Proof,Neutral,6,6
20180902-222414_572_live,Rational Appeal,Neutral,7,7
20180902-222414_572_live,Call to Action,Interested,8,8
20180902-222414_572_live,Commitment and Consistency,Interested,9,9
20180902-222747_770_live,Greeting / Rapport,Neutral,0,0
20180902-222747_770_live,Permission / Time Check,Neutral,1,1
20180902-222747_770_live,Charity Awareness Probe,Neutral,2,2
20180902-222747_770_live,Credibility Appeal,Neutral,3,3
20180902-222747_770_live,Credibility Appeal,Interested,5,5
20180902-222747_770_live,Framing,Interested,6,6
20180902-222747_770_live,Framing,Interested,7,7
20180902-222747_770_live,Framing,Interested,8,8
20180902-222747_770_live,Acknowledgement,Neutral,9,9
20180902-222850_306_live,Charity Awareness Probe,Neutral,0,0
20180902-222850_306_live,Non-persuasive Other,Neutral,1,1
20180902-222850_306_live,Storytelling,Interested,2,2
20180902-222850_306_live,Credibility Appeal,Neutral,3,3
20180902-222850_306_live,Social Proof,Interested,5,5
20180902-222850_306_live,Acknowledgement,Interested,6,6
20180902-222850_306_live,Self-feeling Appeal,Neutral,7,7
20180902-222850_306_live,Non-persuasive Other,Neutral,8,8
20180902-222850_306_live,Conversation Closing,Neutral,9,9
20180902-223320_635_live,Greeting / Rapport,Neutral,0,0
20180902-223320_635_live,Call to Action,Neutral,1,1
20180902-223320_635_live,Reciprocity,Not Interested,2,2
20180902-223320_635_live,Sympathy Appeal,Not Interested,3,3
20180902-223320_635_live,Moral Appeal,Interested,4,4
20180902-223320_635_live,Acknowledgement,Neutral,6,6
20180902-223320_635_live,Greeting / Rapport,Neutral,7,7
20180902-223320_635_live,Non-persuasive Other,Neutral,8,8
20180902-223320_635_live,Non-persuasive Other,Neutral,9,9
20180902-223320_635_live,Acknowledgement,Neutral,10,10
20180902-224713_959_live,Charity Awareness Probe,Interested,0,0
20180902-224713_959_live,Moral Appeal,Neutral,1,1
20180902-224713_959_live,Charity Awareness Probe,Neutral,2,2
20180902-224713_959_live,Rational Appeal,Neutral,3,3
20180902-224713_959_live,Emotional Appeal,Neutral,5,5
20180902-224713_959_live,Unity,Neutral,6,6
20180902-224713_959_live,Call to Action,Interested,7,7
20180902-224713_959_live,Appeal to Values,Neutral,8,8
20180902-225626_63_live,Greeting / Rapport,Neutral,0,0
20180902-225626_63_live,Charity Awareness Probe,Neutral,1,1
20180902-225626_63_live,Donation Baseline / Habit Probe,Interested,2,2
20180902-225626_63_live,Commitment and Consistency,Interested,3,3
20180902-225626_63_live,Commitment and Consistency,Interested,4,4
20180902-225626_63_live,Logistics / Coordination,Interested,6,6
20180902-225626_63_live,Call to Action,Neutral,7,7
20180902-225626_63_live,Call to Action,Interested,8,8
20180902-225626_63_live,Acknowledgement,Neutral,9,9
20180902-225626_63_live,Conversation Closing,Neutral,10,10
20180902-230004_696_live,Greeting / Rapport,Neutral,0,0
20180902-230004_696_live,Charity Awareness Probe,Neutral,1,1
20180902-230004_696_live,Qualification / Segmentation,Interested,2,2
20180902-230004_696_live,Charity Awareness Probe,Interested,3,3
20180902-230004_696_live,Charity Awareness Probe,Interested,4,4
20180902-230004_696_live,Donation Baseline / Habit Probe,Neutral,6,6
20180902-230004_696_live,Framing,Neutral,7,7
20180902-230004_696_live,Rational Appeal,Interested,8,8
20180902-230004_696_live,Framing,Interested,9,9
20180902-230734_103_live,Charity Awareness Probe,Neutral,0,0
20180902-230734_103_live,Empathy Appeal,Neutral,1,1
20180902-230734_103_live,Rational Appeal,Neutral,2,2
20180902-230734_103_live,Rational Appeal,Neutral,3,3
20180902-230734_103_live,Non-persuasive Other,Neutral,4,4
20180902-230734_103_live,Social Proof,Neutral,6,6
20180902-230734_103_live,Rewarding Activity,Neutral,7,7
20180902-230734_103_live,Rewarding Activity,Neutral,8,8
20180902-230734_103_live,Appeal to Values,Interested,9,9
20180902-230734_103_live,Acknowledgement,Neutral,10,10
20180902-230929_507_live,Permission / Time Check,Neutral,0,0
20180902-230929_507_live,Framing,Interested,1,1
20180902-230929_507_live,Appeal to Values,Neutral,2,2
20180902-230929_507_live,Framing,Neutral,3,3
20180902-230929_507_live,Framing,Interested,5,5
20180902-230929_507_live,Acknowledgement,Neutral,6,6
20180902-230929_507_live,Framing,Interested,7,7
20180902-230929_507_live,Logistics / Coordination,Interested,8,8
20180902-230929_507_live,Empathy Appeal,Neutral,9,9
20180902-231056_734_live,Greeting / Rapport,Neutral,0,0
20180902-231056_734_live,Greeting / Rapport,Neutral,1,1
20180902-231056_734_live,Donation Baseline / Habit Probe,Not Interested,2,2
20180902-231056_734_live,Qualification / Segmentation,Neutral,3,3
20180902-231056_734_live,Moral Appeal,Neutral,5,5
20180902-231056_734_live,Rational Appeal,Neutral,6,6
20180902-231056_734_live,Reciprocity,Neutral,7,7
20180902-231056_734_live,Reciprocity,Neutral,8,8
20180902-231056_734_live,Pre-giving,Interested,9,9
20180902-231121_694_live,Greeting / Rapport,Neutral,0,0
20180902-231121_694_live,Charity Awareness Probe,Neutral,1,1
20180902-231121_694_live,Non-persuasive Other,Neutral,2,2
20180902-231121_694_live,Moral Appeal,Neutral,3,3
20180902-231121_694_live,Credibility Appeal,Neutral,5,5
20180902-231121_694_live,Framing,Interested,6,6
20180902-231121_694_live,Moral Appeal,Interested,7,7
20180902-231121_694_live,Activation of Personal Commitment,Neutral,8,8
20180902-231121_694_live,Conversation Closing,Neutral,9,9
20180903-000031_632_live,Greeting / Rapport,Neutral,0,0
20180903-000031_632_live,Charity Awareness Probe,Neutral,1,1
20180903-000031_632_live,Donation Baseline / Habit Probe,Neutral,2,2
20180903-000031_632_live,Donation Baseline / Habit Probe,Neutral,3,3
20180903-000031_632_live,Credibility Appeal,Interested,5,5
20180903-000031_632_live,Logistics / Coordination,Interested,6,6
20180903-000031_632_live,Acknowledgement,Interested,7,7
20180903-000031_632_live,Logistics / Coordination,Neutral,8,8
20180903-000031_632_live,Acknowledgement,Neutral,9,9
20180903-004112_585_live,Call to Action,Neutral,0,0
20180903-004112_585_live,Acknowledgement,Neutral,1,1
20180903-004112_585_live,Non-persuasive Other,Neutral,2,2
20180903-004112_585_live,Moral Appeal,Neutral,3,3
20180903-004112_585_live,Rational Appeal,Neutral,5,5
20180903-004112_585_live,Acknowledgement,Neutral,6,6
20180903-004112_585_live,Non-persuasive Other,Neutral,7,7
20180903-004112_585_live,Rational Appeal,Neutral,8,8
20180903-004112_585_live,Credibility Appeal,Neutral,9,9
20180903-005045_964_live,Greeting / Rapport,Neutral,0,0
20180903-005045_964_live,Permission / Time Check,Neutral,1,1
20180903-005045_964_live,Charity Awareness Probe,Neutral,2,2
20180903-005045_964_live,Storytelling,Neutral,3,3
20180903-005045_964_live,Rational Appeal,Interested,4,4
20180903-005045_964_live,Guilt Induction,Interested,6,6
20180903-005045_964_live,Storytelling,Interested,7,7
20180903-005045_964_live,Acknowledgement,Neutral,8,8
20180903-005045_964_live,Acknowledgement,Interested,9,9
20180903-011326_133_live,Greeting / Rapport,Not Interested,0,0
20180903-011326_133_live,Reciprocity,Interested,1,1
20180903-011326_133_live,Acknowledgement,Neutral,2,2
20180903-011326_133_live,Acknowledgement,Neutral,3,3
20180903-011326_133_live,Rational Appeal,Interested,4,4
20180903-011326_133_live,Donation Baseline / Habit Probe,Interested,6,6
20180903-011326_133_live,Self-feeling Appeal,Interested,7,7
20180903-011326_133_live,Greeting / Rapport,Neutral,8,8
20180903-011326_133_live,Moral Appeal,Interested,9,9
20180903-021912_147_live,Greeting / Rapport,Neutral,0,0
20180903-021912_147_live,Qualification / Segmentation,Neutral,1,1
20180903-021912_147_live,Empathy Appeal,Neutral,2,2
20180903-021912_147_live,Rational Appeal,Neutral,3,3
20180903-021912_147_live,Guilt Induction,Neutral,5,5
20180903-021912_147_live,Framing,Interested,6,6
20180903-021912_147_live,Call to Action,Neutral,7,7
20180903-021912_147_live,Framing,Interested,8,8
20180903-021912_147_live,Logistics / Coordination,Interested,9,9
20180903-042430_763_live,Greeting / Rapport,Neutral,0,0
20180903-042430_763_live,Donation Baseline / Habit Probe,Interested,1,1
20180903-042430_763_live,Donation Baseline / Habit Probe,Interested,2,2
20180903-042430_763_live,Charity Awareness Probe,Neutral,3,3
20180903-042430_763_live,Credibility Appeal,Neutral,5,5
20180903-042430_763_live,Logical Appeal,Neutral,6,6
20180903-042430_763_live,Rational Appeal,Neutral,7,7
20180903-042430_763_live,Framing,Interested,8,8
20180903-042430_763_live,Acknowledgement,Neutral,9,9
20180903-042451_245_live,Greeting / Rapport,Not Interested,0,0
20180903-042451_245_live,Greeting / Rapport,Not Interested,1,1
20180903-042451_245_live,Charity Awareness Probe,Not Interested,2,2
20180903-042451_245_live,Greeting / Rapport,Interested,3,3
20180903-042451_245_live,Rational Appeal,Not Interested,6,6
20180903-042451_245_live,Pre-giving,Interested,7,7
20180903-042451_245_live,Rational Appeal,Interested,8,8
20180903-042451_245_live,Moral Appeal,Not Interested,9,9
20180903-044446_477_live,Greeting / Rapport,Neutral,0,0
20180903-044446_477_live,Moral Appeal,Neutral,1,1
20180903-044446_477_live,Call to Action,Interested,2,2
20180903-044446_477_live,Unity,Neutral,3,3
20180903-044446_477_live,Empathy Appeal,Neutral,4,4
20180903-044446_477_live,Moral Appeal,Interested,6,6
20180903-044446_477_live,Framing,Interested,7,7
20180903-044446_477_live,Self-feeling Appeal,Interested,8,8
20180903-044446_477_live,Appeal to Values,Interested,9,9
20180903-053722_705_live,Greeting / Rapport,Neutral,0,0
20180903-053722_705_live,Acknowledgement,Neutral,1,1
20180903-053722_705_live,Charity Awareness Probe,Neutral,2,2
20180903-053722_705_live,Donation Baseline / Habit Probe,Interested,3,3
20180903-053722_705_live,Call to Action,Neutral,5,5
20180903-053722_705_live,Pre-giving,Interested,6,6
20180903-053722_705_live,Commitment and Consistency,Neutral,7,7
20180903-053722_705_live,Activation of Personal Commitment,Neutral,8,8
20180903-053722_705_live,Foot-in-the-door,Interested,9,9
20180903-062509_807_live,Greeting / Rapport,Neutral,0,0
20180903-062509_807_live,Donation Baseline / Habit Probe,Interested,1,1
20180903-062509_807_live,Charity Awareness Probe,Neutral,2,2
20180903-062509_807_live,Appeal to Values,Neutral,3,3
20180903-062509_807_live,Moral Appeal,Neutral,5,5
20180903-062509_807_live,Moral Appeal,Interested,6,6
20180903-062509_807_live,Framing,Interested,7,7
20180903-062509_807_live,Credibility Appeal,Neutral,8,8
20180903-062509_807_live,Credibility Appeal,Neutral,9,9
20180903-063835_981_live,Charity Awareness Probe,Neutral,0,0
20180903-063835_981_live,Call to Action,Neutral,1,1
20180903-063835_981_live,Guilt Induction,Neutral,2,2
20180903-063835_981_live,Credibility Appeal,Neutral,3,3
20180903-063835_981_live,Credibility Appeal,Neutral,5,5
20180903-063835_981_live,Rational Appeal,Neutral,6,6
20180903-063835_981_live,Credibility Appeal,Not Interested,7,7
20180903-063835_981_live,Guilt Induction,Not Interested,8,8
20180903-063835_981_live,Acknowledgement,Neutral,9,9
20180903-065008_728_live,Greeting / Rapport,Not Interested,0,0
20180903-065008_728_live,Greeting / Rapport,Neutral,1,1
20180903-065008_728_live,Charity Awareness Probe,Neutral,2,2
20180903-065008_728_live,Authority,Neutral,3,3
20180903-065008_728_live,Credibility Appeal,Neutral,4,4
20180903-065008_728_live,Donation Baseline / Habit Probe,Not Interested,6,6
20180903-065008_728_live,Donation Baseline / Habit Probe,Neutral,7,7
20180903-065008_728_live,Loss Aversion Appeal,Not Interested,8,8
20180903-065008_728_live,Guilt Induction,Interested,9,9
20180903-070317_375_live,Donation Baseline / Habit Probe,Neutral,0,0
20180903-070317_375_live,Donation Baseline / Habit Probe,Neutral,1,1
20180903-070317_375_live,Call to Action,Neutral,2,2
20180903-070317_375_live,Charity Awareness Probe,Neutral,3,3
20180903-070317_375_live,Rational Appeal,Neutral,5,5
20180903-070317_375_live,Rational Appeal,Neutral,6,6
20180903-070317_375_live,Rational Appeal,Neutral,7,7
20180903-070317_375_live,Guilt Induction,Interested,8,8
20180903-070317_375_live,Credibility Appeal,Interested,9,9
20180903-071928_910_live,Donation Baseline / Habit Probe,Not Interested,0,0
20180903-071928_910_live,Charity Awareness Probe,Neutral,1,1
20180903-071928_910_live,Moral Appeal,Neutral,2,2
20180903-071928_910_live,Rational Appeal,Neutral,3,3
20180903-071928_910_live,Rational Appeal,Neutral,5,5
20180903-071928_910_live,Emotional Appeal,Interested,6,6
20180903-071928_910_live,Door-in-the-face,Interested,7,7
20180903-071928_910_live,Acknowledgement,Neutral,8,8
20180903-071928_910_live,Acknowledgement,Interested,9,9
20180903-073450_337_live,Charity Awareness Probe,Neutral,0,0
20180903-073450_337_live,Activation of Personal Commitment,Not Interested,1,1
20180903-073450_337_live,Moral Appeal,Not Interested,2,2
20180903-073450_337_live,Donation Baseline / Habit Probe,Not Interested,3,3
20180903-073450_337_live,Commitment and Consistency,Not Interested,5,5
20180903-073450_337_live,Credibility Appeal,Not Interested,6,6
20180903-073450_337_live,Commitment and Consistency,Not Interested,7,7
20180903-073450_337_live,Credibility Appeal,Not Interested,8,8
20180903-073450_337_live,Threat,Not Interested,9,9
20180903-074043_932_live,Greeting / Rapport,Not Interested,0,0
20180903-074043_932_live,Donation Baseline / Habit Probe,Interested,1,1
20180903-074043_932_live,Charity Awareness Probe,Neutral,2,2
20180903-074043_932_live,Rational Appeal,Neutral,3,3
20180903-074043_932_live,Moral Appeal,Not Interested,5,5
20180903-074043_932_live,Commitment and Consistency,Not Interested,6,6
20180903-074043_932_live,Non-persuasive Other,Neutral,7,7
20180903-074043_932_live,Guilt Induction,Not Interested,8,8
20180903-074043_932_live,Empathy Appeal,Not Interested,9,9
20180903-075401_529_live,Greeting / Rapport,Neutral,0,0
20180903-075401_529_live,Greeting / Rapport,Neutral,1,1
20180903-075401_529_live,Greeting / Rapport,Neutral,2,2
20180903-075401_529_live,Charity Awareness Probe,Neutral,3,3
20180903-075401_529_live,Permission / Time Check,Neutral,5,5
20180903-075401_529_live,Appeal to Values,Not Interested,6,6
20180903-075401_529_live,Logical Appeal,Not Interested,7,7
20180903-075401_529_live,Conversation Closing,Neutral,8,8
20180903-075401_529_live,Acknowledgement,Neutral,9,9
20180903-080857_582_live,Charity Awareness Probe,Neutral,0,0
20180903-080857_582_live,Rational Appeal,Interested,1,1
20180903-080857_582_live,Framing,Interested,2,2
20180903-080857_582_live,Acknowledgement,Neutral,3,3
20180903-080857_582_live,Acknowledgement,Interested,5,5
20180903-080857_582_live,Commitment and Consistency,Neutral,6,6
20180903-080857_582_live,Social Proof,Neutral,7,7
20180903-080857_582_live,Acknowledgement,Neutral,8,8
20180903-080857_582_live,Appeal to Values,Neutral,9,9
20180903-081910_674_live,Charity Awareness Probe,Neutral,0,0
20180903-081910_674_live,Charity Awareness Probe,Neutral,1,1
20180903-081910_674_live,Non-persuasive Other,Neutral,2,2
20180903-081910_674_live,Appeal to Values,Neutral,3,3
20180903-081910_674_live,Rational Appeal,Neutral,4,4
20180903-081910_674_live,Donation Baseline / Habit Probe,Interested,6,6
20180903-081910_674_live,Framing,Neutral,7,7
20180903-081910_674_live,Framing,Neutral,8,8
20180903-081910_674_live,Call to Action,Interested,9,9
20180903-081910_674_live,Rewarding Activity,Neutral,10,10
20180903-082331_337_live,Greeting / Rapport,Neutral,0,0
20180903-082331_337_live,Greeting / Rapport,Neutral,1,1
20180903-082331_337_live,Acknowledgement,Neutral,2,2
20180903-082331_337_live,Acknowledgement,Neutral,3,3
20180903-082331_337_live,Charity Awareness Probe,Neutral,5,5
20180903-082331_337_live,Charity Awareness Probe,Neutral,6,6
20180903-082331_337_live,Appeal to Values,Neutral,7,7
20180903-082331_337_live,Qualification / Segmentation,Neutral,8,8
20180903-082331_337_live,Greeting / Rapport,Interested,9,9
20180903-082916_59_live,Greeting / Rapport,Neutral,0,0
20180903-082916_59_live,Charity Awareness Probe,Neutral,1,1
20180903-082916_59_live,Permission / Time Check,Neutral,2,2
20180903-082916_59_live,Rational Appeal,Neutral,3,3
20180903-082916_59_live,Call to Action,Not Interested,5,5
20180903-082916_59_live,Framing,Not Interested,6,6
20180903-082916_59_live,Acknowledgement,Neutral,7,7
20180903-082916_59_live,Appeal to Values,Neutral,8,8
20180903-082916_59_live,Appeal to Values,Neutral,9,9
20180903-084303_89_live,Greeting / Rapport,Not Interested,0,0
20180903-084303_89_live,Non-persuasive Other,Not Interested,1,1
20180903-084303_89_live,Charity Awareness Probe,Interested,2,2
20180903-084303_89_live,Non-persuasive Other,Neutral,3,3
20180903-084303_89_live,Qualification / Segmentation,Neutral,5,5
20180903-084303_89_live,Acknowledgement,Not Interested,6,6
20180903-084303_89_live,Greeting / Rapport,Not Interested,7,7
20180903-084303_89_live,Non-persuasive Other,Not Interested,8,8
20180903-084303_89_live,Acknowledgement,Not Interested,9,9
20180903-084513_458_live,Greeting / Rapport,Neutral,0,0
20180903-084513_458_live,Charity Awareness Probe,Neutral,1,1
20180903-084513_458_live,Charity Awareness Probe,Neutral,2,2
20180903-084513_458_live,Credibility Appeal,Neutral,3,3
20180903-084513_458_live,Rational Appeal,Neutral,5,5
20180903-084513_458_live,Qualification / Segmentation,Neutral,6,6
20180903-084513_458_live,Reciprocity,Interested,7,7
20180903-084513_458_live,Acknowledgement,Interested,8,8
20180903-084513_458_live,Credibility Appeal,Neutral,9,9
20180903-084857_434_live,Greeting / Rapport,Not Interested,0,0
20180903-084857_434_live,Greeting / Rapport,Not Interested,1,1
20180903-084857_434_live,Appeal to Values,Not Interested,2,2
20180903-084857_434_live,Empathy Appeal,Not Interested,3,3
20180903-084857_434_live,Self-feeling Appeal,Neutral,4,4
20180903-084857_434_live,Acknowledgement,Not Interested,6,6
20180903-084857_434_live,Conversation Closing,Not Interested,8,8
20180903-084857_434_live,Conversation Closing,Not Interested,9,9
20180903-092132_700_live,Appeal to Values,Neutral,0,0
20180903-092132_700_live,Appeal to Values,Neutral,1,1
20180903-092132_700_live,Credibility Appeal,Neutral,2,2
20180903-092132_700_live,Credibility Appeal,Neutral,3,3
20180903-092132_700_live,Credibility Appeal,Neutral,5,5
20180903-092132_700_live,Moral Appeal,Not Interested,6,6
20180903-092132_700_live,Empathy Appeal,Not Interested,7,7
20180903-092132_700_live,Emotional Appeal,Not Interested,8,8
20180903-092132_700_live,Fear Appeal,Not Interested,9,9
20180903-092419_214_live,Appeal to Values,Interested,0,0
20180903-092419_214_live,Appeal to Values,Neutral,1,1
20180903-092419_214_live,Charity Awareness Probe,Neutral,2,2
20180903-092419_214_live,Emotional Appeal,Neutral,3,3
20180903-092419_214_live,Credibility Appeal,Neutral,4,4
20180903-092419_214_live,Rational Appeal,Neutral,6,6
20180903-092419_214_live,Framing,Neutral,7,7
20180903-092419_214_live,Rational Appeal,Neutral,8,8
20180903-092419_214_live,Foot-in-the-door,Interested,9,9
20180903-092419_214_live,Acknowledgement,Interested,10,10
20180903-092432_430_live,Greeting / Rapport,Neutral,0,0
20180903-092432_430_live,Greeting / Rapport,Neutral,1,1
20180903-092432_430_live,Call to Action,Neutral,2,2
20180903-092432_430_live,Credibility Appeal,Neutral,3,3
20180903-092432_430_live,Credibility Appeal,Neutral,5,5
20180903-092432_430_live,Credibility Appeal,Interested,6,6
20180903-092432_430_live,Call to Action,Interested,7,7
20180903-092432_430_live,Framing,Interested,8,8
20180903-092432_430_live,Acknowledgement,Neutral,9,9
20180903-092915_966_live,Call to Action,Neutral,0,0
20180903-092915_966_live,Rational Appeal,Interested,1,1
20180903-092915_966_live,Acknowledgement,Neutral,2,2
20180903-092915_966_live,Rational Appeal,Neutral,3,3
20180903-092915_966_live,Social Proof,Neutral,5,5
20180903-092915_966_live,Credibility Appeal,Neutral,6,6
20180903-092915_966_live,Rational Appeal,Neutral,7,7
20180903-092915_966_live,Call to Action,Interested,8,8
20180903-092915_966_live,Conversation Closing,Neutral,9,9
20180903-093512_147_live,Greeting / Rapport,Not Interested,0,0
20180903-093512_147_live,Greeting / Rapport,Neutral,1,1
20180903-093512_147_live,Non-persuasive Other,Neutral,2,2
20180903-093512_147_live,Greeting / Rapport,Neutral,3,3
20180903-093512_147_live,Acknowledgement,Neutral,5,5
20180903-093512_147_live,Appeal to Values,Neutral,6,6
20180903-093512_147_live,Rational Appeal,Neutral,7,7
20180903-093512_147_live,Storytelling,Neutral,8,8
20180903-093512_147_live,Framing,Interested,9,9
20180903-094154_600_live,Charity Awareness Probe,Neutral,0,0
20180903-094154_600_live,Charity Awareness Probe,Neutral,1,1
20180903-094154_600_live,Call to Action,Neutral,2,2
20180903-094154_600_live,Credibility Appeal,Neutral,3,3
20180903-094154_600_live,Rational Appeal,Not Interested,4,4
20180903-094154_600_live,Framing,Neutral,6,6
20180903-094154_600_live,Call to Action,Not Interested,7,7
20180903-094154_600_live,Acknowledgement,Not Interested,8,8
20180903-094154_600_live,Acknowledgement,Neutral,10,10
20180903-094216_793_live,Greeting / Rapport,Neutral,0,0
20180903-094216_793_live,Greeting / Rapport,Neutral,1,1
20180903-094216_793_live,Charity Awareness Probe,Interested,2,2
20180903-094216_793_live,Charity Awareness Probe,Interested,3,3
20180903-094216_793_live,Framing,Interested,5,5
20180903-094216_793_live,Emotional Appeal,Interested,6,6
20180903-094216_793_live,Moral Appeal,Interested,7,7
20180903-094216_793_live,Credibility Appeal,Interested,8,8
20180903-094216_793_live,Acknowledgement,Neutral,9,9
20180903-094545_472_live,Greeting / Rapport,Neutral,0,0
20180903-094545_472_live,Non-persuasive Other,Neutral,1,1
20180903-094545_472_live,Empathy Appeal,Neutral,2,2
20180903-094545_472_live,Non-persuasive Other,Neutral,3,3
20180903-094545_472_live,Framing,Neutral,4,4
20180903-094545_472_live,Fear Appeal,Neutral,6,6
20180903-094545_472_live,Moral Appeal,Neutral,7,7
20180903-094545_472_live,Credibility Appeal,Neutral,8,8
20180903-094545_472_live,Call to Action,Neutral,9,9
20180903-094620_889_live,Charity Awareness Probe,Neutral,0,0
20180903-094620_889_live,Call to Action,Interested,1,1
20180903-094620_889_live,Framing,Neutral,2,2
20180903-094620_889_live,Moral Appeal,Interested,3,3
20180903-094620_889_live,Social Proof,Interested,5,5
20180903-094620_889_live,Credibility Appeal,Neutral,6,6
20180903-094620_889_live,Moral Appeal,Neutral,7,7
20180903-094620_889_live,Conversation Closing,Neutral,8,8
20180903-094620_889_live,Acknowledgement,Neutral,9,9
20180903-094939_651_live,Greeting / Rapport,Neutral,0,0
20180903-094939_651_live,Greeting / Rapport,Neutral,1,1
20180903-094939_651_live,Donation Baseline / Habit Probe,Interested,2,2
20180903-094939_651_live,Donation Baseline / Habit Probe,Interested,3,3
20180903-094939_651_live,Moral Appeal,Interested,4,4
20180903-094939_651_live,Storytelling,Neutral,6,6
20180903-094939_651_live,Social Proof,Interested,7,7
20180903-094939_651_live,Social Proof,Neutral,8,8
20180903-094939_651_live,Social Proof,Neutral,9,9
20180903-094939_651_live,Conversation Closing,Neutral,10,10
20180903-095231_898_live,Charity Awareness Probe,Neutral,0,0
20180903-095231_898_live,Appeal to Values,Interested,1,1
20180903-095231_898_live,Guilt Induction,Interested,2,2
20180903-095231_898_live,Moral Appeal,Interested,3,3
20180903-095231_898_live,Framing,Interested,5,5
20180903-095231_898_live,Guilt Induction,Interested,6,6
20180903-095231_898_live,Logical Appeal,Neutral,7,7
20180903-095231_898_live,Aversive Stimulation,Neutral,8,8
20180903-095231_898_live,Non-persuasive Other,Interested,9,9
20180903-102417_844_live,Greeting / Rapport,Neutral,0,0
20180903-102417_844_live,Charity Awareness Probe,Neutral,1,1
20180903-102417_844_live,Charity Awareness Probe,Neutral,2,2
20180903-102417_844_live,Appeal to Values,Neutral,3,3
20180903-102417_844_live,Appeal to Values,Neutral,6,6
20180903-102417_844_live,Empathy Appeal,Neutral,7,7
20180903-102417_844_live,Credibility Appeal,Neutral,8,8
20180903-102417_844_live,Appeal to Values,Neutral,9,9
20180903-102417_844_live,Call to Action,Interested,10,10
20180903-102417_844_live,Framing,Neutral,11,11
20180903-102457_108_live,Charity Awareness Probe,Not Interested,0,0
20180903-102457_108_live,Greeting / Rapport,Neutral,1,1
20180903-102457_108_live,Non-persuasive Other,Neutral,2,2
20180903-102457_108_live,Donation Baseline / Habit Probe,Not Interested,3,3
20180903-102457_108_live,Unity,Neutral,4,4
20180903-102457_108_live,Credibility Appeal,Interested,6,6
20180903-102457_108_live,Credibility Appeal,Interested,7,7
20180903-102457_108_live,Credibility Appeal,Interested,8,8
20180903-103006_867_live,Charity Awareness Probe,Neutral,0,0
20180903-103006_867_live,Non-persuasive Other,Neutral,1,1
20180903-103006_867_live,Rational Appeal,Neutral,2,2
20180903-103006_867_live,Framing,Neutral,3,3
20180903-103006_867_live,Rational Appeal,Neutral,5,5
20180903-103006_867_live,Call to Action,Interested,6,6
20180903-103006_867_live,Acknowledgement,Interested,7,7
20180903-103006_867_live,Moral Appeal,Neutral,8,8
20180903-103006_867_live,Acknowledgement,Neutral,9,9
20180903-103052_41_live,Greeting / Rapport,Neutral,0,0
20180903-103052_41_live,Greeting / Rapport,Neutral,1,1
20180903-103052_41_live,Non-persuasive Other,Neutral,2,2
20180903-103052_41_live,Non-persuasive Other,Neutral,3,3
20180903-103052_41_live,Charity Awareness Probe,Neutral,4,4
20180903-103052_41_live,Fear Appeal,Neutral,6,6
20180903-103052_41_live,Logistics / Coordination,Neutral,7,7
20180903-103052_41_live,Call to Action,Interested,8,8
20180903-103052_41_live,Call to Action,Neutral,9,9
20180903-103052_41_live,Conversation Closing,Neutral,10,10
20180903-103342_719_live,Greeting / Rapport,Neutral,0,0
20180903-103342_719_live,Donation Baseline / Habit Probe,Interested,1,1
20180903-103342_719_live,Credibility Appeal,Interested,2,2
20180903-103342_719_live,Appeal to Values,Neutral,3,3
20180903-103342_719_live,Conversation Closing,Neutral,5,5
20180903-103342_719_live,Storytelling,Neutral,6,6
20180903-103342_719_live,Storytelling,Neutral,7,7
20180903-103342_719_live,Moral Appeal,Neutral,8,8
20180903-103342_719_live,Rewarding Activity,Interested,9,9
20180903-103431_860_live,Greeting / Rapport,Neutral,0,0
20180903-103431_860_live,Call to Action,Neutral,1,1
20180903-103431_860_live,Rational Appeal,Interested,2,2
20180903-103431_860_live,Rational Appeal,Interested,3,3
20180903-103431_860_live,Appeal to Values,Interested,4,4
20180903-103431_860_live,Credibility Appeal,Interested,6,6
20180903-103431_860_live,Appeal to Values,Interested,7,7
20180903-103431_860_live,Rational Appeal,Interested,8,8
20180903-103709_629_live,Charity Awareness Probe,Neutral,0,0
20180903-103709_629_live,Donation Baseline / Habit Probe,Interested,1,1
20180903-103709_629_live,Empathy Appeal,Neutral,2,2
20180903-103709_629_live,Call to Action,Interested,3,3
20180903-103709_629_live,Emotional Appeal,Neutral,5,5
20180903-103709_629_live,Logistics / Coordination,Neutral,6,6
20180903-103709_629_live,Credibility Appeal,Neutral,7,7
20180903-103709_629_live,Acknowledgement,Neutral,8,8
20180903-103709_629_live,Acknowledgement,Neutral,9,9
20180903-103724_869_live,Call to Action,Neutral,0,0
20180903-103724_869_live,Non-persuasive Other,Interested,1,1
20180903-103724_869_live,Acknowledgement,Interested,2,2
20180903-103724_869_live,Logistics / Coordination,Neutral,3,3
20180903-103724_869_live,Non-persuasive Other,Neutral,5,5
20180903-103724_869_live,Greeting / Rapport,Neutral,6,6
20180903-103724_869_live,Non-persuasive Other,Neutral,7,7
20180903-103724_869_live,Acknowledgement,Neutral,8,8
20180903-103724_869_live,Non-persuasive Other,Neutral,9,9
20180903-103835_253_live,Greeting / Rapport,Neutral,0,0
20180903-103835_253_live,Charity Awareness Probe,Neutral,1,1
20180903-103835_253_live,Charity Awareness Probe,Neutral,2,2
20180903-103835_253_live,Rational Appeal,Neutral,3,3
20180903-103835_253_live,Credibility Appeal,Neutral,5,5
20180903-103835_253_live,Rational Appeal,Neutral,6,6
20180903-103835_253_live,Social Proof,Neutral,7,7
20180903-103835_253_live,Storytelling,Neutral,8,8
20180903-103835_253_live,Framing,Neutral,9,9
20180903-103906_732_live,Rational Appeal,Neutral,0,0
20180903-103906_732_live,Storytelling,Neutral,1,1
20180903-103906_732_live,Logistics / Coordination,Neutral,2,2
20180903-103906_732_live,Credibility Appeal,Neutral,3,3
20180903-103906_732_live,Rational Appeal,Neutral,4,4
20180903-103906_732_live,Framing,Neutral,6,6
20180903-103906_732_live,Non-persuasive Other,Neutral,7,7
20180903-103906_732_live,Reciprocity,Interested,8,8
20180903-103906_732_live,Call to Action,Interested,9,9
20180903-103939_512_live,Appeal to Values,Not Interested,0,0
20180903-103939_512_live,Commitment and Consistency,Interested,1,1
20180903-103939_512_live,Foot-in-the-door,Interested,2,2
20180903-103939_512_live,Guilt Induction,Not Interested,3,3
20180903-103939_512_live,Commitment and Consistency,Not Interested,5,5
20180903-103939_512_live,Loss Aversion Appeal,Not Interested,6,6
20180903-103939_512_live,Loss Aversion Appeal,Not Interested,7,7
20180903-103939_512_live,Moral Appeal,Interested,8,8
20180903-103939_512_live,Framing,Interested,9,9
20180903-104000_179_live,Greeting / Rapport,Neutral,0,0
20180903-104000_179_live,Greeting / Rapport,Neutral,1,1
20180903-104000_179_live,Qualification / Segmentation,Neutral,2,2
20180903-104000_179_live,Greeting / Rapport,Neutral,3,3
20180903-104000_179_live,Call to Action,Interested,5,5
20180903-104000_179_live,Framing,Interested,6,6
20180903-104000_179_live,Acknowledgement,Interested,7,7
20180903-104000_179_live,Conversation Closing,Neutral,8,8
20180903-104000_179_live,Acknowledgement,Neutral,9,9
20180903-104032_620_live,Call to Action,Neutral,0,0
20180903-104032_620_live,Appeal to Values,Neutral,1,1
20180903-104032_620_live,Credibility Appeal,Neutral,2,2
20180903-104032_620_live,Framing,Neutral,3,3
20180903-104032_620_live,Rational Appeal,Neutral,4,4
20180903-104032_620_live,Logistics / Coordination,Interested,6,6
20180903-104032_620_live,Rational Appeal,Neutral,7,7
20180903-104032_620_live,Rational Appeal,Neutral,8,8
20180903-104032_620_live,Reciprocity,Neutral,9,9
20180903-104045_943_live,Greeting / Rapport,Neutral,0,0
20180903-104045_943_live,Greeting / Rapport,Neutral,1,1
20180903-104045_943_live,Greeting / Rapport,Neutral,2,2
20180903-104045_943_live,Non-persuasive Other,Neutral,3,3
20180903-104045_943_live,Acknowledgement,Neutral,4,4
20180903-104045_943_live,Acknowledgement,Neutral,6,6
20180903-104045_943_live,Acknowledgement,Neutral,7,7
20180903-104045_943_live,Moral Appeal,Neutral,8,8
20180903-104045_943_live,Moral Appeal,Neutral,9,9
20180903-104450_565_live,Greeting / Rapport,Neutral,0,0
20180903-104450_565_live,Charity Awareness Probe,Neutral,1,1
20180903-104450_565_live,Non-persuasive Other,Neutral,2,2
20180903-104450_565_live,Moral Appeal,Interested,3,3
20180903-104450_565_live,Empathy Appeal,Neutral,4,4
20180903-104450_565_live,Credibility Appeal,Interested,6,6
20180903-104450_565_live,Framing,Neutral,7,7
20180903-104450_565_live,Framing,Interested,8,8
20180903-104450_565_live,Acknowledgement,Neutral,9,9
20180903-105341_965_live,Greeting / Rapport,Neutral,0,0
20180903-105341_965_live,Greeting / Rapport,Neutral,1,1
20180903-105341_965_live,Acknowledgement,Neutral,2,2
20180903-105341_965_live,Charity Awareness Probe,Neutral,3,3
20180903-105341_965_live,Moral Appeal,Neutral,4,4
20180903-105341_965_live,Framing,Neutral,6,6
20180903-105341_965_live,Moral Appeal,Neutral,7,7
20180903-105341_965_live,Rational Appeal,Interested,8,8
20180903-105341_965_live,Acknowledgement,Neutral,9,9
20180903-105517_696_live,Greeting / Rapport,Neutral,0,0
20180903-105517_696_live,Moral Appeal,Neutral,1,1
20180903-105517_696_live,Non-persuasive Other,Neutral,2,2
20180903-105517_696_live,Rational Appeal,Neutral,3,3
20180903-105517_696_live,Non-persuasive Other,Neutral,4,4
20180903-105517_696_live,Activation of Personal Commitment,Neutral,6,6
20180903-105517_696_live,Rational Appeal,Neutral,7,7
20180903-105517_696_live,Commitment and Consistency,Not Interested,8,8
20180903-105517_696_live,Call to Action,Not Interested,9,9
20180903-105659_349_live,Call to Action,Interested,0,0
20180903-105659_349_live,Rational Appeal,Neutral,1,1
20180903-105659_349_live,Rational Appeal,Neutral,2,2
20180903-105659_349_live,Credibility Appeal,Interested,3,3
20180903-105659_349_live,Storytelling,Neutral,4,4
20180903-105659_349_live,Donation Baseline / Habit Probe,Neutral,6,6
20180903-105659_349_live,Credibility Appeal,Interested,7,7
20180903-105659_349_live,Emotional Appeal,Interested,8,8
20180903-105659_349_live,Call to Action,Interested,9,9
20180903-105659_349_live,Acknowledgement,Interested,10,10
20180903-111245_955_live,Charity Awareness Probe,Neutral,0,0
20180903-111245_955_live,Empathy Appeal,Neutral,1,1
20180903-111245_955_live,Rational Appeal,Neutral,2,2
20180903-111245_955_live,Credibility Appeal,Neutral,3,3
20180903-111245_955_live,Empathy Appeal,Interested,4,4
20180903-111245_955_live,Appeal to Values,Interested,6,6
20180903-111245_955_live,Storytelling,Neutral,7,7
20180903-111245_955_live,Storytelling,Neutral,8,8
20180903-111245_955_live,Rational Appeal,Neutral,9,9
20180903-111515_288_live,Greeting / Rapport,Neutral,0,0
20180903-111515_288_live,Permission / Time Check,Neutral,1,1
20180903-111515_288_live,Rational Appeal,Neutral,2,2
20180903-111515_288_live,Empathy Appeal,Neutral,3,3
20180903-111515_288_live,Appeal to Values,Interested,4,4
20180903-111515_288_live,Acknowledgement,Neutral,6,6
20180903-111515_288_live,Acknowledgement,Interested,7,7
20180903-111515_288_live,Sympathy Appeal,Neutral,8,8
20180903-111515_288_live,Non-persuasive Other,Neutral,9,9
20180903-111515_288_live,Conversation Closing,Interested,10,10
20180903-111551_100_live,Call to Action,Neutral,0,0
20180903-111551_100_live,Acknowledgement,Neutral,1,1
20180903-111551_100_live,Credibility Appeal,Neutral,2,2
20180903-111551_100_live,Credibility Appeal,Interested,3,3
20180903-111551_100_live,Framing,Interested,4,4
20180903-111551_100_live,Acknowledgement,Neutral,6,6
20180903-111551_100_live,Non-persuasive Other,Neutral,7,7
20180903-111551_100_live,Rational Appeal,Interested,8,8
20180903-111551_100_live,Commitment and Consistency,Neutral,9,9
20180903-111729_738_live,Greeting / Rapport,Neutral,0,0
20180903-111729_738_live,Acknowledgement,Neutral,1,1
20180903-111729_738_live,Charity Awareness Probe,Neutral,2,2
20180903-111729_738_live,Moral Appeal,Neutral,3,3
20180903-111729_738_live,Sympathy Appeal,Neutral,5,5
20180903-111729_738_live,Rational Appeal,Interested,6,6
20180903-111729_738_live,Commitment and Consistency,Neutral,7,7
20180903-111729_738_live,Donation Baseline / Habit Probe,Neutral,8,8
20180903-111729_738_live,Logistics / Coordination,Neutral,9,9
20180903-112829_648_live,Greeting / Rapport,Neutral,0,0
20180903-112829_648_live,Charity Awareness Probe,Neutral,1,1
20180903-112829_648_live,Charity Awareness Probe,Neutral,2,2
20180903-112829_648_live,Credibility Appeal,Neutral,3,3
20180903-112829_648_live,Appeal to Values,Neutral,5,5
20180903-112829_648_live,Appeal to Values,Interested,6,6
20180903-112829_648_live,Commitment and Consistency,Interested,7,7
20180903-112829_648_live,Acknowledgement,Interested,8,8
20180903-112829_648_live,Acknowledgement,Neutral,9,9
20180903-131454_357_live,Permission / Time Check,Neutral,0,0
20180903-131454_357_live,Credibility Appeal,Neutral,1,1
20180903-131454_357_live,Rational Appeal,Neutral,2,2
20180903-131454_357_live,Framing,Neutral,3,3
20180903-131454_357_live,Credibility Appeal,Neutral,4,4
20180903-131454_357_live,Moral Appeal,Neutral,6,6
20180903-131454_357_live,Guilt Induction,Neutral,7,7
20180903-131454_357_live,Sympathy Appeal,Not Interested,8,8
20180903-131454_357_live,Framing,Not Interested,9,9
20180903-131515_54_live,Charity Awareness Probe,Neutral,0,0
20180903-131515_54_live,Rational Appeal,Neutral,1,1
20180903-131515_54_live,Call to Action,Neutral,2,2
20180903-131515_54_live,Non-persuasive Other,Neutral,3,3
20180903-131515_54_live,Rewarding Activity,Neutral,5,5
20180903-131515_54_live,Rewarding Activity,Interested,6,6
20180903-131515_54_live,Framing,Neutral,7,7
20180903-131515_54_live,Social Proof,Neutral,8,8
20180903-131515_54_live,Acknowledgement,Neutral,9,9
20180903-131642_76_live,Charity Awareness Probe,Not Interested,0,0
20180903-131642_76_live,Moral Appeal,Interested,1,1
20180903-131642_76_live,Reciprocity,Neutral,2,2
20180903-131642_76_live,Qualification / Segmentation,Neutral,3,3
20180903-131642_76_live,Greeting / Rapport,Neutral,5,5
20180903-131642_76_live,Acknowledgement,Neutral,6,6
20180903-131642_76_live,Conversation Closing,Neutral,7,7
20180903-131642_76_live,Non-persuasive Other,Neutral,8,8
20180903-131642_76_live,Conversation Closing,Neutral,9,9
20180903-131723_996_live,Greeting / Rapport,Neutral,0,0
20180903-131723_996_live,Charity Awareness Probe,Interested,1,1
20180903-131723_996_live,Donation Baseline / Habit Probe,Neutral,2,2
20180903-131723_996_live,Charity Awareness Probe,Neutral,3,3
20180903-131723_996_live,Credibility Appeal,Neutral,5,5
20180903-131723_996_live,Storytelling,Interested,6,6
20180903-131723_996_live,Call to Action,Interested,7,7
20180903-131723_996_live,Acknowledgement,Neutral,8,8
20180903-131723_996_live,Acknowledgement,Neutral,9,9
20180903-132003_65_live,Greeting / Rapport,Neutral,0,0
20180903-132003_65_live,Charity Awareness Probe,Neutral,1,1
20180903-132003_65_live,Non-persuasive Other,Neutral,2,2
20180903-132003_65_live,Empathy Appeal,Neutral,3,3
20180903-132003_65_live,Activation of Personal Commitment,Interested,5,5
20180903-132003_65_live,Framing,Interested,6,6
20180903-132003_65_live,Acknowledgement,Interested,7,7
20180903-132003_65_live,Framing,Interested,8,8
20180903-132003_65_live,Acknowledgement,Neutral,9,9
20180903-132332_521_live,Greeting / Rapport,Neutral,0,0
20180903-132332_521_live,Charity Awareness Probe,Neutral,1,1
20180903-132332_521_live,Non-persuasive Other,Neutral,2,2
20180903-132332_521_live,Storytelling,Neutral,3,3
20180903-132332_521_live,Call to Action,Not Interested,5,5
20180903-132332_521_live,Framing,Interested,6,6
20180903-132332_521_live,Acknowledgement,Neutral,7,7
20180903-132332_521_live,Non-persuasive Other,Neutral,8,8
20180903-132332_521_live,Non-persuasive Other,Neutral,9,9
20180903-132951_967_live,Appeal to Values,Neutral,0,0
20180903-132951_967_live,Non-persuasive Other,Neutral,1,1
20180903-132951_967_live,Rational Appeal,Neutral,2,2
20180903-132951_967_live,Credibility Appeal,Neutral,3,3
20180903-132951_967_live,Appeal to Values,Neutral,4,4
20180903-132951_967_live,Moral Appeal,Interested,6,6
20180903-132951_967_live,Rewarding Activity,Neutral,7,7
20180903-132951_967_live,Moral Appeal,Neutral,8,8
20180903-132951_967_live,Moral Appeal,Neutral,9,9
20180903-133419_244_live,Charity Awareness Probe,Neutral,0,0
20180903-133419_244_live,Charity Awareness Probe,Neutral,1,1
20180903-133419_244_live,Non-persuasive Other,Neutral,2,2
20180903-133419_244_live,Moral Appeal,Neutral,3,3
20180903-133419_244_live,Call to Action,Neutral,5,5
20180903-133419_244_live,Non-persuasive Other,Neutral,6,6
20180903-133419_244_live,Rational Appeal,Interested,7,7
20180903-133419_244_live,Call to Action,Interested,8,8
20180903-133419_244_live,Conversation Closing,Neutral,9,9
20180903-133523_829_live,Greeting / Rapport,Not Interested,0,0
20180903-133523_829_live,Qualification / Segmentation,Not Interested,1,1
20180903-133523_829_live,Non-persuasive Other,Not Interested,2,2
20180903-133523_829_live,Greeting / Rapport,Not Interested,3,3
20180903-133523_829_live,Acknowledgement,Not Interested,5,5
20180903-133523_829_live,Moral Appeal,Not Interested,6,6
20180903-133523_829_live,Logical Appeal,Not Interested,7,7
20180903-133523_829_live,Acknowledgement,Not Interested,8,8
20180903-133523_829_live,Appeal to Values,Not Interested,9,9
20180903-133702_487_live,Greeting / Rapport,Neutral,0,0
20180903-133702_487_live,Greeting / Rapport,Neutral,1,1
20180903-133702_487_live,Greeting / Rapport,Neutral,2,2
20180903-133702_487_live,Charity Awareness Probe,Neutral,3,3
20180903-133702_487_live,Empathy Appeal,Neutral,5,5
20180903-133702_487_live,Rational Appeal,Neutral,6,6
20180903-133702_487_live,Credibility Appeal,Neutral,7,7
20180903-133702_487_live,Call to Action,Interested,8,8
20180903-133702_487_live,Acknowledgement,Neutral,9,9
20180903-134122_237_live,Sympathy Appeal,Neutral,0,0
20180903-134122_237_live,Moral Appeal,Neutral,1,1
20180903-134122_237_live,Credibility Appeal,Neutral,2,2
20180903-134122_237_live,Empathy Appeal,Neutral,3,3
20180903-134122_237_live,Framing,Neutral,5,5
20180903-134122_237_live,Logistics / Coordination,Neutral,6,6
20180903-134122_237_live,Logistics / Coordination,Neutral,7,7
20180903-134122_237_live,Credibility Appeal,Interested,8,8
20180903-134122_237_live,Appeal to Values,Interested,9,9
20180903-134158_211_live,Greeting / Rapport,Neutral,0,0
20180903-134158_211_live,Greeting / Rapport,Neutral,1,1
20180903-134158_211_live,Charity Awareness Probe,Neutral,2,2
20180903-134158_211_live,Charity Awareness Probe,Interested,3,3
20180903-134158_211_live,Appeal to Values,Neutral,5,5
20180903-134158_211_live,Rational Appeal,Neutral,6,6
20180903-134158_211_live,Call to Action,Interested,7,7
20180903-134158_211_live,Commitment and Consistency,Neutral,8,8
20180903-134158_211_live,Acknowledgement,Neutral,9,9
20180903-134529_203_live,Greeting / Rapport,Neutral,0,0
20180903-134529_203_live,Greeting / Rapport,Neutral,1,1
20180903-134529_203_live,Donation Baseline / Habit Probe,Interested,2,2
20180903-134529_203_live,Rewarding Activity,Neutral,3,3
20180903-134529_203_live,Storytelling,Neutral,5,5
20180903-134529_203_live,Rational Appeal,Interested,6,6
20180903-134529_203_live,Call to Action,Interested,7,7
20180903-134529_203_live,Rational Appeal,Interested,8,8
20180903-134529_203_live,Conversation Closing,Neutral,9,9
20180903-134707_882_live,Greeting / Rapport,Not Interested,0,0
20180903-134707_882_live,Appeal to Values,Neutral,2,2
20180903-134707_882_live,Qualification / Segmentation,Neutral,3,3
20180903-134707_882_live,Appeal to Values,Neutral,5,5
20180903-134707_882_live,Framing,Neutral,6,6
20180903-134707_882_live,Rational Appeal,Neutral,7,7
20180903-134707_882_live,Social Proof,Interested,8,8
20180903-134707_882_live,Acknowledgement,Neutral,9,9
20180903-134712_199_live,Charity Awareness Probe,Neutral,0,0
20180903-134712_199_live,Charity Awareness Probe,Neutral,1,1
20180903-134712_199_live,Call to Action,Neutral,2,2
20180903-134712_199_live,Fear Appeal,Neutral,3,3
20180903-134712_199_live,Empathy Appeal,Neutral,5,5
20180903-134712_199_live,Fear Appeal,Neutral,6,6
20180903-134712_199_live,Credibility Appeal,Interested,8,8
20180903-134712_199_live,Acknowledgement,Neutral,9,9
20180903-134944_967_live,Greeting / Rapport,Not Interested,0,0
20180903-134944_967_live,Greeting / Rapport,Neutral,1,1
20180903-134944_967_live,Charity Awareness Probe,Neutral,2,2
20180903-134944_967_live,Moral Appeal,Neutral,3,3
20180903-134944_967_live,Logistics / Coordination,Neutral,5,5
20180903-134944_967_live,Appeal to Values,Neutral,6,6
20180903-134944_967_live,Appeal to Values,Interested,7,7
20180903-134944_967_live,Acknowledgement,Neutral,8,8
20180903-134944_967_live,Conversation Closing,Neutral,9,9
20180903-135612_884_live,Donation Baseline / Habit Probe,Neutral,0,0
20180903-135612_884_live,Charity Awareness Probe,Neutral,1,1
20180903-135612_884_live,Charity Awareness Probe,Interested,2,2
20180903-135612_884_live,Commitment and Consistency,Interested,3,3
20180903-135612_884_live,Rational Appeal,Interested,5,5
20180903-135612_884_live,Fear Appeal,Interested,6,6
20180903-135612_884_live,Credibility Appeal,Interested,7,7
20180903-135612_884_live,Credibility Appeal,Interested,8,8
20180903-135612_884_live,Framing,Interested,9,9
20180903-135757_484_live,Greeting / Rapport,Neutral,0,0
20180903-135757_484_live,Charity Awareness Probe,Interested,1,1
20180903-135757_484_live,Charity Awareness Probe,Neutral,2,2
20180903-135757_484_live,Rational Appeal,Neutral,3,3
20180903-135757_484_live,Rational Appeal,Interested,5,5
20180903-135757_484_live,Acknowledgement,Neutral,6,6
20180903-135757_484_live,Moral Appeal,Neutral,7,7
20180903-135757_484_live,Moral Appeal,Neutral,8,8
20180903-135757_484_live,Self-feeling Appeal,Neutral,9,9
20180903-140519_57_live,Greeting / Rapport,Neutral,0,0
20180903-140519_57_live,Greeting / Rapport,Neutral,1,1
20180903-140519_57_live,Qualification / Segmentation,Neutral,2,2
20180903-140519_57_live,Donation Baseline / Habit Probe,Not Interested,3,3
20180903-140519_57_live,Moral Appeal,Neutral,5,5
20180903-140519_57_live,Appeal to Values,Not Interested,6,6
20180903-140519_57_live,Guilt Induction,Not Interested,7,7
20180903-140519_57_live,Acknowledgement,Not Interested,8,8
20180903-140519_57_live,Conversation Closing,Neutral,9,9
20180903-140534_880_live,Greeting / Rapport,Neutral,0,0
20180903-140534_880_live,Greeting / Rapport,Neutral,1,1
20180903-140534_880_live,Charity Awareness Probe,Neutral,2,2
20180903-140534_880_live,Charity Awareness Probe,Neutral,3,3
20180903-140534_880_live,Appeal to Values,Neutral,5,5
20180903-140534_880_live,Reciprocity,Interested,6,6
20180903-140534_880_live,Framing,Neutral,7,7
20180903-140534_880_live,Acknowledgement,Neutral,8,8
20180903-140534_880_live,Acknowledgement,Neutral,9,9
20180903-140656_582_live,Moral Appeal,Neutral,0,0
20180903-140656_582_live,Rational Appeal,Interested,1,1
20180903-140656_582_live,Call to Action,Interested,2,2
20180903-140656_582_live,Commitment and Consistency,Interested,3,3
20180903-140656_582_live,Commitment and Consistency,Interested,4,4
20180903-140656_582_live,Rational Appeal,Interested,6,6
20180903-140656_582_live,Rational Appeal,Neutral,7,7
20180903-140656_582_live,Credibility Appeal,Interested,8,8
20180903-140656_582_live,Commitment and Consistency,Interested,9,9
20180903-140806_586_live,Appeal to Values,Interested,0,0
20180903-140806_586_live,Charity Awareness Probe,Interested,1,1
20180903-140806_586_live,Commitment and Consistency,Neutral,2,2
20180903-140806_586_live,Storytelling,Interested,3,3
20180903-140806_586_live,Framing,Interested,5,5
20180903-140806_586_live,Framing,Interested,6,6
20180903-140806_586_live,Framing,Interested,7,7
20180903-140806_586_live,Commitment and Consistency,Interested,8,8
20180903-140806_586_live,Acknowledgement,Interested,9,9
20180903-141235_817_live,Greeting / Rapport,Not Interested,0,0
20180903-141235_817_live,Greeting / Rapport,Not Interested,1,1
20180903-141235_817_live,Greeting / Rapport,Not Interested,2,2
20180903-141235_817_live,Greeting / Rapport,Not Interested,3,3
20180903-141235_817_live,Call to Action,Interested,6,6
20180903-141235_817_live,Activation of Personal Commitment,Interested,7,7
20180903-141235_817_live,Conversation Closing,Not Interested,8,8
20180903-141235_817_live,Conversation Closing,Not Interested,9,9
20180903-141258_428_live,Greeting / Rapport,Neutral,0,0
20180903-141258_428_live,Non-persuasive Other,Neutral,1,1
20180903-141258_428_live,Non-persuasive Other,Neutral,2,2
20180903-141258_428_live,Charity Awareness Probe,Neutral,3,3
20180903-141258_428_live,Credibility Appeal,Neutral,4,4
20180903-141258_428_live,Logistics / Coordination,Neutral,6,6
20180903-141258_428_live,Credibility Appeal,Neutral,8,8
20180903-141258_428_live,Acknowledgement,Neutral,9,9
20180903-141258_428_live,Conversation Closing,Neutral,10,10
20180903-141447_736_live,Greeting / Rapport,Not Interested,0,0
20180903-141447_736_live,Donation Baseline / Habit Probe,Interested,1,1
20180903-141447_736_live,Charity Awareness Probe,Neutral,2,2
20180903-141447_736_live,Moral Appeal,Interested,3,3
20180903-141447_736_live,Charity Awareness Probe,Neutral,4,4
20180903-141447_736_live,Empathy Appeal,Neutral,6,6
20180903-141447_736_live,Appeal to Values,Neutral,7,7
20180903-141447_736_live,Call to Action,Interested,8,8
20180903-141447_736_live,Self-feeling Appeal,Neutral,9,9
20180903-141538_396_live,Charity Awareness Probe,Neutral,0,0
20180903-141538_396_live,Non-persuasive Other,Neutral,1,1
20180903-141538_396_live,Donation Baseline / Habit Probe,Not Interested,2,2
20180903-141538_396_live,Framing,Interested,3,3
20180903-141538_396_live,Logistics / Coordination,Neutral,5,5
20180903-141538_396_live,Credibility Appeal,Interested,6,6
20180903-141538_396_live,Storytelling,Not Interested,7,7
20180903-141538_396_live,Conversation Closing,Not Interested,9,9
20180903-142445_603_live,Greeting / Rapport,Neutral,0,0
20180903-142445_603_live,Greeting / Rapport,Neutral,1,1
20180903-142445_603_live,Charity Awareness Probe,Neutral,2,2
20180903-142445_603_live,Rational Appeal,Neutral,3,3
20180903-142445_603_live,Logistics / Coordination,Neutral,4,4
20180903-142445_603_live,Credibility Appeal,Neutral,6,6
20180903-142445_603_live,Call to Action,Neutral,7,7
20180903-142445_603_live,Pre-giving,Interested,8,8
20180903-142445_603_live,Rewarding Activity,Interested,9,9
20180903-142445_603_live,Acknowledgement,Neutral,10,10
20180903-143255_501_live,Greeting / Rapport,Neutral,0,0
20180903-143255_501_live,Greeting / Rapport,Neutral,1,1
20180903-143255_501_live,Non-persuasive Other,Neutral,2,2
20180903-143255_501_live,Qualification / Segmentation,Neutral,3,3
20180903-143255_501_live,Charity Awareness Probe,Neutral,5,5
20180903-143255_501_live,Call to Action,Not Interested,6,6
20180903-143255_501_live,Acknowledgement,Neutral,7,7
20180903-143255_501_live,Conversation Closing,Neutral,8,8
20180903-143255_501_live,Framing,Neutral,9,9
20180903-143317_526_live,Greeting / Rapport,Neutral,0,0
20180903-143317_526_live,Charity Awareness Probe,Neutral,1,1
20180903-143317_526_live,Non-persuasive Other,Neutral,2,2
20180903-143317_526_live,Call to Action,Interested,3,3
20180903-143317_526_live,Donation Baseline / Habit Probe,Interested,5,5
20180903-143317_526_live,Acknowledgement,Neutral,6,6
20180903-143317_526_live,Rational Appeal,Neutral,7,7
20180903-143317_526_live,Acknowledgement,Neutral,8,8
20180903-143317_526_live,Self-feeling Appeal,Neutral,9,9
20180903-143428_485_live,Greeting / Rapport,Not Interested,0,0
20180903-143428_485_live,Donation Baseline / Habit Probe,Interested,1,1
20180903-143428_485_live,Greeting / Rapport,Interested,2,2
20180903-143428_485_live,Rational Appeal,Interested,3,3
20180903-143428_485_live,Rational Appeal,Interested,4,4
20180903-143428_485_live,Storytelling,Neutral,6,6
20180903-143428_485_live,Acknowledgement,Interested,8,8
20180903-143428_485_live,Non-persuasive Other,Interested,9,9
20180903-144015_197_live,Charity Awareness Probe,Neutral,0,0
20180903-144015_197_live,Call to Action,Neutral,1,1
20180903-144015_197_live,Appeal to Values,Neutral,2,2
20180903-144015_197_live,Rational Appeal,Neutral,3,3
20180903-144015_197_live,Credibility Appeal,Neutral,5,5
20180903-144015_197_live,Framing,Neutral,6,6
20180903-144015_197_live,Credibility Appeal,Neutral,7,7
20180903-144015_197_live,Call to Action,Neutral,8,8
20180903-144015_197_live,Rational Appeal,Neutral,9,9
20180903-145230_643_live,Greeting / Rapport,Neutral,0,0
20180903-145230_643_live,Donation Baseline / Habit Probe,Interested,1,1
20180903-145230_643_live,Donation Baseline / Habit Probe,Interested,2,2
20180903-145230_643_live,Charity Awareness Probe,Neutral,3,3
20180903-145230_643_live,Framing,Interested,5,5
20180903-145230_643_live,Donation Baseline / Habit Probe,Neutral,7,7
20180903-145230_643_live,Foot-in-the-door,Neutral,8,8
20180903-145230_643_live,Moral Appeal,Neutral,9,9
20180903-145341_70_live,Greeting / Rapport,Neutral,0,0
20180903-145341_70_live,Charity Awareness Probe,Neutral,1,1
20180903-145341_70_live,Framing,Neutral,2,2
20180903-145341_70_live,Framing,Interested,3,3
20180903-145341_70_live,Acknowledgement,Neutral,5,5
20180903-145341_70_live,Non-persuasive Other,Neutral,6,6
20180903-145341_70_live,Non-persuasive Other,Neutral,7,7
20180903-145341_70_live,Non-persuasive Other,Neutral,8,8
20180903-145341_70_live,Non-persuasive Other,Neutral,9,9
20180903-145436_470_live,Greeting / Rapport,Not Interested,0,0
20180903-145436_470_live,Greeting / Rapport,Not Interested,1,1
20180903-145436_470_live,Greeting / Rapport,Not Interested,2,2
20180903-145436_470_live,Non-persuasive Other,Not Interested,3,3
20180903-145436_470_live,Social Proof,Not Interested,5,5
20180903-145436_470_live,Guilt Induction,Interested,6,6
20180903-145436_470_live,Call to Action,Interested,7,7
20180903-145436_470_live,Acknowledgement,Not Interested,8,8
20180903-145436_470_live,Non-persuasive Other,Not Interested,9,9
20180903-150559_933_live,Charity Awareness Probe,Neutral,0,0
20180903-150559_933_live,Charity Awareness Probe,Neutral,1,1
20180903-150559_933_live,Charity Awareness Probe,Neutral,2,2
20180903-150559_933_live,Donation Baseline / Habit Probe,Neutral,3,3
20180903-150559_933_live,Non-persuasive Other,Neutral,6,6
20180903-150559_933_live,Acknowledgement,Neutral,7,7
20180903-150559_933_live,Appeal to Values,Not Interested,8,8
20180903-150559_933_live,Acknowledgement,Not Interested,9,9
20180903-151450_30_live,Greeting / Rapport,Neutral,0,0
20180903-151450_30_live,Empathy Appeal,Neutral,1,1
20180903-151450_30_live,Charity Awareness Probe,Neutral,2,2
20180903-151450_30_live,Moral Appeal,Neutral,3,3
20180903-151450_30_live,Charity Awareness Probe,Neutral,4,4
20180903-151450_30_live,Charity Awareness Probe,Neutral,6,6
20180903-151450_30_live,Empathy Appeal,Neutral,7,7
20180903-151450_30_live,Fear Appeal,Neutral,8,8
20180903-151450_30_live,Empathy Appeal,Neutral,9,9
20180903-151450_30_live,Framing,Neutral,10,10
20180903-151450_30_live,Acknowledgement,Not Interested,11,11
20180903-152518_191_live,Charity Awareness Probe,Neutral,0,0
20180903-152518_191_live,Non-persuasive Other,Neutral,1,1
20180903-152518_191_live,Emotional Appeal,Neutral,2,2
20180903-152518_191_live,Non-persuasive Other,Not Interested,3,3
20180903-152518_191_live,Credibility Appeal,Neutral,5,5
20180903-152518_191_live,Appeal to Values,Interested,6,6
20180903-152518_191_live,Moral Appeal,Neutral,7,7
20180903-152518_191_live,Logistics / Coordination,Neutral,8,8
20180903-152518_191_live,Conversation Closing,Neutral,9,9
20180903-152549_306_live,Charity Awareness Probe,Neutral,0,0
20180903-152549_306_live,Non-persuasive Other,Neutral,1,1
20180903-152549_306_live,Non-persuasive Other,Neutral,2,2
20180903-152549_306_live,Rational Appeal,Neutral,3,3
20180903-152549_306_live,Credibility Appeal,Neutral,5,5
20180903-152549_306_live,Rational Appeal,Neutral,6,6
20180903-152549_306_live,Rational Appeal,Neutral,7,7
20180903-152549_306_live,Call to Action,Interested,8,8
20180903-152549_306_live,Acknowledgement,Interested,9,9
20180903-153105_741_live,Greeting / Rapport,Neutral,0,0
20180903-153105_741_live,Donation Baseline / Habit Probe,Interested,1,1
20180903-153105_741_live,Charity Awareness Probe,Neutral,2,2
20180903-153105_741_live,Rational Appeal,Neutral,3,3
20180903-153105_741_live,Rational Appeal,Interested,5,5
20180903-153105_741_live,Call to Action,Interested,6,6
20180903-153105_741_live,Self-feeling Appeal,Interested,7,7
20180903-153105_741_live,Acknowledgement,Neutral,8,8
20180903-153105_741_live,Conversation Closing,Neutral,9,9
20180903-153530_52_live,Charity Awareness Probe,Neutral,0,0
20180903-153530_52_live,Non-persuasive Other,Neutral,1,1
20180903-153530_52_live,Rational Appeal,Neutral,2,2
20180903-153530_52_live,Rational Appeal,Neutral,3,3
20180903-153530_52_live,Rational Appeal,Neutral,5,5
20180903-153530_52_live,Rational Appeal,Neutral,6,6
20180903-153530_52_live,Call to Action,Neutral,7,7
20180903-153530_52_live,Credibility Appeal,Neutral,8,8
20180903-153530_52_live,Credibility Appeal,Not Interested,9,9
20180903-154704_839_live,Greeting / Rapport,Neutral,0,0
20180903-154704_839_live,Acknowledgement,Neutral,1,1
20180903-154704_839_live,Charity Awareness Probe,Neutral,2,2
20180903-154704_839_live,Non-persuasive Other,Neutral,3,3
20180903-154704_839_live,Framing,Neutral,5,5
20180903-154704_839_live,Framing,Neutral,6,6
20180903-154704_839_live,Appeal to Values,Interested,7,7
20180903-154704_839_live,Acknowledgement,Interested,8,8
20180903-154704_839_live,Acknowledgement,Neutral,9,9
20180903-154729_573_live,Greeting / Rapport,Neutral,0,0
20180903-154729_573_live,Acknowledgement,Neutral,1,1
20180903-154729_573_live,Charity Awareness Probe,Neutral,2,2
20180903-154729_573_live,Appeal to Values,Neutral,3,3
20180903-154729_573_live,Credibility Appeal,Neutral,4,4
20180903-154729_573_live,Framing,Interested,6,6
20180903-154729_573_live,Acknowledgement,Neutral,7,7
20180903-154729_573_live,Logistics / Coordination,Interested,8,8
20180903-154729_573_live,Logistics / Coordination,Interested,9,9
20180903-155038_7_live,Charity Awareness Probe,Neutral,0,0
20180903-155038_7_live,Charity Awareness Probe,Neutral,1,1
20180903-155038_7_live,Charity Awareness Probe,Neutral,2,2
20180903-155038_7_live,Social Proof,Neutral,3,3
20180903-155038_7_live,Rational Appeal,Neutral,5,5
20180903-155038_7_live,Call to Action,Interested,6,6
20180903-155038_7_live,Self-feeling Appeal,Neutral,7,7
20180903-155038_7_live,Self-feeling Appeal,Neutral,8,8
20180903-155038_7_live,Conversation Closing,Neutral,9,9
20180903-155307_620_live,Charity Awareness Probe,Neutral,0,0
20180903-155307_620_live,Non-persuasive Other,Neutral,1,1
20180903-155307_620_live,Call to Action,Interested,2,2
20180903-155307_620_live,Moral Appeal,Neutral,3,3
20180903-155307_620_live,Rational Appeal,Neutral,4,4
20180903-155307_620_live,Logistics / Coordination,Interested,7,7
20180903-155307_620_live,Logistics / Coordination,Interested,8,8
20180903-155307_620_live,Framing,Interested,9,9
20180903-155854_148_live,Greeting / Rapport,Neutral,0,0
20180903-155854_148_live,Greeting / Rapport,Neutral,1,1
20180903-155854_148_live,Acknowledgement,Neutral,2,2
20180903-155854_148_live,Call to Action,Interested,3,3
20180903-155854_148_live,Rational Appeal,Interested,5,5
20180903-155854_148_live,Framing,Interested,6,6
20180903-155854_148_live,Acknowledgement,Neutral,7,7
20180903-155854_148_live,Rational Appeal,Neutral,8,8
20180903-155854_148_live,Logistics / Coordination,Interested,9,9
20180903-155911_448_live,Greeting / Rapport,Not Interested,0,0
20180903-155911_448_live,Greeting / Rapport,Not Interested,1,1
20180903-155911_448_live,Charity Awareness Probe,Not Interested,2,2
20180903-155911_448_live,Appeal to Values,Not Interested,3,3
20180903-155911_448_live,Appeal to Values,Not Interested,4,4
20180903-155911_448_live,Rational Appeal,Interested,6,6
20180903-155911_448_live,Activation of Personal Commitment,Interested,7,7
20180903-155911_448_live,Commitment and Consistency,Neutral,8,8
20180903-155911_448_live,Conversation Closing,Not Interested,9,9
20180903-160514_498_live,Framing,Interested,0,0
20180903-160514_498_live,Foot-in-the-door,Neutral,1,1
20180903-160514_498_live,Reciprocity,Neutral,2,2
20180903-160514_498_live,Appeal to Values,Neutral,3,3
20180903-160514_498_live,Acknowledgement,Neutral,4,4
20180903-160514_498_live,Logistics / Coordination,Neutral,6,6
20180903-160514_498_live,Rational Appeal,Neutral,8,8
20180903-160514_498_live,Call to Action,Interested,9,9
20180903-160514_498_live,Rational Appeal,Interested,10,10
20180903-160514_498_live,Rational Appeal,Interested,11,11
20180903-160552_207_live,Greeting / Rapport,Neutral,0,0
20180903-160552_207_live,Greeting / Rapport,Neutral,1,1
20180903-160552_207_live,Charity Awareness Probe,Neutral,2,2
20180903-160552_207_live,Non-persuasive Other,Neutral,3,3
20180903-160552_207_live,Rational Appeal,Neutral,5,5
20180903-160552_207_live,Rational Appeal,Neutral,6,6
20180903-160552_207_live,Framing,Interested,7,7
20180903-160552_207_live,Framing,Neutral,8,8
20180903-160552_207_live,Logical Appeal,Interested,9,9
20180903-162604_585_live,Greeting / Rapport,Not Interested,0,0
20180903-162604_585_live,Charity Awareness Probe,Interested,1,1
20180903-162604_585_live,Commitment and Consistency,Interested,2,2
20180903-162604_585_live,Pre-giving,Interested,3,3
20180903-162604_585_live,Non-persuasive Other,Interested,5,5
20180903-162604_585_live,Appeal to Values,Interested,6,6
20180903-162604_585_live,Acknowledgement,Interested,7,7
20180903-162604_585_live,Conversation Closing,Interested,8,8
20180903-162604_585_live,Conversation Closing,Not Interested,9,9
20180903-163331_887_live,Moral Appeal,Interested,0,0
20180903-163331_887_live,Charity Awareness Probe,Neutral,1,1
20180903-163331_887_live,Appeal to Values,Neutral,2,2
20180903-163331_887_live,Moral Appeal,Interested,3,3
20180903-163331_887_live,Call to Action,Interested,5,5
20180903-163331_887_live,Social Proof,Interested,6,6
20180903-163331_887_live,Logistics / Coordination,Interested,7,7
20180903-163331_887_live,Acknowledgement,Interested,8,8
20180903-163331_887_live,Conversation Closing,Interested,9,9
20180903-163912_368_live,Greeting / Rapport,Neutral,0,0
20180903-163912_368_live,Acknowledgement,Neutral,1,1
20180903-163912_368_live,Greeting / Rapport,Neutral,2,2
20180903-163912_368_live,Acknowledgement,Neutral,3,3
20180903-163912_368_live,Logistics / Coordination,Neutral,5,5
20180903-163912_368_live,Acknowledgement,Neutral,6,6
20180903-163912_368_live,Charity Awareness Probe,Interested,7,7
20180903-163912_368_live,Framing,Neutral,8,8
20180903-163912_368_live,Reciprocity,Interested,9,9
20180903-164113_982_live,Greeting / Rapport,Neutral,0,0
20180903-164113_982_live,Qualification / Segmentation,Neutral,1,1
20180903-164113_982_live,Non-persuasive Other,Neutral,2,2
20180903-164113_982_live,Non-persuasive Other,Neutral,3,3
20180903-164113_982_live,Non-persuasive Other,Neutral,4,4
20180903-164113_982_live,Charity Awareness Probe,Interested,6,6
20180903-164113_982_live,Rational Appeal,Interested,7,7
20180903-164113_982_live,Acknowledgement,Interested,8,8
20180903-164113_982_live,Framing,Interested,9,9
20180903-164852_724_live,Threat,Neutral,0,0
20180903-164852_724_live,Greeting / Rapport,Neutral,1,1
20180903-164852_724_live,Charity Awareness Probe,Neutral,2,2
20180903-164852_724_live,Acknowledgement,Neutral,3,3
20180903-164852_724_live,Social Proof,Neutral,5,5
20180903-164852_724_live,Framing,Neutral,6,6
20180903-164852_724_live,Loss Aversion Appeal,Interested,7,7
20180903-164852_724_live,Acknowledgement,Neutral,8,8
20180903-164852_724_live,Credibility Appeal,Neutral,9,9
20180903-165121_48_live,Greeting / Rapport,Not Interested,0,0
20180903-165121_48_live,Charity Awareness Probe,Neutral,1,1
20180903-165121_48_live,Rational Appeal,Neutral,2,2
20180903-165121_48_live,Empathy Appeal,Interested,3,3
20180903-165121_48_live,Credibility Appeal,Neutral,5,5
20180903-165121_48_live,Guilt Induction,Interested,6,6
20180903-165121_48_live,Commitment and Consistency,Interested,7,7
20180903-165121_48_live,Acknowledgement,Neutral,8,8
20180903-165121_48_live,Appeal to Values,Neutral,9,9
20180903-165314_834_live,Charity Awareness Probe,Neutral,0,0
20180903-165314_834_live,Qualification / Segmentation,Neutral,1,1
20180903-165314_834_live,Charity Awareness Probe,Neutral,2,2
20180903-165314_834_live,Moral Appeal,Interested,3,3
20180903-165314_834_live,Rational Appeal,Interested,4,4
20180903-165314_834_live,Storytelling,Neutral,6,6
20180903-165314_834_live,Credibility Appeal,Interested,8,8
20180903-165314_834_live,Acknowledgement,Neutral,9,9
20180903-165655_280_live,Greeting / Rapport,Not Interested,0,0
20180903-165655_280_live,Moral Appeal,Neutral,1,1
20180903-165655_280_live,Credibility Appeal,Neutral,2,2
20180903-165655_280_live,Moral Appeal,Neutral,3,3
20180903-165655_280_live,Rational Appeal,Neutral,5,5
20180903-165655_280_live,Rational Appeal,Neutral,6,6
20180903-165655_280_live,Call to Action,Interested,7,7
20180903-165655_280_live,Acknowledgement,Neutral,8,8
20180903-165655_280_live,Conversation Closing,Neutral,9,9
20180903-165804_344_live,Greeting / Rapport,Neutral,0,0
20180903-165804_344_live,Charity Awareness Probe,Neutral,1,1
20180903-165804_344_live,Non-persuasive Other,Not Interested,2,2
20180903-165804_344_live,Rational Appeal,Not Interested,3,3
20180903-165804_344_live,Rational Appeal,Not Interested,4,4
20180903-165804_344_live,Reciprocity,Not Interested,6,6
20180903-165804_344_live,Framing,Not Interested,7,7
20180903-165804_344_live,Reciprocity,Not Interested,8,8
20180903-165804_344_live,Moral Appeal,Not Interested,9,9
20180903-165930_826_live,Greeting / Rapport,Neutral,0,0
20180903-165930_826_live,Greeting / Rapport,Neutral,1,1
20180903-165930_826_live,Greeting / Rapport,Neutral,2,2
20180903-165930_826_live,Acknowledgement,Neutral,3,3
20180903-165930_826_live,Call to Action,Neutral,4,4
20180903-165930_826_live,Acknowledgement,Neutral,6,6
20180903-165930_826_live,Credibility Appeal,Neutral,7,7
20180903-165930_826_live,Self-feeling Appeal,Neutral,8,8
20180903-165930_826_live,Self-feeling Appeal,Neutral,9,9
20180903-165952_124_live,Call to Action,Neutral,0,0
20180903-165952_124_live,Appeal to Values,Neutral,1,1
20180903-165952_124_live,Credibility Appeal,Neutral,2,2
20180903-165952_124_live,Empathy Appeal,Neutral,3,3
20180903-165952_124_live,Rational Appeal,Neutral,4,4
20180903-165952_124_live,Commitment and Consistency,Neutral,6,6
20180903-165952_124_live,Commitment and Consistency,Interested,7,7
20180903-165952_124_live,Rational Appeal,Neutral,8,8
20180903-165952_124_live,Commitment and Consistency,Neutral,9,9
20180903-170041_976_live,Greeting / Rapport,Neutral,0,0
20180903-170041_976_live,Greeting / Rapport,Neutral,1,1
20180903-170041_976_live,Greeting / Rapport,Neutral,2,2
20180903-170041_976_live,Acknowledgement,Neutral,3,3
20180903-170041_976_live,Charity Awareness Probe,Interested,5,5
20180903-170041_976_live,Framing,Neutral,6,6
20180903-170041_976_live,Call to Action,Interested,7,7
20180903-170041_976_live,Credibility Appeal,Neutral,9,9
20180903-170455_801_live,Greeting / Rapport,Not Interested,0,0
20180903-170455_801_live,Greeting / Rapport,Neutral,1,1
20180903-170455_801_live,Charity Awareness Probe,Neutral,2,2
20180903-170455_801_live,Permission / Time Check,Neutral,3,3
20180903-170455_801_live,Credibility Appeal,Neutral,5,5
20180903-170455_801_live,Charity Awareness Probe,Neutral,6,6
20180903-170455_801_live,Rational Appeal,Neutral,7,7
20180903-170455_801_live,Call to Action,Interested,8,8
20180903-170455_801_live,Unity,Neutral,9,9
20180903-171103_980_live,Greeting / Rapport,Neutral,0,0
20180903-171103_980_live,Qualification / Segmentation,Neutral,1,1
20180903-171103_980_live,Qualification / Segmentation,Neutral,2,2
20180903-171103_980_live,Appeal to Values,Neutral,3,3
20180903-171103_980_live,Non-persuasive Other,Neutral,4,4
20180903-171103_980_live,Charity Awareness Probe,Neutral,6,6
20180903-171103_980_live,Self-feeling Appeal,Neutral,7,7
20180903-171103_980_live,Framing,Not Interested,8,8
20180903-171103_980_live,Credibility Appeal,Not Interested,9,9
20180903-171103_980_live,Acknowledgement,Neutral,10,10
20180903-171704_760_live,Greeting / Rapport,Not Interested,0,0
20180903-171704_760_live,Greeting / Rapport,Neutral,1,1
20180903-171704_760_live,Non-persuasive Other,Neutral,2,2
20180903-171704_760_live,Non-persuasive Other,Neutral,3,3
20180903-171704_760_live,Call to Action,Neutral,4,4
20180903-171704_760_live,Non-persuasive Other,Neutral,6,6
20180903-171704_760_live,Donation Baseline / Habit Probe,Neutral,7,7
20180903-171704_760_live,Empathy Appeal,Neutral,8,8
20180903-171704_760_live,Empathy Appeal,Neutral,9,9
20180903-172009_84_live,Greeting / Rapport,Not Interested,0,0
20180903-172009_84_live,Greeting / Rapport,Not Interested,1,1
20180903-172009_84_live,Acknowledgement,Not Interested,2,2
20180903-172009_84_live,Non-persuasive Other,Not Interested,3,3
20180903-172009_84_live,Acknowledgement,Not Interested,5,5
20180903-172009_84_live,Non-persuasive Other,Not Interested,6,6
20180903-172009_84_live,Charity Awareness Probe,Neutral,7,7
20180903-172009_84_live,Framing,Not Interested,9,9
20180903-172112_282_live,Greeting / Rapport,Not Interested,0,0
20180903-172112_282_live,Permission / Time Check,Neutral,1,1
20180903-172112_282_live,Charity Awareness Probe,Neutral,2,2
20180903-172112_282_live,Sympathy Appeal,Neutral,3,3
20180903-172112_282_live,Framing,Neutral,5,5
20180903-172112_282_live,Logical Appeal,Neutral,6,6
20180903-172112_282_live,Rewarding Activity,Interested,7,7
20180903-172112_282_live,Rewarding Activity,Interested,8,8
20180903-172112_282_live,Rational Appeal,Neutral,9,9
20180903-172533_130_live,Call to Action,Not Interested,0,0
20180903-172533_130_live,Reciprocity,Neutral,1,1
20180903-172533_130_live,Acknowledgement,Not Interested,2,2
20180903-172533_130_live,Acknowledgement,Not Interested,3,3
20180903-172533_130_live,Appeal to Values,Not Interested,4,4
20180903-172533_130_live,Logistics / Coordination,Not Interested,6,6
20180903-172533_130_live,Empathy Appeal,Not Interested,7,7
20180903-172533_130_live,Conversation Closing,Not Interested,9,9
20180903-173114_499_live,Greeting / Rapport,Neutral,0,0
20180903-173114_499_live,Rational Appeal,Neutral,1,1
20180903-173114_499_live,Credibility Appeal,Interested,2,2
20180903-173114_499_live,Framing,Interested,3,3
20180903-173114_499_live,Greeting / Rapport,Interested,5,5
20180903-173114_499_live,Charity Awareness Probe,Neutral,6,6
20180903-173114_499_live,Appeal to Values,Neutral,7,7
20180903-173114_499_live,Appeal to Values,Neutral,8,8
20180903-173114_499_live,Reciprocity,Neutral,9,9
20180903-173808_744_live,Greeting / Rapport,Neutral,0,0
20180903-173808_744_live,Charity Awareness Probe,Neutral,1,1
20180903-173808_744_live,Rational Appeal,Neutral,2,2
20180903-173808_744_live,Moral Appeal,Neutral,3,3
20180903-173808_744_live,Guilt Induction,Neutral,5,5
20180903-173808_744_live,Sympathy Appeal,Not Interested,6,6
20180903-173808_744_live,Qualification / Segmentation,Neutral,7,7
20180903-173808_744_live,Guilt Induction,Not Interested,8,8
20180903-173808_744_live,Moral Appeal,Not Interested,9,9
20180903-173912_750_live,Greeting / Rapport,Not Interested,0,0
20180903-173912_750_live,Non-persuasive Other,Interested,1,1
20180903-173912_750_live,Credibility Appeal,Interested,2,2
20180903-173912_750_live,Pre-giving,Interested,3,3
20180903-173912_750_live,Charity Awareness Probe,Neutral,5,5
20180903-173912_750_live,Appeal to Values,Interested,6,6
20180903-173912_750_live,Appeal to Values,Neutral,7,7
20180903-173912_750_live,Acknowledgement,Neutral,8,8
20180903-173912_750_live,Acknowledgement,Neutral,9,9
20180903-175250_880_live,Empathy Appeal,Interested,0,0
20180903-175250_880_live,Call to Action,Interested,1,1
20180903-175250_880_live,Commitment and Consistency,Interested,2,2
20180903-175250_880_live,Charity Awareness Probe,Interested,3,3
20180903-175250_880_live,Rational Appeal,Interested,5,5
20180903-175250_880_live,Framing,Interested,6,6
20180903-175250_880_live,Acknowledgement,Interested,7,7
20180903-175250_880_live,Logistics / Coordination,Neutral,8,8
20180903-175250_880_live,Logistics / Coordination,Neutral,9,9
20180903-181230_303_live,Greeting / Rapport,Neutral,0,0
20180903-181230_303_live,Framing,Neutral,1,1
20180903-181230_303_live,Non-persuasive Other,Neutral,2,2
20180903-181230_303_live,Call to Action,Neutral,3,3
20180903-181230_303_live,Credibility Appeal,Neutral,5,5
20180903-181230_303_live,Call to Action,Neutral,6,6
20180903-181230_303_live,Credibility Appeal,Interested,7,7
20180903-181230_303_live,Acknowledgement,Neutral,8,8
20180903-181230_303_live,Non-persuasive Other,Neutral,9,9
20180903-181838_910_live,Greeting / Rapport,Neutral,0,0
20180903-181838_910_live,Greeting / Rapport,Neutral,1,1
20180903-181838_910_live,Qualification / Segmentation,Neutral,2,2
20180903-181838_910_live,Appeal to Values,Interested,3,3
20180903-181838_910_live,Credibility Appeal,Interested,4,4
20180903-181838_910_live,Call to Action,Neutral,6,6
20180903-181838_910_live,Rewarding Activity,Interested,7,7
20180903-181838_910_live,Storytelling,Interested,8,8
20180903-181838_910_live,Rational Appeal,Interested,9,9
20180903-184438_57_live,Greeting / Rapport,Neutral,0,0
20180903-184438_57_live,Donation Baseline / Habit Probe,Interested,1,1
20180903-184438_57_live,Charity Awareness Probe,Neutral,2,2
20180903-184438_57_live,Rational Appeal,Neutral,3,3
20180903-184438_57_live,Credibility Appeal,Neutral,5,5
20180903-184438_57_live,Appeal to Values,Interested,6,6
20180903-184438_57_live,Acknowledgement,Neutral,7,7
20180903-184438_57_live,Acknowledgement,Neutral,8,8
20180903-184438_57_live,Logistics / Coordination,Neutral,9,9
20180903-184453_829_live,Greeting / Rapport,Not Interested,0,0
20180903-184453_829_live,Charity Awareness Probe,Neutral,1,1
20180903-184453_829_live,Rational Appeal,Neutral,2,2
20180903-184453_829_live,Credibility Appeal,Interested,3,3
20180903-184453_829_live,Moral Appeal,Neutral,5,5
20180903-184453_829_live,Acknowledgement,Interested,6,6
20180903-184453_829_live,Credibility Appeal,Interested,7,7
20180903-184453_829_live,Commitment and Consistency,Interested,8,8
20180903-184453_829_live,Acknowledgement,Neutral,9,9
20180903-185128_189_live,Greeting / Rapport,Neutral,0,0
20180903-185128_189_live,Charity Awareness Probe,Neutral,1,1
20180903-185128_189_live,Moral Appeal,Neutral,2,2
20180903-185128_189_live,Permission / Time Check,Not Interested,4,4
20180903-185128_189_live,Credibility Appeal,Interested,6,6
20180903-185128_189_live,Logistics / Coordination,Interested,7,7
20180903-185128_189_live,Commitment and Consistency,Interested,8,8
20180903-185128_189_live,Acknowledgement,Neutral,9,9
20180903-192449_648_live,Charity Awareness Probe,Not Interested,0,0
20180903-192449_648_live,Appeal to Values,Interested,1,1
20180903-192449_648_live,Commitment and Consistency,Interested,2,2
20180903-192449_648_live,Call to Action,Not Interested,3,3
20180903-192449_648_live,Acknowledgement,Not Interested,4,4
20180903-192449_648_live,Charity Awareness Probe,Not Interested,6,6
20180903-192449_648_live,Appeal to Values,Interested,7,7
20180903-192449_648_live,Commitment and Consistency,Interested,8,8
20180903-192449_648_live,Framing,Interested,9,9
20180903-192755_517_live,Charity Awareness Probe,Neutral,0,0
20180903-192755_517_live,Non-persuasive Other,Neutral,1,1
20180903-192755_517_live,Rational Appeal,Neutral,2,2
20180903-192755_517_live,Appeal to Values,Neutral,3,3
20180903-192755_517_live,Rational Appeal,Interested,4,4
20180903-192755_517_live,Credibility Appeal,Neutral,6,6
20180903-192755_517_live,Rational Appeal,Interested,7,7
20180903-192755_517_live,Framing,Interested,8,8
20180903-192755_517_live,Framing,Neutral,9,9
20180903-192755_517_live,Acknowledgement,Neutral,10,10
20180903-193748_318_live,Greeting / Rapport,Neutral,0,0
20180903-193748_318_live,Greeting / Rapport,Neutral,1,1
20180903-193748_318_live,Empathy Appeal,Neutral,2,2
20180903-193748_318_live,Greeting / Rapport,Neutral,3,3
20180903-193748_318_live,Non-persuasive Other,Neutral,5,5
20180903-193748_318_live,Charity Awareness Probe,Neutral,6,6
20180903-193748_318_live,Moral Appeal,Neutral,7,7
20180903-193748_318_live,Framing,Not Interested,8,8
20180903-193748_318_live,Logistics / Coordination,Not Interested,9,9
20180903-194245_441_live,Greeting / Rapport,Neutral,0,0
20180903-194245_441_live,Acknowledgement,Neutral,1,1
20180903-194245_441_live,Moral Appeal,Interested,2,2
20180903-194245_441_live,Moral Appeal,Neutral,3,3
20180903-194245_441_live,Logistics / Coordination,Neutral,4,4
20180903-194245_441_live,Call to Action,Interested,6,6
20180903-194245_441_live,Acknowledgement,Neutral,7,7
20180903-194245_441_live,Acknowledgement,Neutral,8,8
20180903-194245_441_live,Reciprocity,Interested,9,9
20180903-194345_741_live,Greeting / Rapport,Not Interested,0,0
20180903-194345_741_live,Greeting / Rapport,Not Interested,1,1
20180903-194345_741_live,Sympathy Appeal,Neutral,2,2
20180903-194345_741_live,Call to Action,Interested,3,3
20180903-194345_741_live,Charity Awareness Probe,Interested,5,5
20180903-194345_741_live,Charity Awareness Probe,Neutral,6,6
20180903-194345_741_live,Charity Awareness Probe,Not Interested,7,7
20180903-194345_741_live,Charity Awareness Probe,Not Interested,8,8
20180903-194345_741_live,Appeal to Values,Not Interested,9,9
20180903-194537_111_live,Appeal to Values,Neutral,0,0
20180903-194537_111_live,Charity Awareness Probe,Neutral,1,1
20180903-194537_111_live,Rational Appeal,Neutral,2,2
20180903-194537_111_live,Credibility Appeal,Interested,3,3
20180903-194537_111_live,Call to Action,Neutral,5,5
20180903-194537_111_live,Rational Appeal,Neutral,6,6
20180903-194537_111_live,Rational Appeal,Neutral,7,7
20180903-194537_111_live,Call to Action,Interested,8,8
20180903-194537_111_live,Call to Action,Interested,9,9
20180903-194720_581_live,Greeting / Rapport,Not Interested,0,0
20180903-194720_581_live,Donation Baseline / Habit Probe,Neutral,1,1
20180903-194720_581_live,Donation Baseline / Habit Probe,Neutral,2,2
20180903-194720_581_live,Charity Awareness Probe,Neutral,3,3
20180903-194720_581_live,Rational Appeal,Neutral,5,5
20180903-194720_581_live,Rational Appeal,Interested,6,6
20180903-194720_581_live,Rational Appeal,Interested,7,7
20180903-194720_581_live,Foot-in-the-door,Interested,8,8
20180903-194720_581_live,Call to Action,Interested,9,9
20180903-195933_536_live,Greeting / Rapport,Neutral,0,0
20180903-195933_536_live,Charity Awareness Probe,Neutral,1,1
20180903-195933_536_live,Charity Awareness Probe,Neutral,2,2
20180903-195933_536_live,Rational Appeal,Neutral,3,3
20180903-195933_536_live,Donation Baseline / Habit Probe,Interested,4,4
20180903-195933_536_live,Commitment and Consistency,Interested,6,6
20180903-195933_536_live,Commitment and Consistency,Interested,7,7
20180903-195933_536_live,Rational Appeal,Neutral,8,8
20180903-195933_536_live,Acknowledgement,Neutral,9,9
20180903-203212_312_live,Greeting / Rapport,Neutral,0,0
20180903-203212_312_live,Charity Awareness Probe,Neutral,1,1
20180903-203212_312_live,Non-persuasive Other,Neutral,2,2
20180903-203212_312_live,Reciprocity,Interested,3,3
20180903-203212_312_live,Empathy Appeal,Neutral,5,5
20180903-203212_312_live,Acknowledgement,Neutral,6,6
20180903-203212_312_live,Reciprocity,Interested,7,7
20180903-203212_312_live,Acknowledgement,Neutral,8,8
20180903-203212_312_live,Conversation Closing,Neutral,9,9
20180903-212834_390_live,Greeting / Rapport,Neutral,0,0
20180903-212834_390_live,Charity Awareness Probe,Neutral,1,1
20180903-212834_390_live,Donation Baseline / Habit Probe,Interested,2,2
20180903-212834_390_live,Empathy Appeal,Interested,3,3
20180903-212834_390_live,Credibility Appeal,Neutral,4,4
20180903-212834_390_live,Storytelling,Not Interested,6,6
20180903-212834_390_live,Credibility Appeal,Neutral,7,7
20180903-212834_390_live,Rational Appeal,Neutral,8,8
20180903-212834_390_live,Credibility Appeal,Neutral,9,9
20180903-213644_620_live,Greeting / Rapport,Neutral,0,0
20180903-213644_620_live,Charity Awareness Probe,Neutral,1,1
20180903-213644_620_live,Non-persuasive Other,Neutral,2,2
20180903-213644_620_live,Rational Appeal,Neutral,3,3
20180903-213644_620_live,Rational Appeal,Interested,5,5
20180903-213644_620_live,Permission / Time Check,Neutral,6,6
20180903-213644_620_live,Framing,Neutral,7,7
20180903-213644_620_live,Framing,Interested,8,8
20180903-213644_620_live,Acknowledgement,Interested,9,9
20180903-214235_952_live,Greeting / Rapport,Neutral,0,0
20180903-214235_952_live,Greeting / Rapport,Neutral,1,1
20180903-214235_952_live,Appeal to Values,Interested,3,3
20180903-214235_952_live,Appeal to Values,Neutral,6,6
20180903-214235_952_live,Logistics / Coordination,Neutral,8,8
20180903-214235_952_live,Call to Action,Interested,9,9
20180903-214235_952_live,Conversation Closing,Neutral,10,10
20180903-215035_42_live,Donation Baseline / Habit Probe,Neutral,0,0
20180903-215035_42_live,Call to Action,Neutral,1,1
20180903-215035_42_live,Rational Appeal,Neutral,2,2
20180903-215035_42_live,Credibility Appeal,Neutral,3,3
20180903-215035_42_live,Rational Appeal,Neutral,5,5
20180903-215035_42_live,Logistics / Coordination,Neutral,6,6
20180903-215035_42_live,Call to Action,Interested,7,7
20180903-215035_42_live,Social Proof,Neutral,9,9
20180903-221028_490_live,Greeting / Rapport,Not Interested,0,0
20180903-221028_490_live,Charity Awareness Probe,Not Interested,1,1
20180903-221028_490_live,Empathy Appeal,Not Interested,2,2
20180903-221028_490_live,Charity Awareness Probe,Not Interested,3,3
20180903-221028_490_live,Rational Appeal,Not Interested,4,4
20180903-221028_490_live,Call to Action,Interested,6,6
20180903-221028_490_live,Rational Appeal,Interested,7,7
20180903-221028_490_live,Framing,Interested,9,9
20180903-221028_490_live,Acknowledgement,Interested,10,10
20180903-224911_659_live,Greeting / Rapport,Not Interested,0,0
20180903-224911_659_live,Greeting / Rapport,Not Interested,1,1
20180903-224911_659_live,Donation Baseline / Habit Probe,Neutral,2,2
20180903-224911_659_live,Appeal to Values,Interested,3,3
20180903-224911_659_live,Activation of Personal Commitment,Neutral,4,4
20180903-224911_659_live,Call to Action,Interested,7,7
20180903-224911_659_live,Commitment and Consistency,Interested,9,9
20180903-225340_198_live,Greeting / Rapport,Neutral,0,0
20180903-225340_198_live,Greeting / Rapport,Neutral,1,1
20180903-225340_198_live,Self-feeling Appeal,Not Interested,2,2
20180903-225340_198_live,Guilt Induction,Neutral,3,3
20180903-225340_198_live,Charity Awareness Probe,Neutral,5,5
20180903-225340_198_live,Storytelling,Neutral,6,6
20180903-225340_198_live,Credibility Appeal,Neutral,7,7
20180903-225340_198_live,Rational Appeal,Interested,8,8
20180903-225340_198_live,Acknowledgement,Neutral,9,9
20180903-231131_77_live,Greeting / Rapport,Neutral,0,0
20180903-231131_77_live,Charity Awareness Probe,Neutral,1,1
20180903-231131_77_live,Framing,Neutral,2,2
20180903-231131_77_live,Qualification / Segmentation,Interested,3,3
20180903-231131_77_live,Rational Appeal,Neutral,5,5
20180903-231131_77_live,Appeal to Values,Interested,6,6
20180903-231131_77_live,Framing,Interested,7,7
20180903-231131_77_live,Call to Action,Neutral,8,8
20180903-231131_77_live,Acknowledgement,Neutral,9,9
20180903-233729_555_live,Greeting / Rapport,Not Interested,0,0
20180903-233729_555_live,Charity Awareness Probe,Neutral,1,1
20180903-233729_555_live,Non-persuasive Other,Neutral,2,2
20180903-233729_555_live,Non-persuasive Other,Neutral,3,3
20180903-233729_555_live,Rational Appeal,Neutral,4,4
20180903-233729_555_live,Rational Appeal,Neutral,6,6
20180903-233729_555_live,Rational Appeal,Neutral,7,7
20180903-233729_555_live,Rational Appeal,Neutral,8,8
20180903-233729_555_live,Framing,Interested,9,9
20180903-235246_719_live,Charity Awareness Probe,Neutral,0,0
20180903-235246_719_live,Moral Appeal,Neutral,1,1
20180903-235246_719_live,Credibility Appeal,Neutral,2,2
20180903-235246_719_live,Credibility Appeal,Neutral,3,3
20180903-235246_719_live,Logical Appeal,Neutral,4,4
20180903-235246_719_live,Framing,Neutral,6,6
20180903-235246_719_live,Moral Appeal,Interested,7,7
20180903-235246_719_live,Loss Aversion Appeal,Interested,8,8
20180903-235246_719_live,Activation of Personal Commitment,Neutral,9,9
20180903-235644_695_live,Greeting / Rapport,Neutral,0,0
20180903-235644_695_live,Self-feeling Appeal,Neutral,1,1
20180903-235644_695_live,Greeting / Rapport,Neutral,2,2
20180903-235644_695_live,Empathy Appeal,Neutral,3,3
20180903-235644_695_live,Empathy Appeal,Neutral,4,4
20180903-235644_695_live,Greeting / Rapport,Neutral,5,5
20180903-235644_695_live,Greeting / Rapport,Neutral,7,7
20180903-235644_695_live,Greeting / Rapport,Neutral,8,8
20180903-235644_695_live,Liking,Interested,9,9
20180903-235644_695_live,Logistics / Coordination,Interested,10,10
20180903-235644_695_live,Greeting / Rapport,Neutral,11,11
20180903-235644_695_live,Acknowledgement,Neutral,12,12
20180904-001208_706_live,Appeal to Values,Neutral,0,0
20180904-001208_706_live,Donation Baseline / Habit Probe,Neutral,1,1
20180904-001208_706_live,Non-persuasive Other,Neutral,2,2
20180904-001208_706_live,Moral Appeal,Neutral,3,3
20180904-001208_706_live,Framing,Neutral,4,4
20180904-001208_706_live,Rational Appeal,Neutral,6,6
20180904-001208_706_live,Acknowledgement,Neutral,7,7
20180904-001208_706_live,Appeal to Values,Interested,8,8
20180904-001208_706_live,Unity,Interested,9,9
20180904-004818_580_live,Charity Awareness Probe,Neutral,0,0
20180904-004818_580_live,Appeal to Values,Neutral,1,1
20180904-004818_580_live,Credibility Appeal,Neutral,2,2
20180904-004818_580_live,Credibility Appeal,Neutral,3,3
20180904-004818_580_live,Rational Appeal,Neutral,4,4
20180904-004818_580_live,Credibility Appeal,Neutral,6,6
20180904-004818_580_live,Credibility Appeal,Neutral,7,7
20180904-004818_580_live,Appeal to Values,Neutral,8,8
20180904-004818_580_live,Framing,Interested,9,9
20180904-012448_306_live,Charity Awareness Probe,Neutral,0,0
20180904-012448_306_live,Acknowledgement,Neutral,1,1
20180904-012448_306_live,Social Proof,Neutral,2,2
20180904-012448_306_live,Credibility Appeal,Neutral,3,3
20180904-012448_306_live,Credibility Appeal,Neutral,5,5
20180904-012448_306_live,Non-persuasive Other,Neutral,6,6
20180904-012448_306_live,Empathy Appeal,Interested,7,7
20180904-012448_306_live,Unity,Neutral,8,8
20180904-012448_306_live,Self-feeling Appeal,Neutral,9,9
20180904-012828_299_live,Greeting / Rapport,Neutral,0,0
20180904-012828_299_live,Greeting / Rapport,Neutral,1,1
20180904-012828_299_live,Permission / Time Check,Neutral,2,2
20180904-012828_299_live,Qualification / Segmentation,Neutral,3,3
20180904-012828_299_live,Appeal to Values,Neutral,5,5
20180904-012828_299_live,Appeal to Values,Neutral,6,6
20180904-012828_299_live,Acknowledgement,Neutral,7,7
20180904-012828_299_live,Moral Appeal,Interested,8,8
20180904-012828_299_live,Framing,Not Interested,9,9
20180904-024226_703_live,Greeting / Rapport,Neutral,0,0
20180904-024226_703_live,Charity Awareness Probe,Neutral,1,1
20180904-024226_703_live,Charity Awareness Probe,Not Interested,2,2
20180904-024226_703_live,Social Proof,Interested,3,3
20180904-024226_703_live,Framing,Interested,5,5
20180904-024226_703_live,Appeal to Values,Neutral,7,7
20180904-024226_703_live,Non-persuasive Other,Neutral,8,8
20180904-024226_703_live,Non-persuasive Other,Neutral,9,9
20180904-025026_901_live,Permission / Time Check,Neutral,0,0
20180904-025026_901_live,Charity Awareness Probe,Neutral,1,1
20180904-025026_901_live,Moral Appeal,Neutral,3,3
20180904-025026_901_live,Credibility Appeal,Neutral,5,5
20180904-025026_901_live,Credibility Appeal,Interested,6,6
20180904-025026_901_live,Acknowledgement,Neutral,8,8
20180904-025026_901_live,Conversation Closing,Neutral,9,9
20180904-030739_178_live,Donation Baseline / Habit Probe,Interested,0,0
20180904-030739_178_live,Charity Awareness Probe,Neutral,1,1
20180904-030739_178_live,Non-persuasive Other,Neutral,2,2
20180904-030739_178_live,Storytelling,Neutral,3,3
20180904-030739_178_live,Credibility Appeal,Neutral,5,5
20180904-030739_178_live,Credibility Appeal,Neutral,6,6
20180904-030739_178_live,Appeal to Values,Neutral,7,7
20180904-030739_178_live,Call to Action,Neutral,8,8
20180904-030739_178_live,Logistics / Coordination,Neutral,9,9
20180904-032932_423_live,Call to Action,Interested,0,0
20180904-032932_423_live,Charity Awareness Probe,Interested,1,1
20180904-032932_423_live,Rational Appeal,Neutral,2,2
20180904-032932_423_live,Appeal to Values,Neutral,3,3
20180904-032932_423_live,Credibility Appeal,Neutral,4,4
20180904-032932_423_live,Rational Appeal,Neutral,6,6
20180904-032932_423_live,Rational Appeal,Neutral,7,7
20180904-032932_423_live,Credibility Appeal,Interested,8,8
20180904-032932_423_live,Logistics / Coordination,Interested,9,9
20180904-043300_214_live,Greeting / Rapport,Neutral,0,0
20180904-043300_214_live,Acknowledgement,Neutral,1,1
20180904-043300_214_live,Charity Awareness Probe,Neutral,2,2
20180904-043300_214_live,Rational Appeal,Neutral,3,3
20180904-043300_214_live,Credibility Appeal,Neutral,5,5
20180904-043300_214_live,Logistics / Coordination,Neutral,6,6
20180904-043300_214_live,Non-persuasive Other,Neutral,7,7
20180904-043300_214_live,Acknowledgement,Neutral,8,8
20180904-043300_214_live,Non-persuasive Other,Neutral,9,9
20180904-045349_715_live,Greeting / Rapport,Neutral,0,0
20180904-045349_715_live,Greeting / Rapport,Neutral,1,1
20180904-045349_715_live,Greeting / Rapport,Neutral,2,2
20180904-045349_715_live,Qualification / Segmentation,Neutral,3,3
20180904-045349_715_live,Greeting / Rapport,Neutral,4,4
20180904-045349_715_live,Acknowledgement,Neutral,6,6
20180904-045349_715_live,Charity Awareness Probe,Neutral,7,7
20180904-045349_715_live,Appeal to Values,Neutral,8,8
20180904-050435_387_live,Greeting / Rapport,Neutral,0,0
20180904-050435_387_live,Charity Awareness Probe,Neutral,1,1
20180904-050435_387_live,Appeal to Values,Neutral,2,2
20180904-050435_387_live,Logistics / Coordination,Neutral,3,3
20180904-050435_387_live,Rational Appeal,Neutral,4,4
20180904-050435_387_live,Credibility Appeal,Interested,6,6
20180904-050435_387_live,Moral Appeal,Interested,7,7
20180904-050435_387_live,Reciprocity,Not Interested,8,8
20180904-050435_387_live,Reciprocity,Not Interested,9,9
20180904-051519_852_live,Greeting / Rapport,Neutral,0,0
20180904-051519_852_live,Greeting / Rapport,Neutral,1,1
20180904-051519_852_live,Moral Appeal,Interested,2,2
20180904-051519_852_live,Rational Appeal,Interested,3,3
20180904-051519_852_live,Activation of Personal Commitment,Interested,5,5
20180904-051519_852_live,Acknowledgement,Neutral,6,6
20180904-051519_852_live,Logistics / Coordination,Neutral,7,7
20180904-051519_852_live,Appeal to Values,Neutral,8,8
20180904-051519_852_live,Conversation Closing,Neutral,9,9
20180904-052026_52_live,Charity Awareness Probe,Neutral,0,0
20180904-052026_52_live,Donation Baseline / Habit Probe,Neutral,1,1
20180904-052026_52_live,Charity Awareness Probe,Neutral,2,2
20180904-052026_52_live,Charity Awareness Probe,Neutral,4,4
20180904-052026_52_live,Rational Appeal,Neutral,6,6
20180904-052026_52_live,Rational Appeal,Neutral,7,7
20180904-052026_52_live,Call to Action,Interested,8,8
20180904-052026_52_live,Commitment and Consistency,Neutral,9,9
20180904-053728_415_live,Moral Appeal,Interested,0,0
20180904-053728_415_live,Charity Awareness Probe,Interested,1,1
20180904-053728_415_live,Appeal to Values,Interested,2,2
20180904-053728_415_live,Commitment and Consistency,Interested,3,3
20180904-053728_415_live,Framing,Interested,5,5
20180904-053728_415_live,Appeal to Values,Interested,6,6
20180904-053728_415_live,Appeal to Values,Interested,7,7
20180904-053728_415_live,Call to Action,Interested,8,8
20180904-053728_415_live,Acknowledgement,Interested,9,9
20180904-054911_684_live,Greeting / Rapport,Neutral,0,0
20180904-054911_684_live,Charity Awareness Probe,Interested,1,1
20180904-054911_684_live,Social Proof,Interested,2,2
20180904-054911_684_live,Charity Awareness Probe,Neutral,3,3
20180904-054911_684_live,Rational Appeal,Neutral,5,5
20180904-054911_684_live,Appeal to Values,Neutral,6,6
20180904-054911_684_live,Call to Action,Interested,7,7
20180904-054911_684_live,Acknowledgement,Interested,8,8
20180904-054911_684_live,Acknowledgement,Neutral,9,9
20180904-055231_835_live,Greeting / Rapport,Neutral,0,0
20180904-055231_835_live,Greeting / Rapport,Neutral,1,1
20180904-055231_835_live,Non-persuasive Other,Neutral,2,2
20180904-055231_835_live,Call to Action,Interested,3,3
20180904-055231_835_live,Reciprocity,Interested,5,5
20180904-055231_835_live,Moral Appeal,Neutral,6,6
20180904-055231_835_live,Rational Appeal,Interested,7,7
20180904-055231_835_live,Rational Appeal,Interested,8,8
20180904-055231_835_live,Reciprocity,Interested,9,9
20180904-060802_653_live,Greeting / Rapport,Neutral,0,0
20180904-060802_653_live,Charity Awareness Probe,Neutral,1,1
20180904-060802_653_live,Non-persuasive Other,Neutral,2,2
20180904-060802_653_live,Rational Appeal,Neutral,3,3
20180904-060802_653_live,Fear Appeal,Neutral,5,5
20180904-060802_653_live,Rational Appeal,Neutral,6,6
20180904-060802_653_live,Moral Appeal,Interested,7,7
20180904-060802_653_live,Foot-in-the-door,Neutral,8,8
20180904-060802_653_live,Acknowledgement,Interested,9,9
20180904-062111_628_live,Call to Action,Neutral,0,0
20180904-062111_628_live,Appeal to Values,Neutral,1,1
20180904-062111_628_live,Rational Appeal,Neutral,2,2
20180904-062111_628_live,Rational Appeal,Neutral,3,3
20180904-062111_628_live,Credibility Appeal,Neutral,5,5
20180904-062111_628_live,Logistics / Coordination,Neutral,6,6
20180904-062111_628_live,Call to Action,Interested,8,8
20180904-062111_628_live,Acknowledgement,Interested,9,9
20180904-064114_258_live,Greeting / Rapport,Neutral,0,0
20180904-064114_258_live,Donation Baseline / Habit Probe,Not Interested,1,1
20180904-064114_258_live,Donation Baseline / Habit Probe,Neutral,2,2
20180904-064114_258_live,Unity,Not Interested,3,3
20180904-064114_258_live,Rational Appeal,Neutral,5,5
20180904-064114_258_live,Pre-giving,Not Interested,6,6
20180904-064114_258_live,Acknowledgement,Neutral,7,7
20180904-064114_258_live,Pre-giving,Neutral,8,8
20180904-064114_258_live,Conversation Closing,Neutral,9,9
20180904-065729_541_live,Greeting / Rapport,Not Interested,0,0
20180904-065729_541_live,Qualification / Segmentation,Neutral,1,1
20180904-065729_541_live,Charity Awareness Probe,Neutral,2,2
20180904-065729_541_live,Non-persuasive Other,Neutral,3,3
20180904-065729_541_live,Commitment and Consistency,Neutral,7,7
20180904-065729_541_live,Logistics / Coordination,Neutral,8,8
20180904-065729_541_live,Conversation Closing,Neutral,9,9
20180904-073348_848_live,Greeting / Rapport,Not Interested,0,0
20180904-073348_848_live,Acknowledgement,Not Interested,1,1
20180904-073348_848_live,Non-persuasive Other,Not Interested,2,2
20180904-073348_848_live,Moral Appeal,Neutral,3,3
20180904-073348_848_live,Framing,Not Interested,6,6
20180904-073348_848_live,Self-feeling Appeal,Not Interested,7,7
20180904-073348_848_live,Call to Action,Interested,8,8
20180904-073348_848_live,Call to Action,Interested,9,9
20180904-073734_888_live,Greeting / Rapport,Neutral,0,0
20180904-073734_888_live,Permission / Time Check,Neutral,1,1
20180904-073734_888_live,Appeal to Values,Neutral,2,2
20180904-073734_888_live,Rational Appeal,Interested,3,3
20180904-073734_888_live,Rational Appeal,Interested,6,6
20180904-073734_888_live,Acknowledgement,Interested,7,7
20180904-073734_888_live,Logistics / Coordination,Neutral,8,8
20180904-073734_888_live,Logistics / Coordination,Interested,9,9
20180904-075212_668_live,Greeting / Rapport,Neutral,0,0
20180904-075212_668_live,Greeting / Rapport,Neutral,1,1
20180904-075212_668_live,Charity Awareness Probe,Neutral,2,2
20180904-075212_668_live,Appeal to Values,Interested,3,3
20180904-075212_668_live,Qualification / Segmentation,Neutral,5,5
20180904-075212_668_live,Qualification / Segmentation,Neutral,6,6
20180904-075212_668_live,Greeting / Rapport,Neutral,7,7
20180904-075212_668_live,Emotional Appeal,Neutral,8,8
20180904-075212_668_live,Rational Appeal,Neutral,9,9
20180904-080304_646_live,Greeting / Rapport,Neutral,0,0
20180904-080304_646_live,Greeting / Rapport,Neutral,1,1
20180904-080304_646_live,Charity Awareness Probe,Neutral,2,2
20180904-080304_646_live,Moral Appeal,Interested,3,3
20180904-080304_646_live,Moral Appeal,Interested,5,5
20180904-080304_646_live,Acknowledgement,Interested,6,6
20180904-080304_646_live,Conversation Closing,Neutral,7,7
20180904-080304_646_live,Conversation Closing,Neutral,8,8
20180904-080304_646_live,Conversation Closing,Neutral,9,9
20180904-082430_252_live,Call to Action,Neutral,1,1
20180904-082430_252_live,Rational Appeal,Neutral,2,2
20180904-082430_252_live,Appeal to Values,Neutral,3,3
20180904-082430_252_live,Rational Appeal,Neutral,4,4
20180904-082430_252_live,Logistics / Coordination,Neutral,6,6
20180904-082430_252_live,Logistics / Coordination,Neutral,7,7
20180904-082430_252_live,Logistics / Coordination,Interested,8,8
20180904-083727_564_live,Greeting / Rapport,Neutral,0,0
20180904-083727_564_live,Greeting / Rapport,Neutral,1,1
20180904-083727_564_live,Greeting / Rapport,Neutral,2,2
20180904-083727_564_live,Sympathy Appeal,Not Interested,3,3
20180904-083727_564_live,Reciprocity,Interested,4,4
20180904-083727_564_live,Non-persuasive Other,Neutral,6,6
20180904-083727_564_live,Storytelling,Neutral,7,7
20180904-083727_564_live,Donation Baseline / Habit Probe,Neutral,8,8
20180904-083727_564_live,Conversation Closing,Neutral,10,10
20180904-090242_588_live,Greeting / Rapport,Neutral,0,0
20180904-090242_588_live,Greeting / Rapport,Neutral,1,1
20180904-090242_588_live,Charity Awareness Probe,Neutral,2,2
20180904-090242_588_live,Appeal to Values,Not Interested,3,3
20180904-090242_588_live,Self-feeling Appeal,Interested,4,4
20180904-090242_588_live,Reciprocity,Neutral,6,6
20180904-090242_588_live,Non-persuasive Other,Neutral,7,7
20180904-090242_588_live,Greeting / Rapport,Neutral,8,8
20180904-090242_588_live,Acknowledgement,Neutral,10,10
20180904-090422_355_live,Greeting / Rapport,Neutral,0,0
20180904-090422_355_live,Greeting / Rapport,Neutral,1,1
20180904-090422_355_live,Greeting / Rapport,Neutral,2,2
20180904-090422_355_live,Greeting / Rapport,Neutral,3,3
20180904-090422_355_live,Greeting / Rapport,Neutral,5,5
20180904-090422_355_live,Call to Action,Interested,7,7
20180904-090422_355_live,Charity Awareness Probe,Interested,8,8
20180904-090422_355_live,Acknowledgement,Neutral,9,9
20180904-091237_363_live,Greeting / Rapport,Neutral,0,0
20180904-091237_363_live,Charity Awareness Probe,Neutral,1,1
20180904-091237_363_live,Non-persuasive Other,Neutral,2,2
20180904-091237_363_live,Framing,Neutral,3,3
20180904-091237_363_live,Non-persuasive Other,Neutral,5,5
20180904-091237_363_live,Rational Appeal,Interested,7,7
20180904-093015_67_live,Call to Action,Neutral,0,0
20180904-093015_67_live,Credibility Appeal,Interested,1,1
20180904-093015_67_live,Empathy Appeal,Interested,2,2
20180904-093015_67_live,Foot-in-the-door,Neutral,3,3
20180904-093015_67_live,Credibility Appeal,Neutral,6,6
20180904-093015_67_live,Self-feeling Appeal,Interested,7,7
20180904-093015_67_live,Logistics / Coordination,Neutral,8,8
20180904-093015_67_live,Acknowledgement,Neutral,9,9
20180904-100019_870_live,Greeting / Rapport,Not Interested,0,0
20180904-100019_870_live,Greeting / Rapport,Neutral,1,1
20180904-100019_870_live,Greeting / Rapport,Neutral,2,2
20180904-100019_870_live,Greeting / Rapport,Neutral,3,3
20180904-100019_870_live,Greeting / Rapport,Neutral,4,4
20180904-100019_870_live,Call to Action,Interested,6,6
20180904-100019_870_live,Commitment and Consistency,Interested,7,7
20180904-100019_870_live,Rational Appeal,Neutral,8,8
20180904-100019_870_live,Self-feeling Appeal,Neutral,9,9
20180904-102547_933_live,Greeting / Rapport,Neutral,0,0
20180904-102547_933_live,Greeting / Rapport,Neutral,1,1
20180904-102547_933_live,Non-persuasive Other,Neutral,2,2
20180904-102547_933_live,Rational Appeal,Neutral,3,3
20180904-102547_933_live,Acknowledgement,Interested,4,4
20180904-102547_933_live,Framing,Interested,6,6
20180904-102547_933_live,Credibility Appeal,Interested,7,7
20180904-102547_933_live,Rational Appeal,Interested,8,8
20180904-102547_933_live,Acknowledgement,Interested,9,9
20180904-102547_933_live,Reciprocity,Interested,10,10
20180904-110536_308_live,Greeting / Rapport,Not Interested,0,0
20180904-110536_308_live,Greeting / Rapport,Not Interested,1,1
20180904-110536_308_live,Charity Awareness Probe,Neutral,2,2
20180904-110536_308_live,Rational Appeal,Interested,3,3
20180904-110536_308_live,Call to Action,Interested,4,4
20180904-110536_308_live,Charity Awareness Probe,Neutral,6,6
20180904-110536_308_live,Greeting / Rapport,Neutral,7,7
20180904-110536_308_live,Greeting / Rapport,Neutral,8,8
20180904-110536_308_live,Logical Appeal,Neutral,9,9
20180904-110536_308_live,Acknowledgement,Neutral,10,10
20180904-133536_2_live,Greeting / Rapport,Neutral,0,0
20180904-133536_2_live,Donation Baseline / Habit Probe,Interested,1,1
20180904-133536_2_live,Charity Awareness Probe,Neutral,2,2
20180904-133536_2_live,Call to Action,Interested,5,5
20180904-133536_2_live,Framing,Interested,6,6
20180904-133536_2_live,Acknowledgement,Neutral,7,7
20180904-133536_2_live,Framing,Neutral,8,8
20180904-133536_2_live,Conversation Closing,Neutral,9,9
20180904-135050_839_live,Greeting / Rapport,Neutral,0,0
20180904-135050_839_live,Greeting / Rapport,Neutral,1,1
20180904-135050_839_live,Charity Awareness Probe,Neutral,2,2
20180904-135050_839_live,Qualification / Segmentation,Neutral,4,4
20180904-135050_839_live,Credibility Appeal,Neutral,6,6
20180904-135050_839_live,Rational Appeal,Interested,7,7
20180904-135050_839_live,Non-persuasive Other,Neutral,9,9
20180904-151308_935_live,Greeting / Rapport,Neutral,0,0
20180904-151308_935_live,Greeting / Rapport,Neutral,1,1
20180904-151308_935_live,Donation Baseline / Habit Probe,Not Interested,2,2
20180904-151308_935_live,Charity Awareness Probe,Neutral,3,3
20180904-151308_935_live,Framing,Interested,5,5
20180904-151308_935_live,Commitment and Consistency,Neutral,6,6
20180904-151308_935_live,Empathy Appeal,Neutral,7,7
20180904-151308_935_live,Credibility Appeal,Neutral,8,8
20180904-151308_935_live,Acknowledgement,Neutral,9,9
20180904-151613_546_live,Greeting / Rapport,Neutral,0,0
20180904-151613_546_live,Empathy Appeal,Not Interested,1,1
20180904-151613_546_live,Guilt Induction,Not Interested,3,3
20180904-151613_546_live,Guilt Induction,Neutral,4,4
20180904-151613_546_live,Storytelling,Neutral,6,6
20180904-151613_546_live,Framing,Neutral,7,7
20180904-151613_546_live,Credibility Appeal,Neutral,8,8
20180904-151613_546_live,Moral Appeal,Neutral,9,9
20180904-151613_546_live,Framing,Not Interested,10,10
20180904-151909_144_live,Greeting / Rapport,Neutral,0,0
20180904-151909_144_live,Greeting / Rapport,Neutral,1,1
20180904-151909_144_live,Charity Awareness Probe,Neutral,2,2
20180904-151909_144_live,Rational Appeal,Interested,5,5
20180904-151909_144_live,Credibility Appeal,Neutral,6,6
20180904-151909_144_live,Credibility Appeal,Interested,7,7
20180904-151909_144_live,Reciprocity,Neutral,8,8
20180904-151909_144_live,Commitment and Consistency,Interested,9,9
20180904-152255_763_live,Charity Awareness Probe,Neutral,0,0
20180904-152255_763_live,Rational Appeal,Neutral,1,1
20180904-152255_763_live,Call to Action,Interested,2,2
20180904-152255_763_live,Rational Appeal,Neutral,3,3
20180904-152255_763_live,Call to Action,Interested,5,5
20180904-152255_763_live,Call to Action,Interested,6,6
20180904-152255_763_live,Acknowledgement,Interested,7,7
20180904-152255_763_live,Donation Baseline / Habit Probe,Interested,8,8
20180904-152255_763_live,Acknowledgement,Neutral,9,9
20180904-152519_728_live,Charity Awareness Probe,Interested,0,0
20180904-152519_728_live,Rational Appeal,Interested,1,1
20180904-152519_728_live,Credibility Appeal,Interested,2,2
20180904-152519_728_live,Storytelling,Neutral,3,3
20180904-152519_728_live,Rational Appeal,Neutral,4,4
20180904-152519_728_live,Framing,Interested,7,7
20180904-152519_728_live,Storytelling,Neutral,9,9
20180904-152519_728_live,Acknowledgement,Neutral,10,10
20180904-153333_396_live,Greeting / Rapport,Neutral,0,0
20180904-153333_396_live,Donation Baseline / Habit Probe,Neutral,1,1
20180904-153333_396_live,Framing,Not Interested,2,2
20180904-153333_396_live,Non-persuasive Other,Neutral,3,3
20180904-153333_396_live,Credibility Appeal,Neutral,4,4
20180904-153333_396_live,Framing,Interested,8,8
20180904-153333_396_live,Pre-giving,Interested,9,9
20180904-153641_72_live,Greeting / Rapport,Neutral,0,0
20180904-153641_72_live,Charity Awareness Probe,Neutral,1,1
20180904-153641_72_live,Appeal to Values,Interested,2,2
20180904-153641_72_live,Rational Appeal,Neutral,3,3
20180904-153641_72_live,Charity Awareness Probe,Neutral,4,4
20180904-153641_72_live,Credibility Appeal,Neutral,6,6
20180904-153641_72_live,Rational Appeal,Neutral,7,7
20180904-153641_72_live,Rational Appeal,Neutral,8,8
20180904-153641_72_live,Rational Appeal,Neutral,9,9
20180904-154223_473_live,Charity Awareness Probe,Not Interested,0,0
20180904-154223_473_live,Call to Action,Not Interested,1,1
20180904-154223_473_live,Acknowledgement,Not Interested,2,2
20180904-154223_473_live,Moral Appeal,Neutral,3,3
20180904-154223_473_live,Non-persuasive Other,Interested,5,5
20180904-154223_473_live,Rational Appeal,Interested,6,6
20180904-154223_473_live,Emotional Appeal,Neutral,7,7
20180904-154223_473_live,Reciprocity,Neutral,8,8
20180904-154223_473_live,Conversation Closing,Neutral,9,9
20180904-154250_98_live,Greeting / Rapport,Neutral,0,0
20180904-154250_98_live,Greeting / Rapport,Neutral,1,1
20180904-154250_98_live,Charity Awareness Probe,Neutral,2,2
20180904-154250_98_live,Non-persuasive Other,Interested,3,3
20180904-154250_98_live,Framing,Neutral,5,5
20180904-154250_98_live,Framing,Interested,7,7
20180904-154250_98_live,Acknowledgement,Interested,8,8
20180904-154250_98_live,Conversation Closing,Neutral,9,9
BAD_20180807-204848_414_live,Charity Awareness Probe,Not Interested,0,0
BAD_20180807-204848_414_live,Appeal to Values,Neutral,1,1
BAD_20180807-204848_414_live,Permission / Time Check,Interested,2,2
BAD_20180807-204848_414_live,Rational Appeal,Neutral,3,3
BAD_20180807-204848_414_live,Call to Action,Neutral,5,5
BAD_20180807-204848_414_live,Empathy Appeal,Neutral,6,6
BAD_20180807-204848_414_live,Non-persuasive Other,Neutral,7,7
BAD_20180807-204848_414_live,Pre-giving,Interested,8,8
BAD_20180807-204848_414_live,Rewarding Activity,Interested,9,9
BAD_20180808-034739_90_live,Non-persuasive Other,Interested,0,0
BAD_20180808-034739_90_live,Empathy Appeal,Neutral,1,1
BAD_20180808-034739_90_live,Empathy Appeal,Interested,2,2
BAD_20180808-034739_90_live,Call to Action,Neutral,3,3
BAD_20180808-034739_90_live,Charity Awareness Probe,Neutral,5,5
BAD_20180808-034739_90_live,Call to Action,Interested,6,6
BAD_20180808-034739_90_live,Donation Baseline / Habit Probe,Interested,7,7
BAD_20180808-034739_90_live,Commitment and Consistency,Interested,8,8
BAD_20180808-034739_90_live,Credibility Appeal,Neutral,9,9
BAD_20180808-041018_801_live,Fear Appeal,Neutral,0,0
BAD_20180808-041018_801_live,Moral Appeal,Neutral,1,1
BAD_20180808-041018_801_live,Call to Action,Neutral,2,2
BAD_20180808-041018_801_live,Acknowledgement,Neutral,3,3
BAD_20180808-041018_801_live,Acknowledgement,Neutral,5,5
BAD_20180808-041018_801_live,Acknowledgement,Neutral,6,6
BAD_20180808-041018_801_live,Moral Appeal,Interested,7,7
BAD_20180808-041018_801_live,Acknowledgement,Neutral,8,8
BAD_20180808-041018_801_live,Credibility Appeal,Interested,9,9
BAD_20180808-043616_523_live,Greeting / Rapport,Not Interested,0,0
BAD_20180808-043616_523_live,Fear Appeal,Not Interested,1,1
BAD_20180808-043616_523_live,Sympathy Appeal,Not Interested,2,2
BAD_20180808-043616_523_live,Commitment and Consistency,Interested,5,5
BAD_20180808-043616_523_live,Acknowledgement,Neutral,6,6
BAD_20180808-043616_523_live,Rational Appeal,Neutral,7,7
BAD_20180808-043616_523_live,Appeal to Values,Neutral,8,8
BAD_20180808-043616_523_live,Conversation Closing,Neutral,9,9
BAD_20180808-044211_897_live,Moral Appeal,Neutral,0,0
BAD_20180808-044211_897_live,Logistics / Coordination,Neutral,2,2
BAD_20180808-044211_897_live,Acknowledgement,Neutral,3,3
BAD_20180808-044211_897_live,Donation Baseline / Habit Probe,Interested,5,5
BAD_20180808-044211_897_live,Acknowledgement,Neutral,6,6
BAD_20180808-044211_897_live,Non-persuasive Other,Neutral,7,7
BAD_20180808-044211_897_live,Greeting / Rapport,Neutral,8,8
BAD_20180808-044211_897_live,Emotional Manipulation,Interested,9,9
BAD_20180808-050547_490_live,Greeting / Rapport,Neutral,0,0
BAD_20180808-050547_490_live,Rewarding Activity,Interested,1,1
BAD_20180808-050547_490_live,Non-persuasive Other,Interested,2,2
BAD_20180808-050547_490_live,Logistics / Coordination,Neutral,3,3
BAD_20180808-050547_490_live,Framing,Neutral,5,5
BAD_20180808-050547_490_live,Acknowledgement,Neutral,6,6
BAD_20180808-050547_490_live,Acknowledgement,Neutral,7,7
BAD_20180808-050547_490_live,Non-persuasive Other,Neutral,8,8
BAD_20180808-050547_490_live,Acknowledgement,Neutral,9,9
BAD_20180808-054855_138_live,Greeting / Rapport,Neutral,0,0
BAD_20180808-054855_138_live,Pre-giving,Interested,1,1
BAD_20180808-054855_138_live,Pre-giving,Interested,2,2
BAD_20180808-054855_138_live,Framing,Neutral,3,3
BAD_20180808-054855_138_live,Acknowledgement,Neutral,5,5
BAD_20180808-054855_138_live,Greeting / Rapport,Neutral,6,6
BAD_20180808-054855_138_live,Non-persuasive Other,Interested,7,7
BAD_20180808-054855_138_live,Conversation Closing,Neutral,8,8
BAD_20180808-054855_138_live,Non-persuasive Other,Neutral,9,9
BAD_20180808-061511_890_live,Greeting / Rapport,Not Interested,0,0
BAD_20180808-061511_890_live,Charity Awareness Probe,Not Interested,1,1
BAD_20180808-061511_890_live,Qualification / Segmentation,Not Interested,2,2
BAD_20180808-061511_890_live,Qualification / Segmentation,Not Interested,3,3
BAD_20180808-061511_890_live,Emotional Appeal,Neutral,5,5
BAD_20180808-061511_890_live,Call to Action,Neutral,6,6
BAD_20180808-061511_890_live,Moral Appeal,Not Interested,7,7
BAD_20180808-061511_890_live,Acknowledgement,Neutral,8,8
BAD_20180808-061511_890_live,Fear Appeal,Not Interested,9,9
BAD_20180824-020444_983_live,Greeting / Rapport,Interested,0,0
BAD_20180824-020444_983_live,Activation of Personal Commitment,Interested,1,1
BAD_20180824-020444_983_live,Acknowledgement,Interested,2,2
BAD_20180824-020444_983_live,Acknowledgement,Neutral,3,3
BAD_20180824-020444_983_live,Greeting / Rapport,Neutral,5,5
BAD_20180824-020444_983_live,Moral Appeal,Neutral,6,6
BAD_20180824-020444_983_live,Non-persuasive Other,Neutral,8,8
BAD_20180824-020444_983_live,Appeal to Values,Neutral,9,9
BAD_20180827-011458_738_live,Greeting / Rapport,Not Interested,0,0
BAD_20180827-011458_738_live,Greeting / Rapport,Not Interested,1,1
BAD_20180827-011458_738_live,Greeting / Rapport,Not Interested,2,2
BAD_20180827-011458_738_live,Non-persuasive Other,Not Interested,3,3
BAD_20180827-011458_738_live,Qualification / Segmentation,Not Interested,4,4
BAD_20180827-011458_738_live,Charity Awareness Probe,Not Interested,6,6
BAD_20180827-011458_738_live,Appeal to Values,Not Interested,7,7
BAD_20180827-011458_738_live,Call to Action,Interested,8,8
BAD_20180827-011458_738_live,Non-persuasive Other,Not Interested,9,9
BAD_20180827-011514_576_live,Greeting / Rapport,Neutral,0,0
BAD_20180827-011514_576_live,Acknowledgement,Neutral,1,1
BAD_20180827-011514_576_live,Greeting / Rapport,Neutral,2,2
BAD_20180827-011514_576_live,Charity Awareness Probe,Neutral,3,3
BAD_20180827-011514_576_live,Donation Baseline / Habit Probe,Neutral,5,5
BAD_20180827-011514_576_live,Donation Baseline / Habit Probe,Neutral,6,6
BAD_20180827-011514_576_live,Non-persuasive Other,Interested,7,7
BAD_20180827-011514_576_live,Non-persuasive Other,Neutral,8,8
BAD_20180827-011514_576_live,Charity Awareness Probe,Interested,9,9
BAD_20180827-013600_477_live,Greeting / Rapport,Neutral,0,0
BAD_20180827-013600_477_live,Greeting / Rapport,Neutral,1,1
BAD_20180827-013600_477_live,Non-persuasive Other,Neutral,2,2
BAD_20180827-013600_477_live,Non-persuasive Other,Neutral,3,3
BAD_20180827-013600_477_live,Charity Awareness Probe,Neutral,5,5
BAD_20180827-013600_477_live,Greeting / Rapport,Neutral,6,6
BAD_20180827-013600_477_live,Donation Baseline / Habit Probe,Interested,8,8
BAD_20180827-013600_477_live,Donation Baseline / Habit Probe,Neutral,9,9
BAD_20180827-013921_398_live,Greeting / Rapport,Not Interested,0,0
BAD_20180827-013921_398_live,Moral Appeal,Neutral,1,1
BAD_20180827-013921_398_live,Acknowledgement,Not Interested,2,2
BAD_20180827-013921_398_live,Guilt Induction,Interested,3,3
BAD_20180827-013921_398_live,Moral Appeal,Neutral,5,5
BAD_20180827-013921_398_live,Non-persuasive Other,Neutral,6,6
BAD_20180827-013921_398_live,Acknowledgement,Neutral,7,7
BAD_20180827-013921_398_live,Non-persuasive Other,Neutral,8,8
BAD_20180827-013921_398_live,Acknowledgement,Neutral,9,9
BAD_20180827-014220_596_live,Greeting / Rapport,Neutral,0,0
BAD_20180827-014220_596_live,Greeting / Rapport,Neutral,1,1
BAD_20180827-014220_596_live,Charity Awareness Probe,Interested,2,2
BAD_20180827-014220_596_live,Qualification / Segmentation,Neutral,3,3
BAD_20180827-014220_596_live,Non-persuasive Other,Neutral,4,4
BAD_20180827-014220_596_live,Appeal to Values,Neutral,6,6
BAD_20180827-014220_596_live,Social Proof,Interested,7,7
BAD_20180827-014220_596_live,Donation Baseline / Habit Probe,Not Interested,8,8
BAD_20180827-014220_596_live,Logistics / Coordination,Neutral,9,9
BAD_20180827-014924_437_live,Greeting / Rapport,Neutral,0,0
BAD_20180827-014924_437_live,Charity Awareness Probe,Neutral,1,1
BAD_20180827-014924_437_live,Donation Baseline / Habit Probe,Interested,2,2
BAD_20180827-020310_987_live,Greeting / Rapport,Not Interested,0,0
BAD_20180827-020310_987_live,Greeting / Rapport,Not Interested,1,1
BAD_20180827-020310_987_live,Charity Awareness Probe,Not Interested,2,2
BAD_20180827-020310_987_live,Donation Baseline / Habit Probe,Interested,3,3
BAD_20180827-020310_987_live,Appeal to Values,Not Interested,5,5
BAD_20180827-020310_987_live,Acknowledgement,Not Interested,6,6
BAD_20180827-020310_987_live,Greeting / Rapport,Not Interested,7,7
BAD_20180827-020310_987_live,Non-persuasive Other,Not Interested,8,8
BAD_20180827-020310_987_live,Acknowledgement,Not Interested,9,9
BAD_20180827-020402_248_live,Greeting / Rapport,Neutral,0,0
BAD_20180827-020402_248_live,Acknowledgement,Neutral,1,1
BAD_20180827-020402_248_live,Non-persuasive Other,Neutral,2,2
BAD_20180827-020402_248_live,Storytelling,Neutral,3,3
BAD_20180827-020402_248_live,Call to Action,Interested,5,5
BAD_20180827-020402_248_live,Donation Baseline / Habit Probe,Interested,6,6
BAD_20180827-020402_248_live,Framing,Neutral,7,7
BAD_20180827-020402_248_live,Non-persuasive Other,Neutral,8,8
BAD_20180827-020402_248_live,Non-persuasive Other,Neutral,9,9
BAD_20180827-025526_603_live,Greeting / Rapport,Not Interested,0,0
BAD_20180827-025526_603_live,Greeting / Rapport,Neutral,1,1
BAD_20180827-025526_603_live,Qualification / Segmentation,Neutral,2,2
BAD_20180827-025526_603_live,Charity Awareness Probe,Interested,3,3
BAD_20180827-025526_603_live,Non-persuasive Other,Neutral,5,5
BAD_20180827-025526_603_live,Acknowledgement,Neutral,6,6
BAD_20180827-025526_603_live,Call to Action,Interested,7,7
BAD_20180827-025526_603_live,Donation Baseline / Habit Probe,Interested,8,8
BAD_20180827-025526_603_live,Call to Action,Interested,9,9
BAD_20180827-025716_257_live,Greeting / Rapport,Not Interested,0,0
BAD_20180827-025716_257_live,Greeting / Rapport,Neutral,1,1
BAD_20180827-025716_257_live,Non-persuasive Other,Not Interested,2,2
BAD_20180827-025716_257_live,Charity Awareness Probe,Interested,3,3
BAD_20180827-025716_257_live,Non-persuasive Other,Neutral,5,5
BAD_20180827-025716_257_live,Non-persuasive Other,Neutral,7,7
BAD_20180827-025716_257_live,Qualification / Segmentation,Neutral,8,8
BAD_20180827-025716_257_live,Donation Baseline / Habit Probe,Neutral,9,9
BAD_20180827-031024_82_live,Greeting / Rapport,Neutral,0,0
BAD_20180827-031024_82_live,Greeting / Rapport,Neutral,1,1
BAD_20180827-031024_82_live,Acknowledgement,Neutral,2,2
BAD_20180827-031024_82_live,Charity Awareness Probe,Neutral,3,3
BAD_20180827-031024_82_live,Acknowledgement,Neutral,5,5
BAD_20180827-031024_82_live,Acknowledgement,Neutral,6,6
BAD_20180827-031024_82_live,Framing,Neutral,7,7
BAD_20180827-031024_82_live,Donation Baseline / Habit Probe,Interested,8,8
BAD_20180827-031024_82_live,Charity Awareness Probe,Interested,9,9
BAD_20180827-032414_31_live,Greeting / Rapport,Not Interested,0,0
BAD_20180827-032414_31_live,Qualification / Segmentation,Neutral,1,1
BAD_20180827-032414_31_live,Greeting / Rapport,Neutral,2,2
BAD_20180827-032414_31_live,Charity Awareness Probe,Neutral,3,3
BAD_20180827-032414_31_live,Non-persuasive Other,Neutral,5,5
BAD_20180827-032414_31_live,Donation Baseline / Habit Probe,Interested,6,6
BAD_20180827-032414_31_live,Call to Action,Interested,7,7
BAD_20180827-032414_31_live,Acknowledgement,Neutral,8,8
BAD_20180827-032414_31_live,Acknowledgement,Neutral,9,9
BAD_20180827-034337_71_live,Greeting / Rapport,Not Interested,0,0
BAD_20180827-034337_71_live,Greeting / Rapport,Neutral,1,1
BAD_20180827-034337_71_live,Greeting / Rapport,Neutral,2,2
BAD_20180827-034337_71_live,Charity Awareness Probe,Neutral,3,3
BAD_20180827-034337_71_live,Donation Baseline / Habit Probe,Interested,5,5
BAD_20180827-034337_71_live,Donation Baseline / Habit Probe,Interested,6,6
BAD_20180827-034337_71_live,Acknowledgement,Neutral,7,7
BAD_20180827-034337_71_live,Acknowledgement,Neutral,8,8
BAD_20180827-034337_71_live,Non-persuasive Other,Neutral,9,9
BAD_20180827-035930_165_live,Greeting / Rapport,Neutral,0,0
BAD_20180827-035930_165_live,Greeting / Rapport,Neutral,1,1
BAD_20180827-035930_165_live,Acknowledgement,Neutral,2,2
BAD_20180827-035930_165_live,Charity Awareness Probe,Neutral,3,3
BAD_20180827-035930_165_live,Commitment and Consistency,Interested,5,5
BAD_20180827-035930_165_live,Rational Appeal,Neutral,6,6
BAD_20180827-035930_165_live,Social Proof,Neutral,7,7
BAD_20180827-035930_165_live,Acknowledgement,Neutral,9,9
BAD_20180827-041405_104_live,Greeting / Rapport,Not Interested,0,0
BAD_20180827-041405_104_live,Greeting / Rapport,Not Interested,1,1
BAD_20180827-041405_104_live,Qualification / Segmentation,Not Interested,2,2
BAD_20180827-041405_104_live,Charity Awareness Probe,Neutral,3,3
BAD_20180827-041405_104_live,Donation Baseline / Habit Probe,Interested,5,5
BAD_20180827-041405_104_live,Donation Baseline / Habit Probe,Interested,6,6
BAD_20180827-041405_104_live,Acknowledgement,Neutral,7,7
BAD_20180827-041405_104_live,Non-persuasive Other,Neutral,8,8
BAD_20180827-041405_104_live,Non-persuasive Other,Neutral,9,9
BAD_20180827-042633_370_live,Greeting / Rapport,Neutral,0,0
BAD_20180827-042633_370_live,Greeting / Rapport,Neutral,1,1
BAD_20180827-042633_370_live,Greeting / Rapport,Neutral,2,2
BAD_20180827-042633_370_live,Acknowledgement,Neutral,3,3
BAD_20180827-042633_370_live,Donation Baseline / Habit Probe,Interested,5,5
BAD_20180827-042633_370_live,Donation Baseline / Habit Probe,Interested,6,6
BAD_20180827-042633_370_live,Acknowledgement,Neutral,7,7
BAD_20180827-042633_370_live,Greeting / Rapport,Neutral,8,8
BAD_20180827-042633_370_live,Charity Awareness Probe,Neutral,9,9
BAD_20180827-043450_786_live,Greeting / Rapport,Neutral,0,0
BAD_20180827-043450_786_live,Greeting / Rapport,Neutral,1,1
BAD_20180827-043450_786_live,Acknowledgement,Neutral,2,2
BAD_20180827-043450_786_live,Non-persuasive Other,Neutral,3,3
BAD_20180827-043450_786_live,Reciprocity,Interested,5,5
BAD_20180827-043450_786_live,Non-persuasive Other,Interested,6,6
BAD_20180827-043450_786_live,Acknowledgement,Neutral,7,7
BAD_20180827-043450_786_live,Acknowledgement,Neutral,8,8
BAD_20180827-043450_786_live,Non-persuasive Other,Neutral,9,9
BAD_20180827-062539_765_live,Greeting / Rapport,Neutral,0,0
BAD_20180827-062539_765_live,Greeting / Rapport,Neutral,1,1
BAD_20180827-062539_765_live,Acknowledgement,Neutral,2,2
BAD_20180827-062539_765_live,Acknowledgement,Neutral,3,3
BAD_20180827-062539_765_live,Acknowledgement,Neutral,5,5
BAD_20180827-062539_765_live,Donation Baseline / Habit Probe,Interested,6,6
BAD_20180827-062539_765_live,Activation of Personal Commitment,Interested,7,7
BAD_20180827-062539_765_live,Charity Awareness Probe,Neutral,8,8
BAD_20180827-062539_765_live,Logistics / Coordination,Neutral,9,9
